ticker,event,era,td,mean_bps,t,N,hit
SPY,fomc_decision,2000-2012,-5,-9.9,-0.76,104,0.442
SPY,fomc_decision,2000-2012,-4,12.0,1.16,104,0.558
SPY,fomc_decision,2000-2012,-3,-6.9,-0.48,104,0.538
SPY,fomc_decision,2000-2012,-2,-1.2,-0.11,104,0.558
SPY,fomc_decision,2000-2012,-1,3.1,0.18,104,0.538
SPY,fomc_decision,2000-2012,0,39.1,2.98,104,0.625
SPY,fomc_decision,2000-2012,1,-8.8,-0.58,104,0.538
SPY,fomc_decision,2000-2012,2,-0.8,-0.08,104,0.519
SPY,fomc_decision,2000-2012,3,18.1,1.29,104,0.51
SPY,fomc_decision,2000-2012,4,5.4,0.48,104,0.548
SPY,fomc_decision,2000-2012,5,-14.6,-1.16,104,0.471
SPY,fomc_decision,2013-2019,-5,7.6,0.97,56,0.607
SPY,fomc_decision,2013-2019,-4,17.1,2.26,56,0.643
SPY,fomc_decision,2013-2019,-3,-1.5,-0.14,56,0.482
SPY,fomc_decision,2013-2019,-2,-9.0,-1.1,56,0.446
SPY,fomc_decision,2013-2019,-1,20.5,2.59,56,0.643
SPY,fomc_decision,2013-2019,0,3.1,0.3,56,0.5
SPY,fomc_decision,2013-2019,1,-5.2,-0.42,56,0.5
SPY,fomc_decision,2013-2019,2,-4.5,-0.37,56,0.518
SPY,fomc_decision,2013-2019,3,-5.8,-0.39,56,0.482
SPY,fomc_decision,2013-2019,4,1.3,0.09,56,0.464
SPY,fomc_decision,2013-2019,5,9.4,1.35,56,0.571
SPY,fomc_decision,2020+,-5,18.1,1.34,52,0.596
SPY,fomc_decision,2020+,-4,3.6,0.26,52,0.519
SPY,fomc_decision,2020+,-3,1.0,0.06,52,0.519
SPY,fomc_decision,2020+,-2,24.8,1.82,52,0.75
SPY,fomc_decision,2020+,-1,5.8,0.47,52,0.442
SPY,fomc_decision,2020+,0,11.6,0.64,52,0.481
SPY,fomc_decision,2020+,1,-11.9,-0.6,52,0.519
SPY,fomc_decision,2020+,2,-6.4,-0.42,52,0.481
SPY,fomc_decision,2020+,3,22.3,1.41,52,0.596
SPY,fomc_decision,2020+,4,21.9,1.91,52,0.596
SPY,fomc_decision,2020+,5,-2.9,-0.22,52,0.558
SPY,fomc_decision,full,-5,1.6,0.21,212,0.524
SPY,fomc_decision,full,-4,11.3,1.77,212,0.571
SPY,fomc_decision,full,-3,-3.5,-0.42,212,0.519
SPY,fomc_decision,full,-2,3.2,0.5,212,0.575
SPY,fomc_decision,full,-1,8.3,0.9,212,0.542
SPY,fomc_decision,full,0,22.8,2.74,212,0.557
SPY,fomc_decision,full,1,-8.6,-0.91,212,0.524
SPY,fomc_decision,full,2,-3.2,-0.44,212,0.509
SPY,fomc_decision,full,3,12.8,1.46,212,0.524
SPY,fomc_decision,full,4,8.4,1.16,212,0.538
SPY,fomc_decision,full,5,-5.4,-0.75,212,0.519
SPY,fomc_minutes,2000-2012,-5,21.4,1.44,104,0.558
SPY,fomc_minutes,2000-2012,-4,11.0,0.99,104,0.596
SPY,fomc_minutes,2000-2012,-3,-13.5,-1.24,104,0.481
SPY,fomc_minutes,2000-2012,-2,19.9,1.81,104,0.596
SPY,fomc_minutes,2000-2012,-1,-7.0,-0.53,103,0.505
SPY,fomc_minutes,2000-2012,0,-3.8,-0.31,103,0.534
SPY,fomc_minutes,2000-2012,1,-11.2,-0.77,103,0.515
SPY,fomc_minutes,2000-2012,2,-2.6,-0.19,103,0.524
SPY,fomc_minutes,2000-2012,3,3.6,0.25,103,0.553
SPY,fomc_minutes,2000-2012,4,4.3,0.24,103,0.534
SPY,fomc_minutes,2000-2012,5,15.3,1.25,103,0.573
SPY,fomc_minutes,2013-2019,-5,-6.1,-0.5,56,0.589
SPY,fomc_minutes,2013-2019,-4,4.3,0.38,56,0.643
SPY,fomc_minutes,2013-2019,-3,21.2,1.75,56,0.536
SPY,fomc_minutes,2013-2019,-2,13.6,1.48,56,0.607
SPY,fomc_minutes,2013-2019,-1,15.1,1.29,56,0.589
SPY,fomc_minutes,2013-2019,0,17.3,1.85,56,0.643
SPY,fomc_minutes,2013-2019,1,-5.0,-0.42,56,0.536
SPY,fomc_minutes,2013-2019,2,11.7,1.09,56,0.607
SPY,fomc_minutes,2013-2019,3,-14.6,-1.07,56,0.518
SPY,fomc_minutes,2013-2019,4,9.7,1.06,56,0.518
SPY,fomc_minutes,2013-2019,5,13.5,0.99,56,0.589
SPY,fomc_minutes,2020+,-5,1.0,0.06,51,0.569
SPY,fomc_minutes,2020+,-4,-7.0,-0.48,51,0.549
SPY,fomc_minutes,2020+,-3,-6.4,-0.36,51,0.588
SPY,fomc_minutes,2020+,-2,25.1,2.24,51,0.608
SPY,fomc_minutes,2020+,-1,-9.5,-0.81,52,0.442
SPY,fomc_minutes,2020+,0,30.2,1.34,52,0.577
SPY,fomc_minutes,2020+,1,1.5,0.09,52,0.519
SPY,fomc_minutes,2020+,2,13.0,0.9,52,0.577
SPY,fomc_minutes,2020+,3,7.2,0.48,52,0.596
SPY,fomc_minutes,2020+,4,11.2,0.88,52,0.558
SPY,fomc_minutes,2020+,5,17.3,1.64,52,0.558
SPY,fomc_minutes,full,-5,9.2,1.02,211,0.569
SPY,fomc_minutes,full,-4,4.9,0.69,211,0.597
SPY,fomc_minutes,full,-3,-2.6,-0.34,211,0.521
SPY,fomc_minutes,full,-2,19.5,2.99,211,0.602
SPY,fomc_minutes,full,-1,-1.8,-0.23,211,0.512
SPY,fomc_minutes,full,0,10.2,1.19,211,0.573
SPY,fomc_minutes,full,1,-6.4,-0.73,211,0.521
SPY,fomc_minutes,full,2,5.1,0.63,211,0.559
SPY,fomc_minutes,full,3,-0.4,-0.04,211,0.555
SPY,fomc_minutes,full,4,7.4,0.78,211,0.536
SPY,fomc_minutes,full,5,15.3,2.07,211,0.573
SPY,cpi,2000-2012,-5,-9.7,-0.86,155,0.497
SPY,cpi,2000-2012,-4,5.3,0.54,155,0.6
SPY,cpi,2000-2012,-3,8.1,0.58,155,0.516
SPY,cpi,2000-2012,-2,3.7,0.41,155,0.548
SPY,cpi,2000-2012,-1,-8.5,-0.69,155,0.523
SPY,cpi,2000-2012,0,-0.6,-0.05,156,0.564
SPY,cpi,2000-2012,1,-9.6,-0.81,155,0.542
SPY,cpi,2000-2012,2,18.0,1.63,155,0.529
SPY,cpi,2000-2012,3,0.8,0.06,155,0.484
SPY,cpi,2000-2012,4,-13.2,-1.39,155,0.516
SPY,cpi,2000-2012,5,5.5,0.62,155,0.574
SPY,cpi,2013-2019,-5,11.6,1.2,84,0.619
SPY,cpi,2013-2019,-4,9.3,1.09,84,0.643
SPY,cpi,2013-2019,-3,3.1,0.33,84,0.524
SPY,cpi,2013-2019,-2,6.0,0.8,84,0.536
SPY,cpi,2013-2019,-1,9.9,1.14,84,0.548
SPY,cpi,2013-2019,0,14.0,1.79,84,0.583
SPY,cpi,2013-2019,1,14.2,1.48,84,0.571
SPY,cpi,2013-2019,2,2.2,0.26,84,0.583
SPY,cpi,2013-2019,3,6.7,0.74,84,0.643
SPY,cpi,2013-2019,4,-0.9,-0.12,84,0.536
SPY,cpi,2013-2019,5,10.3,1.23,84,0.548
SPY,cpi,2020+,-5,-11.2,-0.77,78,0.436
SPY,cpi,2020+,-4,11.5,0.7,78,0.551
SPY,cpi,2020+,-3,7.6,0.67,78,0.564
SPY,cpi,2020+,-2,4.3,0.29,78,0.615
SPY,cpi,2020+,-1,31.1,1.7,78,0.577
SPY,cpi,2020+,0,-2.9,-0.17,78,0.513
SPY,cpi,2020+,1,-2.2,-0.12,78,0.603
SPY,cpi,2020+,2,30.8,2.03,78,0.603
SPY,cpi,2020+,3,-3.4,-0.2,78,0.564
SPY,cpi,2020+,4,0.4,0.03,78,0.487
SPY,cpi,2020+,5,-25.7,-2.07,78,0.423
SPY,cpi,full,-5,-4.4,-0.63,317,0.514
SPY,cpi,full,-4,7.9,1.19,317,0.599
SPY,cpi,full,-3,6.6,0.86,317,0.53
SPY,cpi,full,-2,4.4,0.74,317,0.562
SPY,cpi,full,-1,6.1,0.78,317,0.543
SPY,cpi,full,0,2.7,0.38,318,0.557
SPY,cpi,full,1,-1.5,-0.19,317,0.565
SPY,cpi,full,2,17.0,2.44,317,0.562
SPY,cpi,full,3,1.3,0.18,317,0.546
SPY,cpi,full,4,-6.6,-1.07,317,0.514
SPY,cpi,full,5,-0.9,-0.16,317,0.53
SPY,nfp,2000-2012,-5,3.4,0.36,154,0.5
SPY,nfp,2000-2012,-4,5.1,0.41,154,0.565
SPY,nfp,2000-2012,-3,10.6,0.97,154,0.532
SPY,nfp,2000-2012,-2,20.9,2.27,153,0.588
SPY,nfp,2000-2012,-1,-6.0,-0.52,155,0.542
SPY,nfp,2000-2012,0,-1.4,-0.13,156,0.526
SPY,nfp,2000-2012,1,-16.3,-1.5,154,0.506
SPY,nfp,2000-2012,2,-1.7,-0.14,154,0.5
SPY,nfp,2000-2012,3,-23.7,-2.37,154,0.494
SPY,nfp,2000-2012,4,7.2,0.6,154,0.571
SPY,nfp,2000-2012,5,-4.8,-0.49,154,0.552
SPY,nfp,2013-2019,-5,7.3,0.99,83,0.518
SPY,nfp,2013-2019,-4,-8.0,-1.01,83,0.458
SPY,nfp,2013-2019,-3,4.1,0.45,83,0.506
SPY,nfp,2013-2019,-2,7.7,0.86,84,0.595
SPY,nfp,2013-2019,-1,6.1,0.76,84,0.619
SPY,nfp,2013-2019,0,26.0,2.55,84,0.667
SPY,nfp,2013-2019,1,1.5,0.16,84,0.56
SPY,nfp,2013-2019,2,-1.0,-0.13,84,0.488
SPY,nfp,2013-2019,3,10.5,1.21,84,0.631
SPY,nfp,2013-2019,4,-1.7,-0.17,84,0.524
SPY,nfp,2013-2019,5,6.0,0.71,84,0.583
SPY,nfp,2020+,-5,7.6,0.53,78,0.59
SPY,nfp,2020+,-4,30.1,2.47,78,0.615
SPY,nfp,2020+,-3,5.9,0.48,78,0.526
SPY,nfp,2020+,-2,21.7,1.57,78,0.615
SPY,nfp,2020+,-1,-6.1,-0.42,78,0.487
SPY,nfp,2020+,0,-4.0,-0.28,78,0.513
SPY,nfp,2020+,1,-9.6,-0.55,78,0.513
SPY,nfp,2020+,2,17.1,1.47,78,0.564
SPY,nfp,2020+,3,27.4,1.45,78,0.59
SPY,nfp,2020+,4,3.8,0.19,78,0.577
SPY,nfp,2020+,5,32.1,2.13,78,0.654
SPY,nfp,full,-5,5.5,0.89,315,0.527
SPY,nfp,full,-4,7.9,1.1,315,0.549
SPY,nfp,full,-3,7.7,1.17,315,0.524
SPY,nfp,full,-2,17.6,2.88,315,0.597
SPY,nfp,full,-1,-2.8,-0.4,317,0.549
SPY,nfp,full,0,5.2,0.76,318,0.56
SPY,nfp,full,1,-9.9,-1.36,316,0.522
SPY,nfp,full,2,3.1,0.47,316,0.513
SPY,nfp,full,3,-2.0,-0.28,316,0.554
SPY,nfp,full,4,4.0,0.5,316,0.56
SPY,nfp,full,5,7.2,1.11,316,0.585
SPY,ppi,2000-2012,-5,2.7,0.25,155,0.535
SPY,ppi,2000-2012,-4,-16.7,-1.48,155,0.51
SPY,ppi,2000-2012,-3,5.3,0.51,155,0.581
SPY,ppi,2000-2012,-2,-1.6,-0.12,155,0.471
SPY,ppi,2000-2012,-1,-3.1,-0.33,155,0.51
SPY,ppi,2000-2012,0,4.7,0.39,156,0.545
SPY,ppi,2000-2012,1,-9.2,-0.79,155,0.542
SPY,ppi,2000-2012,2,4.7,0.4,155,0.574
SPY,ppi,2000-2012,3,12.3,1.07,155,0.542
SPY,ppi,2000-2012,4,4.1,0.36,155,0.497
SPY,ppi,2000-2012,5,-3.9,-0.41,155,0.529
SPY,ppi,2013-2019,-5,14.7,1.53,84,0.595
SPY,ppi,2013-2019,-4,0.2,0.02,84,0.595
SPY,ppi,2013-2019,-3,16.2,2.14,84,0.643
SPY,ppi,2013-2019,-2,2.3,0.24,84,0.548
SPY,ppi,2013-2019,-1,17.2,2.45,84,0.607
SPY,ppi,2013-2019,0,-9.0,-1.0,84,0.476
SPY,ppi,2013-2019,1,12.3,1.53,84,0.595
SPY,ppi,2013-2019,2,16.4,2.37,84,0.56
SPY,ppi,2013-2019,3,10.2,1.15,84,0.595
SPY,ppi,2013-2019,4,12.2,1.32,84,0.643
SPY,ppi,2013-2019,5,-2.1,-0.26,84,0.536
SPY,ppi,2020+,-5,11.3,0.85,78,0.59
SPY,ppi,2020+,-4,5.1,0.4,78,0.513
SPY,ppi,2020+,-3,4.7,0.24,78,0.551
SPY,ppi,2020+,-2,24.8,1.41,78,0.641
SPY,ppi,2020+,-1,-15.8,-1.06,78,0.487
SPY,ppi,2020+,0,-1.6,-0.09,78,0.577
SPY,ppi,2020+,1,43.8,2.92,78,0.615
SPY,ppi,2020+,2,-20.1,-1.12,78,0.474
SPY,ppi,2020+,3,14.6,1.01,78,0.564
SPY,ppi,2020+,4,-22.1,-1.65,78,0.436
SPY,ppi,2020+,5,-3.2,-0.29,78,0.526
SPY,ppi,full,-5,8.0,1.19,317,0.565
SPY,ppi,full,-4,-6.9,-1.0,317,0.533
SPY,ppi,full,-3,8.0,1.11,317,0.59
SPY,ppi,full,-2,5.9,0.71,317,0.533
SPY,ppi,full,-1,-0.9,-0.14,317,0.53
SPY,ppi,full,0,-0.5,-0.06,318,0.535
SPY,ppi,full,1,9.5,1.33,317,0.574
SPY,ppi,full,2,1.7,0.22,317,0.546
SPY,ppi,full,3,12.3,1.75,317,0.562
SPY,ppi,full,4,-0.2,-0.03,317,0.521
SPY,ppi,full,5,-3.2,-0.56,317,0.53
SPY,opex,2000-2012,-5,4.9,0.52,156,0.583
SPY,opex,2000-2012,-4,3.0,0.22,156,0.538
SPY,opex,2000-2012,-3,24.8,2.4,156,0.564
SPY,opex,2000-2012,-2,-7.5,-0.61,156,0.513
SPY,opex,2000-2012,-1,-7.1,-0.64,156,0.558
SPY,opex,2000-2012,0,-8.0,-0.89,156,0.545
SPY,opex,2000-2012,1,-4.8,-0.38,156,0.468
SPY,opex,2000-2012,2,1.9,0.2,156,0.526
SPY,opex,2000-2012,3,-6.2,-0.64,156,0.551
SPY,opex,2000-2012,4,10.0,1.08,156,0.564
SPY,opex,2000-2012,5,1.2,0.11,156,0.532
SPY,opex,2013-2019,-5,0.4,0.05,84,0.56
SPY,opex,2013-2019,-4,7.8,0.87,84,0.595
SPY,opex,2013-2019,-3,25.5,3.61,84,0.619
SPY,opex,2013-2019,-2,8.1,0.88,84,0.619
SPY,opex,2013-2019,-1,9.0,1.01,84,0.536
SPY,opex,2013-2019,0,2.0,0.25,84,0.524
SPY,opex,2013-2019,1,5.0,0.58,84,0.619
SPY,opex,2013-2019,2,4.7,0.5,84,0.548
SPY,opex,2013-2019,3,6.1,0.75,84,0.512
SPY,opex,2013-2019,4,12.8,1.52,84,0.512
SPY,opex,2013-2019,5,-10.6,-1.2,84,0.488
SPY,opex,2020+,-5,17.5,1.05,79,0.582
SPY,opex,2020+,-4,8.4,0.48,79,0.671
SPY,opex,2020+,-3,16.7,1.22,79,0.494
SPY,opex,2020+,-2,-20.0,-1.56,79,0.506
SPY,opex,2020+,-1,-6.9,-0.64,79,0.456
SPY,opex,2020+,0,-14.9,-1.28,79,0.418
SPY,opex,2020+,1,4.3,0.33,79,0.57
SPY,opex,2020+,2,27.2,1.71,79,0.57
SPY,opex,2020+,3,11.6,1.06,79,0.633
SPY,opex,2020+,4,-1.5,-0.1,79,0.519
SPY,opex,2020+,5,12.5,0.95,79,0.582
SPY,opex,full,-5,6.8,1.03,319,0.577
SPY,opex,full,-4,5.6,0.67,319,0.586
SPY,opex,full,-3,23.0,3.61,319,0.561
SPY,opex,full,-2,-6.5,-0.89,319,0.539
SPY,opex,full,-1,-2.8,-0.43,319,0.527
SPY,opex,full,0,-7.1,-1.24,319,0.508
SPY,opex,full,1,0.0,0.01,319,0.533
SPY,opex,full,2,8.9,1.36,319,0.542
SPY,opex,full,3,1.4,0.24,319,0.561
SPY,opex,full,4,7.9,1.27,319,0.539
SPY,opex,full,5,0.9,0.13,319,0.533
SPY,quad_witching,2000-2012,-5,10.2,0.8,52,0.673
SPY,quad_witching,2000-2012,-4,-19.4,-0.86,52,0.538
SPY,quad_witching,2000-2012,-3,33.8,1.87,52,0.558
SPY,quad_witching,2000-2012,-2,-11.2,-0.6,52,0.481
SPY,quad_witching,2000-2012,-1,3.0,0.16,52,0.596
SPY,quad_witching,2000-2012,0,-0.7,-0.05,52,0.596
SPY,quad_witching,2000-2012,1,7.1,0.33,52,0.442
SPY,quad_witching,2000-2012,2,-7.7,-0.51,52,0.558
SPY,quad_witching,2000-2012,3,-18.3,-1.32,52,0.5
SPY,quad_witching,2000-2012,4,-6.3,-0.38,52,0.481
SPY,quad_witching,2000-2012,5,2.7,0.17,52,0.481
SPY,quad_witching,2013-2019,-5,-20.1,-1.12,28,0.429
SPY,quad_witching,2013-2019,-4,17.2,1.22,28,0.571
SPY,quad_witching,2013-2019,-3,18.9,1.65,28,0.643
SPY,quad_witching,2013-2019,-2,23.9,1.53,28,0.643
SPY,quad_witching,2013-2019,-1,8.7,0.5,28,0.5
SPY,quad_witching,2013-2019,0,-15.5,-1.16,28,0.429
SPY,quad_witching,2013-2019,1,-8.6,-0.61,28,0.5
SPY,quad_witching,2013-2019,2,2.3,0.11,28,0.5
SPY,quad_witching,2013-2019,3,9.7,0.82,28,0.5
SPY,quad_witching,2013-2019,4,-9.8,-0.71,28,0.321
SPY,quad_witching,2013-2019,5,-21.3,-1.2,28,0.5
SPY,quad_witching,2020+,-5,28.9,0.75,26,0.577
SPY,quad_witching,2020+,-4,-22.2,-0.47,26,0.654
SPY,quad_witching,2020+,-3,33.8,1.07,26,0.538
SPY,quad_witching,2020+,-2,-23.0,-0.8,26,0.462
SPY,quad_witching,2020+,-1,-4.4,-0.19,26,0.462
SPY,quad_witching,2020+,0,-53.3,-2.55,26,0.231
SPY,quad_witching,2020+,1,16.1,0.72,26,0.615
SPY,quad_witching,2020+,2,62.3,1.71,26,0.615
SPY,quad_witching,2020+,3,-22.0,-0.99,26,0.538
SPY,quad_witching,2020+,4,35.2,1.16,26,0.615
SPY,quad_witching,2020+,5,-12.8,-0.53,26,0.5
SPY,quad_witching,full,-5,6.8,0.56,106,0.585
SPY,quad_witching,full,-4,-10.4,-0.63,106,0.575
SPY,quad_witching,full,-3,29.9,2.47,106,0.575
SPY,quad_witching,full,-2,-4.8,-0.39,106,0.519
SPY,quad_witching,full,-1,2.7,0.24,106,0.538
SPY,quad_witching,full,0,-17.5,-1.76,106,0.462
SPY,quad_witching,full,1,5.1,0.42,106,0.5
SPY,quad_witching,full,2,12.1,0.93,106,0.557
SPY,quad_witching,full,3,-11.8,-1.28,106,0.509
SPY,quad_witching,full,4,2.9,0.25,106,0.472
SPY,quad_witching,full,5,-7.5,-0.69,106,0.491
SPY,jackson_hole,2000-2012,-5,-2.8,-0.09,13,0.538
SPY,jackson_hole,2000-2012,-4,-37.8,-1.62,13,0.385
SPY,jackson_hole,2000-2012,-3,-26.5,-0.7,13,0.308
SPY,jackson_hole,2000-2012,-2,15.7,0.53,13,0.692
SPY,jackson_hole,2000-2012,-1,-20.4,-0.89,13,0.462
SPY,jackson_hole,2000-2012,0,66.2,2.98,13,0.769
SPY,jackson_hole,2000-2012,1,-15.7,-0.34,13,0.462
SPY,jackson_hole,2000-2012,2,16.6,1.1,13,0.692
SPY,jackson_hole,2000-2012,3,29.7,0.77,13,0.769
SPY,jackson_hole,2000-2012,4,12.7,0.42,13,0.538
SPY,jackson_hole,2000-2012,5,-1.7,-0.06,13,0.462
SPY,jackson_hole,2013-2019,-5,-26.2,-0.51,7,0.286
SPY,jackson_hole,2013-2019,-4,-36.0,-0.53,7,0.571
SPY,jackson_hole,2013-2019,-3,7.9,0.27,7,0.714
SPY,jackson_hole,2013-2019,-2,48.2,0.82,7,0.429
SPY,jackson_hole,2013-2019,-1,45.9,1.25,7,0.429
SPY,jackson_hole,2013-2019,0,-24.8,-0.62,7,0.571
SPY,jackson_hole,2013-2019,1,24.6,0.97,7,0.714
SPY,jackson_hole,2013-2019,2,-70.3,-1.59,7,0.429
SPY,jackson_hole,2013-2019,3,52.1,1.97,7,0.714
SPY,jackson_hole,2013-2019,4,23.6,1.14,7,0.714
SPY,jackson_hole,2013-2019,5,-14.2,-0.58,7,0.571
SPY,jackson_hole,2020+,-5,-3.3,-0.11,6,0.667
SPY,jackson_hole,2020+,-4,12.3,0.26,6,0.667
SPY,jackson_hole,2020+,-3,-0.8,-0.03,6,0.333
SPY,jackson_hole,2020+,-2,34.5,1.91,6,0.833
SPY,jackson_hole,2020+,-1,-12.5,-0.28,6,0.333
SPY,jackson_hole,2020+,0,17.2,0.23,6,0.833
SPY,jackson_hole,2020+,1,6.3,0.27,6,0.5
SPY,jackson_hole,2020+,2,6.6,0.19,6,0.5
SPY,jackson_hole,2020+,3,4.9,0.19,6,0.667
SPY,jackson_hole,2020+,4,38.1,1.67,6,0.833
SPY,jackson_hole,2020+,5,-66.3,-1.06,6,0.333
SPY,jackson_hole,full,-5,-9.2,-0.43,26,0.5
SPY,jackson_hole,full,-4,-25.8,-1.1,26,0.5
SPY,jackson_hole,full,-3,-11.3,-0.54,26,0.423
SPY,jackson_hole,full,-2,28.8,1.34,26,0.654
SPY,jackson_hole,full,-1,-0.7,-0.04,26,0.423
SPY,jackson_hole,full,0,30.4,1.32,26,0.731
SPY,jackson_hole,full,1,0.2,0.01,26,0.538
SPY,jackson_hole,full,2,-9.1,-0.53,26,0.577
SPY,jackson_hole,full,3,30.0,1.43,26,0.731
SPY,jackson_hole,full,4,21.5,1.3,26,0.654
SPY,jackson_hole,full,5,-20.0,-0.95,26,0.462
QQQ,fomc_decision,2000-2012,-5,-14.7,-0.75,104,0.452
QQQ,fomc_decision,2000-2012,-4,-23.2,-1.37,104,0.462
QQQ,fomc_decision,2000-2012,-3,-17.9,-0.9,104,0.481
QQQ,fomc_decision,2000-2012,-2,-1.8,-0.13,104,0.606
QQQ,fomc_decision,2000-2012,-1,3.6,0.18,104,0.529
QQQ,fomc_decision,2000-2012,0,39.4,2.06,104,0.635
QQQ,fomc_decision,2000-2012,1,7.2,0.3,104,0.5
QQQ,fomc_decision,2000-2012,2,4.2,0.27,104,0.548
QQQ,fomc_decision,2000-2012,3,6.4,0.35,104,0.5
QQQ,fomc_decision,2000-2012,4,7.4,0.43,104,0.596
QQQ,fomc_decision,2000-2012,5,-14.8,-0.74,104,0.51
QQQ,fomc_decision,2013-2019,-5,12.9,1.32,56,0.589
QQQ,fomc_decision,2013-2019,-4,17.7,1.64,56,0.607
QQQ,fomc_decision,2013-2019,-3,0.7,0.04,56,0.5
QQQ,fomc_decision,2013-2019,-2,-11.0,-1.07,56,0.5
QQQ,fomc_decision,2013-2019,-1,21.9,1.98,56,0.625
QQQ,fomc_decision,2013-2019,0,6.2,0.52,56,0.536
QQQ,fomc_decision,2013-2019,1,-0.2,-0.01,56,0.5
QQQ,fomc_decision,2013-2019,2,-13.3,-0.88,56,0.429
QQQ,fomc_decision,2013-2019,3,3.7,0.22,56,0.661
QQQ,fomc_decision,2013-2019,4,-0.3,-0.02,56,0.536
QQQ,fomc_decision,2013-2019,5,5.4,0.58,56,0.554
QQQ,fomc_decision,2020+,-5,22.8,1.12,52,0.596
QQQ,fomc_decision,2020+,-4,1.7,0.08,52,0.538
QQQ,fomc_decision,2020+,-3,-4.4,-0.22,52,0.519
QQQ,fomc_decision,2020+,-2,28.7,1.52,52,0.731
QQQ,fomc_decision,2020+,-1,4.6,0.25,52,0.538
QQQ,fomc_decision,2020+,0,34.8,1.44,52,0.577
QQQ,fomc_decision,2020+,1,-13.2,-0.52,52,0.538
QQQ,fomc_decision,2020+,2,-1.0,-0.05,52,0.519
QQQ,fomc_decision,2020+,3,31.5,1.54,52,0.577
QQQ,fomc_decision,2020+,4,33.7,1.96,52,0.596
QQQ,fomc_decision,2020+,5,-9.5,-0.52,52,0.538
QQQ,fomc_decision,full,-5,1.8,0.16,212,0.524
QQQ,fomc_decision,full,-4,-6.3,-0.62,212,0.519
QQQ,fomc_decision,full,-3,-9.7,-0.84,212,0.495
QQQ,fomc_decision,full,-2,3.2,0.38,212,0.608
QQQ,fomc_decision,full,-1,8.7,0.78,212,0.557
QQQ,fomc_decision,full,0,29.5,2.56,212,0.594
QQQ,fomc_decision,full,1,0.3,0.02,212,0.509
QQQ,fomc_decision,full,2,-1.7,-0.17,212,0.509
QQQ,fomc_decision,full,3,11.9,1.05,212,0.561
QQQ,fomc_decision,full,4,11.8,1.13,212,0.58
QQQ,fomc_decision,full,5,-8.2,-0.74,212,0.528
QQQ,fomc_minutes,2000-2012,-5,19.3,0.95,104,0.548
QQQ,fomc_minutes,2000-2012,-4,-5.4,-0.35,104,0.538
QQQ,fomc_minutes,2000-2012,-3,-6.9,-0.44,104,0.529
QQQ,fomc_minutes,2000-2012,-2,16.7,0.91,104,0.587
QQQ,fomc_minutes,2000-2012,-1,17.4,0.84,103,0.515
QQQ,fomc_minutes,2000-2012,0,-9.6,-0.54,103,0.553
QQQ,fomc_minutes,2000-2012,1,-3.5,-0.19,103,0.505
QQQ,fomc_minutes,2000-2012,2,-8.0,-0.47,103,0.485
QQQ,fomc_minutes,2000-2012,3,4.2,0.2,103,0.553
QQQ,fomc_minutes,2000-2012,4,-7.7,-0.35,103,0.466
QQQ,fomc_minutes,2000-2012,5,18.9,0.96,103,0.573
QQQ,fomc_minutes,2013-2019,-5,-0.6,-0.04,56,0.607
QQQ,fomc_minutes,2013-2019,-4,6.4,0.49,56,0.554
QQQ,fomc_minutes,2013-2019,-3,23.2,1.49,56,0.589
QQQ,fomc_minutes,2013-2019,-2,9.1,0.84,56,0.536
QQQ,fomc_minutes,2013-2019,-1,21.4,1.43,56,0.625
QQQ,fomc_minutes,2013-2019,0,30.0,2.6,56,0.625
QQQ,fomc_minutes,2013-2019,1,-11.2,-0.74,56,0.482
QQQ,fomc_minutes,2013-2019,2,18.0,1.27,56,0.643
QQQ,fomc_minutes,2013-2019,3,0.3,0.02,56,0.643
QQQ,fomc_minutes,2013-2019,4,16.0,1.34,56,0.571
QQQ,fomc_minutes,2013-2019,5,13.0,0.73,56,0.589
QQQ,fomc_minutes,2020+,-5,5.4,0.26,51,0.549
QQQ,fomc_minutes,2020+,-4,0.1,0.0,51,0.569
QQQ,fomc_minutes,2020+,-3,-21.3,-0.97,51,0.51
QQQ,fomc_minutes,2020+,-2,30.3,2.33,51,0.647
QQQ,fomc_minutes,2020+,-1,-18.4,-1.09,52,0.423
QQQ,fomc_minutes,2020+,0,34.1,1.26,52,0.577
QQQ,fomc_minutes,2020+,1,13.8,0.67,52,0.5
QQQ,fomc_minutes,2020+,2,8.8,0.45,52,0.538
QQQ,fomc_minutes,2020+,3,11.1,0.54,52,0.577
QQQ,fomc_minutes,2020+,4,20.8,1.32,52,0.615
QQQ,fomc_minutes,2020+,5,26.4,1.66,52,0.635
QQQ,fomc_minutes,full,-5,10.7,0.9,211,0.564
QQQ,fomc_minutes,full,-4,-0.9,-0.1,211,0.55
QQQ,fomc_minutes,full,-3,-2.4,-0.23,211,0.54
QQQ,fomc_minutes,full,-2,18.0,1.81,211,0.588
QQQ,fomc_minutes,full,-1,9.7,0.83,211,0.521
QQQ,fomc_minutes,full,0,11.7,1.03,211,0.578
QQQ,fomc_minutes,full,1,-1.3,-0.11,211,0.498
QQQ,fomc_minutes,full,2,3.0,0.3,211,0.54
QQQ,fomc_minutes,full,3,4.9,0.41,211,0.583
QQQ,fomc_minutes,full,4,5.6,0.47,211,0.531
QQQ,fomc_minutes,full,5,19.2,1.68,211,0.592
QQQ,cpi,2000-2012,-5,-6.0,-0.36,155,0.458
QQQ,cpi,2000-2012,-4,13.6,0.83,155,0.581
QQQ,cpi,2000-2012,-3,15.0,0.89,155,0.529
QQQ,cpi,2000-2012,-2,-7.7,-0.5,155,0.523
QQQ,cpi,2000-2012,-1,-12.1,-0.68,155,0.535
QQQ,cpi,2000-2012,0,3.5,0.24,156,0.545
QQQ,cpi,2000-2012,1,3.8,0.2,155,0.497
QQQ,cpi,2000-2012,2,10.4,0.66,155,0.561
QQQ,cpi,2000-2012,3,2.7,0.18,155,0.516
QQQ,cpi,2000-2012,4,-26.9,-1.74,155,0.503
QQQ,cpi,2000-2012,5,5.4,0.34,155,0.529
QQQ,cpi,2013-2019,-5,20.2,1.71,84,0.655
QQQ,cpi,2013-2019,-4,11.6,1.08,84,0.595
QQQ,cpi,2013-2019,-3,-1.5,-0.13,84,0.524
QQQ,cpi,2013-2019,-2,9.7,0.94,84,0.607
QQQ,cpi,2013-2019,-1,13.4,1.24,84,0.548
QQQ,cpi,2013-2019,0,23.8,2.76,84,0.643
QQQ,cpi,2013-2019,1,17.5,1.5,84,0.536
QQQ,cpi,2013-2019,2,2.1,0.2,84,0.548
QQQ,cpi,2013-2019,3,8.5,0.75,84,0.667
QQQ,cpi,2013-2019,4,7.8,0.89,84,0.524
QQQ,cpi,2013-2019,5,11.1,1.01,84,0.56
QQQ,cpi,2020+,-5,-22.3,-1.17,78,0.436
QQQ,cpi,2020+,-4,14.6,0.73,78,0.628
QQQ,cpi,2020+,-3,1.3,0.08,78,0.59
QQQ,cpi,2020+,-2,-1.9,-0.11,78,0.603
QQQ,cpi,2020+,-1,38.8,1.69,78,0.538
QQQ,cpi,2020+,0,14.7,0.72,78,0.564
QQQ,cpi,2020+,1,4.2,0.2,78,0.641
QQQ,cpi,2020+,2,35.0,1.98,78,0.641
QQQ,cpi,2020+,3,4.5,0.22,78,0.564
QQQ,cpi,2020+,4,-0.9,-0.05,78,0.5
QQQ,cpi,2020+,5,-23.9,-1.7,78,0.397
QQQ,cpi,full,-5,-3.1,-0.31,317,0.505
QQQ,cpi,full,-4,13.3,1.36,317,0.596
QQQ,cpi,full,-3,7.2,0.76,317,0.543
QQQ,cpi,full,-2,-1.6,-0.18,317,0.565
QQQ,cpi,full,-1,7.2,0.67,317,0.539
QQQ,cpi,full,0,11.6,1.28,318,0.575
QQQ,cpi,full,1,7.5,0.69,317,0.543
QQQ,cpi,full,2,14.2,1.53,317,0.577
QQQ,cpi,full,3,4.7,0.5,317,0.568
QQQ,cpi,full,4,-11.3,-1.23,317,0.508
QQQ,cpi,full,5,-0.3,-0.03,317,0.505
QQQ,nfp,2000-2012,-5,-5.1,-0.36,154,0.448
QQQ,nfp,2000-2012,-4,1.6,0.11,154,0.545
QQQ,nfp,2000-2012,-3,9.8,0.54,154,0.539
QQQ,nfp,2000-2012,-2,11.2,0.77,153,0.562
QQQ,nfp,2000-2012,-1,11.1,0.55,155,0.606
QQQ,nfp,2000-2012,0,1.9,0.11,156,0.487
QQQ,nfp,2000-2012,1,-16.6,-1.05,154,0.494
QQQ,nfp,2000-2012,2,-12.3,-0.72,154,0.487
QQQ,nfp,2000-2012,3,-27.4,-1.71,154,0.481
QQQ,nfp,2000-2012,4,17.9,1.04,154,0.539
QQQ,nfp,2000-2012,5,-10.2,-0.68,154,0.506
QQQ,nfp,2013-2019,-5,11.1,1.16,83,0.554
QQQ,nfp,2013-2019,-4,-15.9,-1.61,83,0.518
QQQ,nfp,2013-2019,-3,12.1,1.07,83,0.566
QQQ,nfp,2013-2019,-2,16.2,1.44,84,0.619
QQQ,nfp,2013-2019,-1,0.4,0.04,84,0.548
QQQ,nfp,2013-2019,0,25.5,1.92,84,0.631
QQQ,nfp,2013-2019,1,9.4,0.87,84,0.607
QQQ,nfp,2013-2019,2,5.5,0.59,84,0.56
QQQ,nfp,2013-2019,3,14.9,1.32,84,0.595
QQQ,nfp,2013-2019,4,-5.2,-0.46,84,0.476
QQQ,nfp,2013-2019,5,1.5,0.14,84,0.56
QQQ,nfp,2020+,-5,12.5,0.71,78,0.564
QQQ,nfp,2020+,-4,46.1,2.98,78,0.667
QQQ,nfp,2020+,-3,10.3,0.68,78,0.526
QQQ,nfp,2020+,-2,28.9,1.57,78,0.615
QQQ,nfp,2020+,-1,-8.6,-0.44,78,0.526
QQQ,nfp,2020+,0,-17.5,-0.93,78,0.526
QQQ,nfp,2020+,1,-14.6,-0.7,78,0.59
QQQ,nfp,2020+,2,21.9,1.38,78,0.526
QQQ,nfp,2020+,3,39.2,1.75,78,0.603
QQQ,nfp,2020+,4,15.1,0.69,78,0.641
QQQ,nfp,2020+,5,36.4,2.1,78,0.654
QQQ,nfp,full,-5,3.5,0.41,315,0.505
QQQ,nfp,full,-4,8.0,0.91,315,0.568
QQQ,nfp,full,-3,10.5,1.05,315,0.543
QQQ,nfp,full,-2,16.9,1.9,315,0.59
QQQ,nfp,full,-1,3.4,0.3,317,0.571
QQQ,nfp,full,0,3.4,0.32,318,0.535
QQQ,nfp,full,1,-9.2,-0.95,316,0.547
QQQ,nfp,full,2,0.9,0.09,316,0.516
QQQ,nfp,full,3,0.3,0.03,316,0.541
QQQ,nfp,full,4,11.1,1.06,316,0.547
QQQ,nfp,full,5,4.4,0.49,316,0.557
QQQ,ppi,2000-2012,-5,9.5,0.58,155,0.516
QQQ,ppi,2000-2012,-4,-26.3,-1.68,155,0.497
QQQ,ppi,2000-2012,-3,6.4,0.38,155,0.548
QQQ,ppi,2000-2012,-2,-0.0,-0.0,155,0.477
QQQ,ppi,2000-2012,-1,-6.9,-0.42,155,0.523
QQQ,ppi,2000-2012,0,1.9,0.11,156,0.506
QQQ,ppi,2000-2012,1,-7.3,-0.46,155,0.516
QQQ,ppi,2000-2012,2,15.2,0.93,155,0.542
QQQ,ppi,2000-2012,3,10.1,0.56,155,0.555
QQQ,ppi,2000-2012,4,25.8,1.52,155,0.548
QQQ,ppi,2000-2012,5,-15.6,-1.19,155,0.497
QQQ,ppi,2013-2019,-5,9.4,0.82,84,0.583
QQQ,ppi,2013-2019,-4,1.5,0.14,84,0.631
QQQ,ppi,2013-2019,-3,22.9,2.44,84,0.631
QQQ,ppi,2013-2019,-2,4.9,0.39,84,0.548
QQQ,ppi,2013-2019,-1,20.8,2.26,84,0.595
QQQ,ppi,2013-2019,0,-6.0,-0.52,84,0.488
QQQ,ppi,2013-2019,1,14.4,1.58,84,0.607
QQQ,ppi,2013-2019,2,24.2,2.7,84,0.607
QQQ,ppi,2013-2019,3,10.3,1.05,84,0.583
QQQ,ppi,2013-2019,4,15.7,1.35,84,0.655
QQQ,ppi,2013-2019,5,4.1,0.4,84,0.548
QQQ,ppi,2020+,-5,15.7,0.97,78,0.654
QQQ,ppi,2020+,-4,-6.4,-0.37,78,0.513
QQQ,ppi,2020+,-3,10.8,0.45,78,0.577
QQQ,ppi,2020+,-2,31.0,1.4,78,0.628
QQQ,ppi,2020+,-1,-5.9,-0.32,78,0.538
QQQ,ppi,2020+,0,0.7,0.04,78,0.564
QQQ,ppi,2020+,1,47.9,2.65,78,0.603
QQQ,ppi,2020+,2,-18.2,-0.82,78,0.526
QQQ,ppi,2020+,3,18.8,1.02,78,0.577
QQQ,ppi,2020+,4,-25.5,-1.69,78,0.372
QQQ,ppi,2020+,5,1.8,0.13,78,0.526
QQQ,ppi,full,-5,11.0,1.16,317,0.568
QQQ,ppi,full,-4,-14.0,-1.52,317,0.536
QQQ,ppi,full,-3,11.9,1.14,317,0.577
QQQ,ppi,full,-2,8.9,0.82,317,0.533
QQQ,ppi,full,-1,0.7,0.07,317,0.546
QQQ,ppi,full,0,-0.5,-0.05,318,0.516
QQQ,ppi,full,1,12.1,1.31,317,0.562
QQQ,ppi,full,2,9.4,0.94,317,0.555
QQQ,ppi,full,3,12.3,1.21,317,0.568
QQQ,ppi,full,4,10.5,1.09,317,0.533
QQQ,ppi,full,5,-6.1,-0.78,317,0.517
QQQ,opex,2000-2012,-5,4.2,0.28,156,0.551
QQQ,opex,2000-2012,-4,1.5,0.08,156,0.538
QQQ,opex,2000-2012,-3,36.3,2.23,156,0.596
QQQ,opex,2000-2012,-2,-10.3,-0.59,156,0.506
QQQ,opex,2000-2012,-1,-2.1,-0.13,156,0.494
QQQ,opex,2000-2012,0,-22.1,-1.81,156,0.506
QQQ,opex,2000-2012,1,-11.1,-0.67,156,0.513
QQQ,opex,2000-2012,2,-9.9,-0.63,156,0.481
QQQ,opex,2000-2012,3,10.2,0.71,156,0.558
QQQ,opex,2000-2012,4,11.1,0.74,156,0.526
QQQ,opex,2000-2012,5,2.9,0.19,156,0.506
QQQ,opex,2013-2019,-5,-1.6,-0.14,84,0.56
QQQ,opex,2013-2019,-4,6.2,0.56,84,0.595
QQQ,opex,2013-2019,-3,37.0,4.07,84,0.667
QQQ,opex,2013-2019,-2,10.6,0.99,84,0.607
QQQ,opex,2013-2019,-1,9.4,0.87,84,0.571
QQQ,opex,2013-2019,0,-8.2,-0.74,84,0.452
QQQ,opex,2013-2019,1,15.2,1.43,84,0.69
QQQ,opex,2013-2019,2,8.7,0.77,84,0.56
QQQ,opex,2013-2019,3,9.0,0.8,84,0.536
QQQ,opex,2013-2019,4,23.8,2.2,84,0.571
QQQ,opex,2013-2019,5,-9.2,-0.76,84,0.476
QQQ,opex,2020+,-5,12.8,0.66,79,0.608
QQQ,opex,2020+,-4,17.4,0.81,79,0.658
QQQ,opex,2020+,-3,29.2,1.59,79,0.557
QQQ,opex,2020+,-2,-14.8,-1.01,79,0.506
QQQ,opex,2020+,-1,-8.2,-0.51,79,0.468
QQQ,opex,2020+,0,-22.2,-1.64,79,0.405
QQQ,opex,2020+,1,10.6,0.68,79,0.62
QQQ,opex,2020+,2,28.8,1.68,79,0.557
QQQ,opex,2020+,3,17.3,1.16,79,0.62
QQQ,opex,2020+,4,-13.2,-0.72,79,0.443
QQQ,opex,2020+,5,18.8,1.14,79,0.646
QQQ,opex,full,-5,4.8,0.52,319,0.567
QQQ,opex,full,-4,6.7,0.63,319,0.583
QQQ,opex,full,-3,34.7,3.68,319,0.605
QQQ,opex,full,-2,-5.9,-0.61,319,0.533
QQQ,opex,full,-1,-0.6,-0.06,319,0.508
QQQ,opex,full,0,-18.4,-2.48,319,0.467
QQQ,opex,full,1,1.2,0.13,319,0.586
QQQ,opex,full,2,4.6,0.49,319,0.52
QQQ,opex,full,3,11.6,1.38,319,0.567
QQQ,opex,full,4,8.4,0.92,319,0.517
QQQ,opex,full,5,3.7,0.41,319,0.533
QQQ,quad_witching,2000-2012,-5,-1.4,-0.06,52,0.615
QQQ,quad_witching,2000-2012,-4,-31.4,-0.89,52,0.462
QQQ,quad_witching,2000-2012,-3,36.5,1.43,52,0.596
QQQ,quad_witching,2000-2012,-2,-54.3,-2.12,52,0.442
QQQ,quad_witching,2000-2012,-1,-22.1,-0.81,52,0.462
QQQ,quad_witching,2000-2012,0,7.2,0.41,52,0.596
QQQ,quad_witching,2000-2012,1,3.6,0.12,52,0.519
QQQ,quad_witching,2000-2012,2,-11.0,-0.42,52,0.481
QQQ,quad_witching,2000-2012,3,-2.0,-0.09,52,0.538
QQQ,quad_witching,2000-2012,4,-4.0,-0.14,52,0.442
QQQ,quad_witching,2000-2012,5,-0.3,-0.01,52,0.385
QQQ,quad_witching,2013-2019,-5,-37.9,-1.79,28,0.393
QQQ,quad_witching,2013-2019,-4,15.5,0.83,28,0.607
QQQ,quad_witching,2013-2019,-3,29.0,2.07,28,0.679
QQQ,quad_witching,2013-2019,-2,22.9,1.46,28,0.607
QQQ,quad_witching,2013-2019,-1,15.7,0.87,28,0.571
QQQ,quad_witching,2013-2019,0,-30.8,-1.79,28,0.321
QQQ,quad_witching,2013-2019,1,-1.1,-0.07,28,0.607
QQQ,quad_witching,2013-2019,2,4.7,0.18,28,0.536
QQQ,quad_witching,2013-2019,3,17.2,1.16,28,0.643
QQQ,quad_witching,2013-2019,4,-10.6,-0.64,28,0.393
QQQ,quad_witching,2013-2019,5,-32.5,-1.56,28,0.393
QQQ,quad_witching,2020+,-5,19.7,0.47,26,0.577
QQQ,quad_witching,2020+,-4,-8.8,-0.16,26,0.654
QQQ,quad_witching,2020+,-3,48.8,1.13,26,0.654
QQQ,quad_witching,2020+,-2,-1.6,-0.05,26,0.538
QQQ,quad_witching,2020+,-1,-9.1,-0.26,26,0.5
QQQ,quad_witching,2020+,0,-35.5,-1.53,26,0.308
QQQ,quad_witching,2020+,1,25.2,1.01,26,0.692
QQQ,quad_witching,2020+,2,72.8,2.18,26,0.654
QQQ,quad_witching,2020+,3,-30.8,-1.23,26,0.5
QQQ,quad_witching,2020+,4,27.2,0.82,26,0.577
QQQ,quad_witching,2020+,5,-25.0,-0.88,26,0.5
QQQ,quad_witching,full,-5,-5.9,-0.37,106,0.547
QQQ,quad_witching,full,-4,-13.5,-0.6,106,0.547
QQQ,quad_witching,full,-3,37.5,2.25,106,0.632
QQQ,quad_witching,full,-2,-21.0,-1.35,106,0.509
QQQ,quad_witching,full,-1,-8.9,-0.54,106,0.5
QQQ,quad_witching,full,0,-13.3,-1.17,106,0.453
QQQ,quad_witching,full,1,7.6,0.48,106,0.585
QQQ,quad_witching,full,2,13.7,0.81,106,0.538
QQQ,quad_witching,full,3,-4.0,-0.3,106,0.557
QQQ,quad_witching,full,4,1.9,0.11,106,0.462
QQQ,quad_witching,full,5,-14.9,-0.98,106,0.415
QQQ,jackson_hole,2000-2012,-5,3.4,0.06,13,0.462
QQQ,jackson_hole,2000-2012,-4,-37.3,-1.42,13,0.615
QQQ,jackson_hole,2000-2012,-3,-51.8,-0.93,13,0.308
QQQ,jackson_hole,2000-2012,-2,21.7,0.48,13,0.615
QQQ,jackson_hole,2000-2012,-1,-19.1,-0.47,13,0.538
QQQ,jackson_hole,2000-2012,0,68.1,2.49,13,0.769
QQQ,jackson_hole,2000-2012,1,-30.2,-0.57,13,0.462
QQQ,jackson_hole,2000-2012,2,-0.8,-0.06,13,0.462
QQQ,jackson_hole,2000-2012,3,16.7,0.34,13,0.615
QQQ,jackson_hole,2000-2012,4,39.4,1.0,13,0.462
QQQ,jackson_hole,2000-2012,5,-6.9,-0.17,13,0.538
QQQ,jackson_hole,2013-2019,-5,-34.2,-0.48,7,0.429
QQQ,jackson_hole,2013-2019,-4,-25.7,-0.4,7,0.429
QQQ,jackson_hole,2013-2019,-3,27.4,0.99,7,0.714
QQQ,jackson_hole,2013-2019,-2,70.9,0.95,7,0.429
QQQ,jackson_hole,2013-2019,-1,39.9,1.01,7,0.429
QQQ,jackson_hole,2013-2019,0,-21.4,-0.42,7,0.571
QQQ,jackson_hole,2013-2019,1,30.6,0.94,7,0.857
QQQ,jackson_hole,2013-2019,2,-72.4,-1.44,7,0.429
QQQ,jackson_hole,2013-2019,3,83.0,2.17,7,0.857
QQQ,jackson_hole,2013-2019,4,39.8,1.43,7,0.571
QQQ,jackson_hole,2013-2019,5,-19.8,-0.93,7,0.429
QQQ,jackson_hole,2020+,-5,0.6,0.01,6,0.5
QQQ,jackson_hole,2020+,-4,40.7,0.62,6,0.667
QQQ,jackson_hole,2020+,-3,-14.4,-0.52,6,0.333
QQQ,jackson_hole,2020+,-2,44.0,1.49,6,0.833
QQQ,jackson_hole,2020+,-1,-15.3,-0.21,6,0.333
QQQ,jackson_hole,2020+,0,-0.6,-0.01,6,0.667
QQQ,jackson_hole,2020+,1,2.3,0.06,6,0.5
QQQ,jackson_hole,2020+,2,41.5,0.94,6,0.667
QQQ,jackson_hole,2020+,3,14.5,0.36,6,0.667
QQQ,jackson_hole,2020+,4,28.7,1.65,6,0.667
QQQ,jackson_hole,2020+,5,-104.1,-1.16,6,0.333
QQQ,jackson_hole,full,-5,-7.4,-0.21,26,0.462
QQQ,jackson_hole,full,-4,-16.2,-0.62,26,0.577
QQQ,jackson_hole,full,-3,-21.9,-0.74,26,0.423
QQQ,jackson_hole,full,-2,40.1,1.34,26,0.615
QQQ,jackson_hole,full,-1,-2.3,-0.09,26,0.462
QQQ,jackson_hole,full,0,28.1,1.02,26,0.692
QQQ,jackson_hole,full,1,-6.3,-0.22,26,0.577
QQQ,jackson_hole,full,2,-10.3,-0.54,26,0.5
QQQ,jackson_hole,full,3,34.1,1.2,26,0.692
QQQ,jackson_hole,full,4,37.0,1.77,26,0.538
QQQ,jackson_hole,full,5,-32.8,-1.14,26,0.462
IWM,fomc_decision,2000-2012,-5,-5.3,-0.33,101,0.465
IWM,fomc_decision,2000-2012,-4,1.1,0.08,101,0.465
IWM,fomc_decision,2000-2012,-3,-10.3,-0.66,101,0.564
IWM,fomc_decision,2000-2012,-2,-9.6,-0.72,101,0.475
IWM,fomc_decision,2000-2012,-1,-0.3,-0.02,101,0.535
IWM,fomc_decision,2000-2012,0,54.0,3.02,101,0.624
IWM,fomc_decision,2000-2012,1,-2.4,-0.13,102,0.5
IWM,fomc_decision,2000-2012,2,12.3,0.83,102,0.559
IWM,fomc_decision,2000-2012,3,17.3,1.01,102,0.49
IWM,fomc_decision,2000-2012,4,6.0,0.4,102,0.529
IWM,fomc_decision,2000-2012,5,-7.8,-0.47,102,0.5
IWM,fomc_decision,2013-2019,-5,9.2,0.8,56,0.625
IWM,fomc_decision,2013-2019,-4,16.1,1.45,56,0.571
IWM,fomc_decision,2013-2019,-3,-8.2,-0.62,56,0.5
IWM,fomc_decision,2013-2019,-2,-21.4,-2.02,56,0.411
IWM,fomc_decision,2013-2019,-1,32.0,2.95,56,0.643
IWM,fomc_decision,2013-2019,0,-6.3,-0.44,56,0.464
IWM,fomc_decision,2013-2019,1,-9.1,-0.64,56,0.482
IWM,fomc_decision,2013-2019,2,-4.3,-0.26,56,0.5
IWM,fomc_decision,2013-2019,3,-3.3,-0.2,56,0.554
IWM,fomc_decision,2013-2019,4,-13.8,-0.88,56,0.482
IWM,fomc_decision,2013-2019,5,6.9,0.59,56,0.554
IWM,fomc_decision,2020+,-5,15.7,0.9,52,0.519
IWM,fomc_decision,2020+,-4,4.5,0.26,52,0.519
IWM,fomc_decision,2020+,-3,-2.0,-0.1,52,0.481
IWM,fomc_decision,2020+,-2,36.7,1.88,52,0.712
IWM,fomc_decision,2020+,-1,-1.0,-0.05,52,0.481
IWM,fomc_decision,2020+,0,21.6,0.86,52,0.558
IWM,fomc_decision,2020+,1,-25.8,-0.89,52,0.442
IWM,fomc_decision,2020+,2,-20.7,-0.95,52,0.404
IWM,fomc_decision,2020+,3,22.5,0.99,52,0.538
IWM,fomc_decision,2020+,4,24.0,1.53,52,0.615
IWM,fomc_decision,2020+,5,-21.5,-1.09,52,0.404
IWM,fomc_decision,full,-5,3.8,0.4,209,0.522
IWM,fomc_decision,full,-4,6.0,0.7,209,0.507
IWM,fomc_decision,full,-3,-7.7,-0.79,209,0.526
IWM,fomc_decision,full,-2,-1.3,-0.14,209,0.517
IWM,fomc_decision,full,-1,8.2,0.78,209,0.55
IWM,fomc_decision,full,0,29.8,2.6,209,0.565
IWM,fomc_decision,full,1,-10.0,-0.82,210,0.481
IWM,fomc_decision,full,2,-0.3,-0.03,210,0.505
IWM,fomc_decision,full,3,13.1,1.2,210,0.519
IWM,fomc_decision,full,4,5.2,0.56,210,0.538
IWM,fomc_decision,full,5,-7.3,-0.74,210,0.49
IWM,fomc_minutes,2000-2012,-5,7.9,0.46,102,0.549
IWM,fomc_minutes,2000-2012,-4,17.1,1.18,102,0.51
IWM,fomc_minutes,2000-2012,-3,-19.2,-1.25,102,0.471
IWM,fomc_minutes,2000-2012,-2,25.1,1.92,102,0.588
IWM,fomc_minutes,2000-2012,-1,1.6,0.1,101,0.495
IWM,fomc_minutes,2000-2012,0,-11.1,-0.66,101,0.495
IWM,fomc_minutes,2000-2012,1,-0.9,-0.05,102,0.51
IWM,fomc_minutes,2000-2012,2,-18.1,-1.11,102,0.441
IWM,fomc_minutes,2000-2012,3,20.3,1.11,102,0.569
IWM,fomc_minutes,2000-2012,4,7.2,0.41,102,0.48
IWM,fomc_minutes,2000-2012,5,24.8,1.53,102,0.608
IWM,fomc_minutes,2013-2019,-5,-14.7,-1.08,56,0.482
IWM,fomc_minutes,2013-2019,-4,3.1,0.25,56,0.554
IWM,fomc_minutes,2013-2019,-3,25.7,1.9,56,0.643
IWM,fomc_minutes,2013-2019,-2,8.1,0.64,56,0.554
IWM,fomc_minutes,2013-2019,-1,16.4,1.01,56,0.589
IWM,fomc_minutes,2013-2019,0,14.2,1.19,56,0.589
IWM,fomc_minutes,2013-2019,1,-16.2,-1.06,56,0.518
IWM,fomc_minutes,2013-2019,2,13.3,1.07,56,0.554
IWM,fomc_minutes,2013-2019,3,-10.5,-0.64,56,0.5
IWM,fomc_minutes,2013-2019,4,11.7,0.95,56,0.589
IWM,fomc_minutes,2013-2019,5,15.2,0.96,56,0.661
IWM,fomc_minutes,2020+,-5,-5.3,-0.21,51,0.529
IWM,fomc_minutes,2020+,-4,-8.6,-0.42,51,0.529
IWM,fomc_minutes,2020+,-3,7.0,0.36,51,0.569
IWM,fomc_minutes,2020+,-2,28.6,1.51,51,0.569
IWM,fomc_minutes,2020+,-1,-17.2,-1.04,52,0.442
IWM,fomc_minutes,2020+,0,2.6,0.1,52,0.385
IWM,fomc_minutes,2020+,1,-15.1,-0.78,52,0.558
IWM,fomc_minutes,2020+,2,13.3,0.62,52,0.519
IWM,fomc_minutes,2020+,3,19.7,1.05,52,0.538
IWM,fomc_minutes,2020+,4,17.8,0.98,52,0.577
IWM,fomc_minutes,2020+,5,31.1,1.76,52,0.635
IWM,fomc_minutes,full,-5,-1.4,-0.12,209,0.526
IWM,fomc_minutes,full,-4,7.1,0.77,209,0.526
IWM,fomc_minutes,full,-3,-0.8,-0.08,209,0.541
IWM,fomc_minutes,full,-2,21.4,2.5,209,0.574
IWM,fomc_minutes,full,-1,0.9,0.09,209,0.507
IWM,fomc_minutes,full,0,-0.9,-0.08,209,0.493
IWM,fomc_minutes,full,1,-8.5,-0.8,210,0.524
IWM,fomc_minutes,full,2,-2.0,-0.19,210,0.49
IWM,fomc_minutes,full,3,11.9,1.09,210,0.543
IWM,fomc_minutes,full,4,11.0,1.09,210,0.533
IWM,fomc_minutes,full,5,23.8,2.4,210,0.629
IWM,cpi,2000-2012,-5,-15.3,-1.12,150,0.46
IWM,cpi,2000-2012,-4,20.6,1.59,150,0.573
IWM,cpi,2000-2012,-3,13.0,0.85,150,0.587
IWM,cpi,2000-2012,-2,-4.6,-0.39,150,0.52
IWM,cpi,2000-2012,-1,-9.0,-0.66,150,0.507
IWM,cpi,2000-2012,0,10.5,0.74,150,0.52
IWM,cpi,2000-2012,1,-18.7,-1.33,151,0.49
IWM,cpi,2000-2012,2,15.7,1.17,151,0.483
IWM,cpi,2000-2012,3,10.7,0.72,151,0.517
IWM,cpi,2000-2012,4,-9.5,-0.76,151,0.523
IWM,cpi,2000-2012,5,18.9,1.63,151,0.53
IWM,cpi,2013-2019,-5,9.6,0.78,84,0.571
IWM,cpi,2013-2019,-4,14.2,1.36,84,0.595
IWM,cpi,2013-2019,-3,1.1,0.1,84,0.536
IWM,cpi,2013-2019,-2,1.7,0.19,84,0.536
IWM,cpi,2013-2019,-1,-3.2,-0.28,84,0.524
IWM,cpi,2013-2019,0,21.3,2.16,84,0.595
IWM,cpi,2013-2019,1,10.6,0.94,84,0.571
IWM,cpi,2013-2019,2,2.5,0.27,84,0.524
IWM,cpi,2013-2019,3,16.2,1.4,84,0.643
IWM,cpi,2013-2019,4,4.5,0.44,84,0.548
IWM,cpi,2013-2019,5,10.5,1.04,84,0.571
IWM,cpi,2020+,-5,-6.6,-0.33,78,0.397
IWM,cpi,2020+,-4,1.9,0.1,78,0.449
IWM,cpi,2020+,-3,10.9,0.69,78,0.577
IWM,cpi,2020+,-2,11.9,0.57,78,0.603
IWM,cpi,2020+,-1,29.7,1.65,78,0.538
IWM,cpi,2020+,0,-20.7,-0.91,78,0.423
IWM,cpi,2020+,1,5.1,0.21,78,0.59
IWM,cpi,2020+,2,24.4,1.35,78,0.526
IWM,cpi,2020+,3,1.6,0.07,78,0.59
IWM,cpi,2020+,4,-16.6,-0.88,78,0.372
IWM,cpi,2020+,5,-24.9,-1.34,78,0.487
IWM,cpi,full,-5,-6.4,-0.72,312,0.474
IWM,cpi,full,-4,14.2,1.7,312,0.548
IWM,cpi,full,-3,9.3,1.05,312,0.571
IWM,cpi,full,-2,1.2,0.15,312,0.545
IWM,cpi,full,-1,2.2,0.26,312,0.519
IWM,cpi,full,0,5.6,0.6,312,0.516
IWM,cpi,full,1,-4.9,-0.51,313,0.537
IWM,cpi,full,2,14.3,1.74,313,0.505
IWM,cpi,full,3,9.9,1.04,313,0.569
IWM,cpi,full,4,-7.5,-0.92,313,0.492
IWM,cpi,full,5,5.7,0.74,313,0.53
IWM,nfp,2000-2012,-5,16.4,1.35,149,0.53
IWM,nfp,2000-2012,-4,8.7,0.55,149,0.57
IWM,nfp,2000-2012,-3,11.5,0.83,149,0.517
IWM,nfp,2000-2012,-2,19.7,1.61,149,0.591
IWM,nfp,2000-2012,-1,0.8,0.06,149,0.544
IWM,nfp,2000-2012,0,-6.9,-0.5,150,0.5
IWM,nfp,2000-2012,1,-17.8,-1.29,150,0.473
IWM,nfp,2000-2012,2,1.4,0.09,149,0.51
IWM,nfp,2000-2012,3,-29.1,-2.25,149,0.463
IWM,nfp,2000-2012,4,2.1,0.14,149,0.544
IWM,nfp,2000-2012,5,8.7,0.7,149,0.55
IWM,nfp,2013-2019,-5,5.7,0.55,83,0.518
IWM,nfp,2013-2019,-4,-17.9,-1.66,83,0.422
IWM,nfp,2013-2019,-3,5.7,0.46,83,0.542
IWM,nfp,2013-2019,-2,-0.8,-0.07,84,0.524
IWM,nfp,2013-2019,-1,6.7,0.64,84,0.56
IWM,nfp,2013-2019,0,30.5,2.64,84,0.667
IWM,nfp,2013-2019,1,4.2,0.36,84,0.524
IWM,nfp,2013-2019,2,-4.2,-0.43,84,0.524
IWM,nfp,2013-2019,3,12.4,1.14,84,0.595
IWM,nfp,2013-2019,4,-10.6,-0.88,84,0.512
IWM,nfp,2013-2019,5,10.9,1.16,84,0.607
IWM,nfp,2020+,-5,4.4,0.25,78,0.577
IWM,nfp,2020+,-4,24.9,1.56,78,0.577
IWM,nfp,2020+,-3,8.6,0.51,78,0.513
IWM,nfp,2020+,-2,8.3,0.46,78,0.577
IWM,nfp,2020+,-1,-12.9,-0.69,78,0.436
IWM,nfp,2020+,0,-0.6,-0.03,78,0.513
IWM,nfp,2020+,1,-9.7,-0.43,78,0.564
IWM,nfp,2020+,2,23.3,1.61,78,0.551
IWM,nfp,2020+,3,13.6,0.6,78,0.513
IWM,nfp,2020+,4,9.0,0.35,78,0.526
IWM,nfp,2020+,5,18.7,1.07,78,0.526
IWM,nfp,full,-5,10.5,1.35,310,0.539
IWM,nfp,full,-4,5.7,0.62,310,0.532
IWM,nfp,full,-3,9.2,1.08,310,0.523
IWM,nfp,full,-2,11.3,1.42,311,0.569
IWM,nfp,full,-1,-1.0,-0.12,311,0.521
IWM,nfp,full,0,4.8,0.54,312,0.548
IWM,nfp,full,1,-9.8,-1.06,312,0.51
IWM,nfp,full,2,5.4,0.64,311,0.524
IWM,nfp,full,3,-7.2,-0.8,311,0.511
IWM,nfp,full,4,0.4,0.04,311,0.531
IWM,nfp,full,5,11.8,1.52,311,0.559
IWM,ppi,2000-2012,-5,4.5,0.34,149,0.477
IWM,ppi,2000-2012,-4,-18.8,-1.28,150,0.473
IWM,ppi,2000-2012,-3,6.1,0.48,150,0.527
IWM,ppi,2000-2012,-2,2.7,0.18,150,0.507
IWM,ppi,2000-2012,-1,-11.9,-1.02,150,0.52
IWM,ppi,2000-2012,0,7.1,0.53,150,0.493
IWM,ppi,2000-2012,1,-1.3,-0.09,151,0.53
IWM,ppi,2000-2012,2,2.8,0.2,151,0.563
IWM,ppi,2000-2012,3,10.4,0.77,151,0.497
IWM,ppi,2000-2012,4,11.7,0.77,151,0.49
IWM,ppi,2000-2012,5,-5.6,-0.48,150,0.513
IWM,ppi,2013-2019,-5,13.3,1.14,84,0.619
IWM,ppi,2013-2019,-4,-1.1,-0.09,84,0.536
IWM,ppi,2013-2019,-3,19.1,2.11,84,0.571
IWM,ppi,2013-2019,-2,3.9,0.34,84,0.571
IWM,ppi,2013-2019,-1,8.2,0.85,84,0.536
IWM,ppi,2013-2019,0,-10.1,-0.93,84,0.476
IWM,ppi,2013-2019,1,6.9,0.67,84,0.583
IWM,ppi,2013-2019,2,20.2,2.27,84,0.619
IWM,ppi,2013-2019,3,10.6,1.02,84,0.571
IWM,ppi,2013-2019,4,15.8,1.4,84,0.619
IWM,ppi,2013-2019,5,0.6,0.06,84,0.5
IWM,ppi,2020+,-5,13.2,0.87,78,0.564
IWM,ppi,2020+,-4,1.7,0.1,78,0.526
IWM,ppi,2020+,-3,0.1,0.0,78,0.487
IWM,ppi,2020+,-2,16.5,1.0,78,0.526
IWM,ppi,2020+,-1,-15.5,-0.71,78,0.487
IWM,ppi,2020+,0,-7.8,-0.33,78,0.5
IWM,ppi,2020+,1,40.3,2.28,78,0.59
IWM,ppi,2020+,2,-30.3,-1.28,78,0.474
IWM,ppi,2020+,3,21.1,1.16,78,0.526
IWM,ppi,2020+,4,-25.8,-1.33,78,0.487
IWM,ppi,2020+,5,10.3,0.6,78,0.5
IWM,ppi,full,-5,9.1,1.12,311,0.537
IWM,ppi,full,-4,-8.9,-1.0,312,0.503
IWM,ppi,full,-3,8.1,0.9,312,0.529
IWM,ppi,full,-2,6.5,0.75,312,0.529
IWM,ppi,full,-1,-7.4,-0.9,312,0.516
IWM,ppi,full,0,-1.3,-0.14,312,0.49
IWM,ppi,full,1,11.3,1.3,313,0.559
IWM,ppi,full,2,-0.8,-0.08,313,0.556
IWM,ppi,full,3,13.1,1.57,313,0.524
IWM,ppi,full,4,3.5,0.37,313,0.524
IWM,ppi,full,5,0.0,0.01,312,0.506
IWM,opex,2000-2012,-5,20.8,1.6,151,0.576
IWM,opex,2000-2012,-4,-4.8,-0.36,151,0.536
IWM,opex,2000-2012,-3,27.9,2.12,151,0.55
IWM,opex,2000-2012,-2,-4.0,-0.27,151,0.503
IWM,opex,2000-2012,-1,-14.3,-1.03,151,0.483
IWM,opex,2000-2012,0,-2.9,-0.27,151,0.503
IWM,opex,2000-2012,1,1.7,0.11,152,0.474
IWM,opex,2000-2012,2,4.8,0.4,152,0.513
IWM,opex,2000-2012,3,5.1,0.41,152,0.52
IWM,opex,2000-2012,4,18.4,1.46,152,0.559
IWM,opex,2000-2012,5,4.5,0.33,152,0.559
IWM,opex,2013-2019,-5,4.3,0.38,84,0.571
IWM,opex,2013-2019,-4,7.6,0.68,84,0.571
IWM,opex,2013-2019,-3,22.0,2.28,84,0.607
IWM,opex,2013-2019,-2,6.8,0.59,84,0.595
IWM,opex,2013-2019,-1,9.7,0.91,84,0.571
IWM,opex,2013-2019,0,9.8,1.08,84,0.548
IWM,opex,2013-2019,1,7.5,0.76,84,0.583
IWM,opex,2013-2019,2,8.4,0.75,84,0.536
IWM,opex,2013-2019,3,-1.9,-0.18,84,0.536
IWM,opex,2013-2019,4,16.5,1.56,84,0.56
IWM,opex,2013-2019,5,-19.7,-1.7,84,0.476
IWM,opex,2020+,-5,13.4,0.68,79,0.443
IWM,opex,2020+,-4,2.0,0.09,79,0.595
IWM,opex,2020+,-3,21.9,1.16,79,0.506
IWM,opex,2020+,-2,-26.8,-1.37,79,0.494
IWM,opex,2020+,-1,-9.5,-0.57,79,0.468
IWM,opex,2020+,0,-11.8,-0.81,79,0.468
IWM,opex,2020+,1,4.2,0.24,79,0.456
IWM,opex,2020+,2,26.7,1.37,79,0.532
IWM,opex,2020+,3,8.5,0.54,79,0.582
IWM,opex,2020+,4,5.7,0.32,79,0.557
IWM,opex,2020+,5,9.9,0.61,79,0.57
IWM,opex,full,-5,14.5,1.7,314,0.541
IWM,opex,full,-4,0.2,0.02,314,0.561
IWM,opex,full,-3,24.8,2.99,314,0.554
IWM,opex,full,-2,-6.8,-0.75,314,0.525
IWM,opex,full,-1,-6.7,-0.79,314,0.503
IWM,opex,full,0,-1.7,-0.26,314,0.506
IWM,opex,full,1,3.9,0.43,315,0.498
IWM,opex,full,2,11.2,1.38,315,0.524
IWM,opex,full,3,4.1,0.53,315,0.54
IWM,opex,full,4,14.7,1.83,315,0.559
IWM,opex,full,5,-0.6,-0.08,315,0.54
IWM,quad_witching,2000-2012,-5,45.2,2.5,51,0.745
IWM,quad_witching,2000-2012,-4,-36.3,-1.39,51,0.49
IWM,quad_witching,2000-2012,-3,48.1,1.93,51,0.569
IWM,quad_witching,2000-2012,-2,-2.5,-0.12,51,0.451
IWM,quad_witching,2000-2012,-1,0.3,0.01,51,0.49
IWM,quad_witching,2000-2012,0,11.3,0.65,51,0.549
IWM,quad_witching,2000-2012,1,8.4,0.29,52,0.423
IWM,quad_witching,2000-2012,2,-6.0,-0.32,52,0.481
IWM,quad_witching,2000-2012,3,-10.0,-0.5,52,0.442
IWM,quad_witching,2000-2012,4,3.7,0.16,52,0.538
IWM,quad_witching,2000-2012,5,3.4,0.18,52,0.5
IWM,quad_witching,2013-2019,-5,-15.7,-0.76,28,0.571
IWM,quad_witching,2013-2019,-4,2.1,0.12,28,0.536
IWM,quad_witching,2013-2019,-3,21.4,1.42,28,0.607
IWM,quad_witching,2013-2019,-2,22.5,1.17,28,0.643
IWM,quad_witching,2013-2019,-1,6.6,0.36,28,0.571
IWM,quad_witching,2013-2019,0,-9.6,-0.57,28,0.464
IWM,quad_witching,2013-2019,1,-1.2,-0.07,28,0.5
IWM,quad_witching,2013-2019,2,-10.8,-0.45,28,0.393
IWM,quad_witching,2013-2019,3,-4.1,-0.23,28,0.536
IWM,quad_witching,2013-2019,4,8.5,0.45,28,0.5
IWM,quad_witching,2013-2019,5,-28.7,-1.26,28,0.464
IWM,quad_witching,2020+,-5,9.6,0.25,26,0.346
IWM,quad_witching,2020+,-4,-56.6,-0.96,26,0.615
IWM,quad_witching,2020+,-3,24.0,0.75,26,0.462
IWM,quad_witching,2020+,-2,-31.1,-0.72,26,0.5
IWM,quad_witching,2020+,-1,12.7,0.33,26,0.538
IWM,quad_witching,2020+,0,-44.8,-2.05,26,0.385
IWM,quad_witching,2020+,1,0.3,0.01,26,0.462
IWM,quad_witching,2020+,2,63.5,1.53,26,0.654
IWM,quad_witching,2020+,3,-37.8,-1.23,26,0.462
IWM,quad_witching,2020+,4,47.7,1.33,26,0.538
IWM,quad_witching,2020+,5,-27.7,-1.05,26,0.538
IWM,quad_witching,full,-5,20.1,1.42,105,0.6
IWM,quad_witching,full,-4,-31.1,-1.57,105,0.533
IWM,quad_witching,full,-3,35.0,2.34,105,0.552
IWM,quad_witching,full,-2,-2.9,-0.19,105,0.514
IWM,quad_witching,full,-1,5.1,0.34,105,0.524
IWM,quad_witching,full,0,-8.2,-0.74,105,0.486
IWM,quad_witching,full,1,3.9,0.24,106,0.453
IWM,quad_witching,full,2,9.8,0.65,106,0.5
IWM,quad_witching,full,3,-15.3,-1.16,106,0.472
IWM,quad_witching,full,4,15.7,1.05,106,0.528
IWM,quad_witching,full,5,-12.7,-0.99,106,0.5
IWM,jackson_hole,2000-2012,-5,-15.0,-0.36,13,0.538
IWM,jackson_hole,2000-2012,-4,-46.5,-1.45,13,0.308
IWM,jackson_hole,2000-2012,-3,-6.9,-0.13,13,0.462
IWM,jackson_hole,2000-2012,-2,36.6,1.08,13,0.615
IWM,jackson_hole,2000-2012,-1,-27.0,-0.87,13,0.385
IWM,jackson_hole,2000-2012,0,85.0,2.46,13,0.846
IWM,jackson_hole,2000-2012,1,20.6,0.35,13,0.538
IWM,jackson_hole,2000-2012,2,27.2,1.17,13,0.615
IWM,jackson_hole,2000-2012,3,60.8,1.31,13,0.769
IWM,jackson_hole,2000-2012,4,26.6,0.59,13,0.462
IWM,jackson_hole,2000-2012,5,-43.8,-1.15,13,0.308
IWM,jackson_hole,2013-2019,-5,11.4,0.29,7,0.286
IWM,jackson_hole,2013-2019,-4,-28.7,-0.43,7,0.571
IWM,jackson_hole,2013-2019,-3,47.1,1.42,7,0.714
IWM,jackson_hole,2013-2019,-2,23.0,0.52,7,0.429
IWM,jackson_hole,2013-2019,-1,48.3,1.59,7,0.714
IWM,jackson_hole,2013-2019,0,-17.0,-0.34,7,0.714
IWM,jackson_hole,2013-2019,1,32.9,1.89,7,0.857
IWM,jackson_hole,2013-2019,2,-78.4,-1.44,7,0.571
IWM,jackson_hole,2013-2019,3,46.8,1.52,7,0.714
IWM,jackson_hole,2013-2019,4,43.7,1.41,7,0.571
IWM,jackson_hole,2013-2019,5,-0.3,-0.01,7,0.571
IWM,jackson_hole,2020+,-5,-9.1,-0.17,6,0.5
IWM,jackson_hole,2020+,-4,9.1,0.16,6,0.5
IWM,jackson_hole,2020+,-3,-0.6,-0.02,6,0.5
IWM,jackson_hole,2020+,-2,54.0,2.13,6,0.833
IWM,jackson_hole,2020+,-1,-35.8,-0.81,6,0.333
IWM,jackson_hole,2020+,0,122.0,1.12,6,0.833
IWM,jackson_hole,2020+,1,-10.2,-0.3,6,0.5
IWM,jackson_hole,2020+,2,-13.9,-0.3,6,0.5
IWM,jackson_hole,2020+,3,27.0,0.88,6,0.667
IWM,jackson_hole,2020+,4,17.6,0.59,6,0.667
IWM,jackson_hole,2020+,5,-47.8,-0.82,6,0.333
IWM,jackson_hole,full,-5,-6.5,-0.26,26,0.462
IWM,jackson_hole,full,-4,-28.9,-1.08,26,0.423
IWM,jackson_hole,full,-3,9.1,0.32,26,0.538
IWM,jackson_hole,full,-2,37.0,1.77,26,0.615
IWM,jackson_hole,full,-1,-8.8,-0.42,26,0.462
IWM,jackson_hole,full,0,66.1,1.98,26,0.808
IWM,jackson_hole,full,1,16.8,0.56,26,0.615
IWM,jackson_hole,full,2,-10.7,-0.48,26,0.577
IWM,jackson_hole,full,3,49.2,1.97,26,0.731
IWM,jackson_hole,full,4,29.1,1.2,26,0.538
IWM,jackson_hole,full,5,-33.0,-1.36,26,0.385
TLT,fomc_decision,2000-2012,-5,1.7,0.17,84,0.512
TLT,fomc_decision,2000-2012,-4,-14.9,-1.58,84,0.429
TLT,fomc_decision,2000-2012,-3,4.0,0.43,84,0.488
TLT,fomc_decision,2000-2012,-2,3.1,0.31,84,0.536
TLT,fomc_decision,2000-2012,-1,21.7,2.16,84,0.524
TLT,fomc_decision,2000-2012,0,-3.9,-0.34,84,0.476
TLT,fomc_decision,2000-2012,1,22.5,1.79,85,0.576
TLT,fomc_decision,2000-2012,2,-5.6,-0.52,85,0.529
TLT,fomc_decision,2000-2012,3,2.3,0.23,85,0.6
TLT,fomc_decision,2000-2012,4,0.8,0.09,85,0.494
TLT,fomc_decision,2000-2012,5,13.0,1.74,84,0.583
TLT,fomc_decision,2013-2019,-5,-13.7,-1.52,56,0.429
TLT,fomc_decision,2013-2019,-4,1.8,0.19,56,0.411
TLT,fomc_decision,2013-2019,-3,9.9,1.08,56,0.625
TLT,fomc_decision,2013-2019,-2,-13.0,-1.71,56,0.357
TLT,fomc_decision,2013-2019,-1,6.1,0.89,56,0.643
TLT,fomc_decision,2013-2019,0,23.8,2.21,56,0.607
TLT,fomc_decision,2013-2019,1,0.9,0.08,56,0.536
TLT,fomc_decision,2013-2019,2,24.2,2.05,56,0.679
TLT,fomc_decision,2013-2019,3,-3.9,-0.39,56,0.429
TLT,fomc_decision,2013-2019,4,-3.4,-0.3,56,0.464
TLT,fomc_decision,2013-2019,5,-15.9,-1.31,56,0.554
TLT,fomc_decision,2020+,-5,-13.0,-0.97,52,0.462
TLT,fomc_decision,2020+,-4,-3.1,-0.26,52,0.442
TLT,fomc_decision,2020+,-3,-11.6,-0.96,52,0.442
TLT,fomc_decision,2020+,-2,-14.9,-1.06,52,0.442
TLT,fomc_decision,2020+,-1,14.0,1.13,52,0.558
TLT,fomc_decision,2020+,0,19.8,1.56,52,0.577
TLT,fomc_decision,2020+,1,-2.6,-0.16,52,0.519
TLT,fomc_decision,2020+,2,-1.7,-0.12,52,0.5
TLT,fomc_decision,2020+,3,-40.2,-2.91,52,0.385
TLT,fomc_decision,2020+,4,-1.9,-0.13,52,0.577
TLT,fomc_decision,2020+,5,11.5,0.81,52,0.519
TLT,fomc_decision,full,-5,-6.8,-1.08,192,0.474
TLT,fomc_decision,full,-4,-6.9,-1.15,192,0.427
TLT,fomc_decision,full,-3,1.5,0.25,192,0.516
TLT,fomc_decision,full,-2,-6.5,-1.06,192,0.458
TLT,fomc_decision,full,-1,15.1,2.57,192,0.568
TLT,fomc_decision,full,0,10.6,1.56,192,0.542
TLT,fomc_decision,full,1,9.4,1.2,193,0.549
TLT,fomc_decision,full,2,4.1,0.58,193,0.565
TLT,fomc_decision,full,3,-11.0,-1.69,193,0.492
TLT,fomc_decision,full,4,-1.2,-0.18,193,0.508
TLT,fomc_decision,full,5,4.2,0.67,192,0.557
TLT,fomc_minutes,2000-2012,-5,1.9,0.2,85,0.541
TLT,fomc_minutes,2000-2012,-4,1.7,0.18,85,0.553
TLT,fomc_minutes,2000-2012,-3,4.4,0.48,85,0.541
TLT,fomc_minutes,2000-2012,-2,-1.4,-0.16,85,0.541
TLT,fomc_minutes,2000-2012,-1,15.3,1.58,84,0.631
TLT,fomc_minutes,2000-2012,0,-4.8,-0.47,84,0.488
TLT,fomc_minutes,2000-2012,1,1.2,0.11,85,0.529
TLT,fomc_minutes,2000-2012,2,-2.1,-0.27,85,0.471
TLT,fomc_minutes,2000-2012,3,17.0,1.93,85,0.612
TLT,fomc_minutes,2000-2012,4,12.8,1.41,85,0.553
TLT,fomc_minutes,2000-2012,5,-8.6,-0.96,85,0.471
TLT,fomc_minutes,2013-2019,-5,12.3,1.23,56,0.571
TLT,fomc_minutes,2013-2019,-4,5.0,0.48,56,0.536
TLT,fomc_minutes,2013-2019,-3,10.6,0.92,56,0.607
TLT,fomc_minutes,2013-2019,-2,-3.4,-0.34,56,0.518
TLT,fomc_minutes,2013-2019,-1,3.7,0.41,56,0.5
TLT,fomc_minutes,2013-2019,0,-12.8,-1.37,56,0.536
TLT,fomc_minutes,2013-2019,1,10.1,0.98,56,0.625
TLT,fomc_minutes,2013-2019,2,21.8,2.39,56,0.696
TLT,fomc_minutes,2013-2019,3,22.5,2.25,56,0.643
TLT,fomc_minutes,2013-2019,4,7.0,0.68,56,0.554
TLT,fomc_minutes,2013-2019,5,7.8,0.87,56,0.571
TLT,fomc_minutes,2020+,-5,6.5,0.5,51,0.51
TLT,fomc_minutes,2020+,-4,-20.7,-1.72,51,0.471
TLT,fomc_minutes,2020+,-3,5.7,0.42,51,0.51
TLT,fomc_minutes,2020+,-2,-40.4,-2.93,51,0.314
TLT,fomc_minutes,2020+,-1,9.3,0.64,52,0.558
TLT,fomc_minutes,2020+,0,5.3,0.42,52,0.5
TLT,fomc_minutes,2020+,1,-6.4,-0.51,52,0.538
TLT,fomc_minutes,2020+,2,-1.0,-0.09,52,0.481
TLT,fomc_minutes,2020+,3,-9.4,-0.75,52,0.462
TLT,fomc_minutes,2020+,4,1.0,0.09,52,0.519
TLT,fomc_minutes,2020+,5,33.3,2.65,52,0.635
TLT,fomc_minutes,full,-5,6.2,1.0,192,0.542
TLT,fomc_minutes,full,-4,-3.3,-0.54,192,0.526
TLT,fomc_minutes,full,-3,6.5,1.03,192,0.552
TLT,fomc_minutes,full,-2,-12.4,-1.98,192,0.474
TLT,fomc_minutes,full,-1,10.3,1.63,192,0.573
TLT,fomc_minutes,full,0,-4.4,-0.71,192,0.505
TLT,fomc_minutes,full,1,1.8,0.25,193,0.56
TLT,fomc_minutes,full,2,5.1,0.95,193,0.539
TLT,fomc_minutes,full,3,11.5,1.93,193,0.58
TLT,fomc_minutes,full,4,7.9,1.39,193,0.544
TLT,fomc_minutes,full,5,7.4,1.25,193,0.544
TLT,cpi,2000-2012,-5,-1.9,-0.24,124,0.532
TLT,cpi,2000-2012,-4,10.9,1.51,124,0.54
TLT,cpi,2000-2012,-3,4.3,0.57,124,0.548
TLT,cpi,2000-2012,-2,4.0,0.51,124,0.565
TLT,cpi,2000-2012,-1,-7.1,-0.89,124,0.435
TLT,cpi,2000-2012,0,11.4,1.33,124,0.516
TLT,cpi,2000-2012,1,16.9,2.04,125,0.56
TLT,cpi,2000-2012,2,15.8,2.09,125,0.568
TLT,cpi,2000-2012,3,0.6,0.08,125,0.568
TLT,cpi,2000-2012,4,14.6,1.93,125,0.6
TLT,cpi,2000-2012,5,-0.5,-0.06,125,0.536
TLT,cpi,2013-2019,-5,3.6,0.41,84,0.548
TLT,cpi,2013-2019,-4,-11.1,-1.45,84,0.488
TLT,cpi,2013-2019,-3,2.2,0.27,84,0.536
TLT,cpi,2013-2019,-2,11.5,1.62,84,0.548
TLT,cpi,2013-2019,-1,1.9,0.25,84,0.488
TLT,cpi,2013-2019,0,6.8,0.85,84,0.631
TLT,cpi,2013-2019,1,-0.1,-0.01,84,0.488
TLT,cpi,2013-2019,2,3.8,0.44,84,0.548
TLT,cpi,2013-2019,3,1.0,0.13,84,0.524
TLT,cpi,2013-2019,4,3.4,0.44,84,0.571
TLT,cpi,2013-2019,5,-2.3,-0.35,84,0.512
TLT,cpi,2020+,-5,-4.4,-0.37,78,0.513
TLT,cpi,2020+,-4,-4.4,-0.35,78,0.474
TLT,cpi,2020+,-3,-16.1,-1.2,78,0.41
TLT,cpi,2020+,-2,-14.8,-1.34,78,0.385
TLT,cpi,2020+,-1,6.1,0.57,78,0.551
TLT,cpi,2020+,0,-4.6,-0.33,78,0.5
TLT,cpi,2020+,1,10.3,0.97,78,0.513
TLT,cpi,2020+,2,-20.2,-1.78,78,0.372
TLT,cpi,2020+,3,-0.6,-0.05,78,0.449
TLT,cpi,2020+,4,-15.3,-1.19,78,0.487
TLT,cpi,2020+,5,-16.8,-1.41,78,0.474
TLT,cpi,full,-5,-1.0,-0.18,286,0.531
TLT,cpi,full,-4,0.3,0.05,286,0.507
TLT,cpi,full,-3,-1.9,-0.34,286,0.507
TLT,cpi,full,-2,1.1,0.21,286,0.51
TLT,cpi,full,-1,-0.9,-0.17,286,0.483
TLT,cpi,full,0,5.7,0.99,286,0.545
TLT,cpi,full,1,10.1,1.93,287,0.526
TLT,cpi,full,2,2.5,0.48,287,0.509
TLT,cpi,full,3,0.4,0.07,287,0.523
TLT,cpi,full,4,3.2,0.6,287,0.561
TLT,cpi,full,5,-5.5,-1.09,287,0.512
TLT,nfp,2000-2012,-5,22.1,2.68,123,0.634
TLT,nfp,2000-2012,-4,11.2,1.27,123,0.569
TLT,nfp,2000-2012,-3,8.8,1.07,123,0.537
TLT,nfp,2000-2012,-2,-5.9,-0.78,122,0.484
TLT,nfp,2000-2012,-1,-1.3,-0.16,123,0.472
TLT,nfp,2000-2012,0,-4.5,-0.45,124,0.5
TLT,nfp,2000-2012,1,15.9,2.56,124,0.589
TLT,nfp,2000-2012,2,-9.1,-1.21,123,0.455
TLT,nfp,2000-2012,3,4.5,0.55,123,0.537
TLT,nfp,2000-2012,4,-7.9,-0.91,123,0.472
TLT,nfp,2000-2012,5,4.7,0.61,123,0.545
TLT,nfp,2013-2019,-5,17.5,2.52,83,0.651
TLT,nfp,2013-2019,-4,-1.7,-0.22,83,0.458
TLT,nfp,2013-2019,-3,-1.6,-0.16,83,0.542
TLT,nfp,2013-2019,-2,-4.2,-0.51,84,0.536
TLT,nfp,2013-2019,-1,-4.7,-0.49,84,0.5
TLT,nfp,2013-2019,0,-10.2,-0.94,84,0.536
TLT,nfp,2013-2019,1,-1.7,-0.2,84,0.524
TLT,nfp,2013-2019,2,13.6,1.87,84,0.583
TLT,nfp,2013-2019,3,-0.9,-0.11,84,0.536
TLT,nfp,2013-2019,4,-2.6,-0.29,84,0.464
TLT,nfp,2013-2019,5,1.6,0.18,84,0.571
TLT,nfp,2020+,-5,32.0,2.97,78,0.615
TLT,nfp,2020+,-4,-10.4,-0.92,78,0.449
TLT,nfp,2020+,-3,8.1,0.71,78,0.538
TLT,nfp,2020+,-2,3.3,0.28,78,0.513
TLT,nfp,2020+,-1,6.0,0.54,78,0.577
TLT,nfp,2020+,0,-15.6,-1.03,78,0.372
TLT,nfp,2020+,1,-16.8,-1.42,78,0.397
TLT,nfp,2020+,2,0.9,0.07,78,0.551
TLT,nfp,2020+,3,2.6,0.21,78,0.513
TLT,nfp,2020+,4,1.1,0.08,78,0.5
TLT,nfp,2020+,5,-22.9,-2.36,78,0.346
TLT,nfp,full,-5,23.5,4.64,284,0.634
TLT,nfp,full,-4,1.5,0.27,284,0.504
TLT,nfp,full,-3,5.6,1.0,284,0.539
TLT,nfp,full,-2,-2.9,-0.56,284,0.507
TLT,nfp,full,-1,-0.3,-0.05,285,0.509
TLT,nfp,full,0,-9.2,-1.36,286,0.476
TLT,nfp,full,1,1.8,0.36,286,0.517
TLT,nfp,full,2,0.3,0.06,285,0.519
TLT,nfp,full,3,2.4,0.43,285,0.53
TLT,nfp,full,4,-3.9,-0.67,285,0.477
TLT,nfp,full,5,-3.8,-0.75,285,0.498
TLT,ppi,2000-2012,-5,-4.9,-0.54,123,0.48
TLT,ppi,2000-2012,-4,-9.4,-1.12,123,0.496
TLT,ppi,2000-2012,-3,13.7,1.86,124,0.532
TLT,ppi,2000-2012,-2,13.0,1.89,124,0.581
TLT,ppi,2000-2012,-1,3.8,0.48,124,0.548
TLT,ppi,2000-2012,0,1.9,0.28,124,0.532
TLT,ppi,2000-2012,1,11.6,1.34,125,0.52
TLT,ppi,2000-2012,2,9.0,1.07,125,0.544
TLT,ppi,2000-2012,3,11.9,1.46,125,0.536
TLT,ppi,2000-2012,4,3.2,0.45,124,0.573
TLT,ppi,2000-2012,5,6.5,0.78,124,0.54
TLT,ppi,2013-2019,-5,-17.9,-1.65,84,0.452
TLT,ppi,2013-2019,-4,-0.3,-0.03,84,0.524
TLT,ppi,2013-2019,-3,-3.7,-0.46,84,0.524
TLT,ppi,2013-2019,-2,-9.1,-1.18,84,0.512
TLT,ppi,2013-2019,-1,-1.6,-0.2,84,0.488
TLT,ppi,2013-2019,0,22.6,3.14,84,0.631
TLT,ppi,2013-2019,1,15.3,1.84,84,0.571
TLT,ppi,2013-2019,2,-5.6,-0.75,84,0.524
TLT,ppi,2013-2019,3,6.9,0.83,84,0.5
TLT,ppi,2013-2019,4,-4.1,-0.54,84,0.5
TLT,ppi,2013-2019,5,18.7,2.32,84,0.619
TLT,ppi,2020+,-5,-1.0,-0.08,78,0.5
TLT,ppi,2020+,-4,-31.3,-2.52,78,0.372
TLT,ppi,2020+,-3,4.6,0.36,78,0.487
TLT,ppi,2020+,-2,-1.6,-0.14,78,0.462
TLT,ppi,2020+,-1,-14.3,-1.14,78,0.449
TLT,ppi,2020+,0,14.8,1.28,78,0.564
TLT,ppi,2020+,1,-3.0,-0.26,78,0.462
TLT,ppi,2020+,2,-7.8,-0.62,78,0.41
TLT,ppi,2020+,3,-8.8,-0.68,78,0.487
TLT,ppi,2020+,4,-10.6,-0.86,78,0.513
TLT,ppi,2020+,5,1.8,0.16,78,0.5
TLT,ppi,full,-5,-7.7,-1.28,285,0.477
TLT,ppi,full,-4,-12.7,-2.28,285,0.47
TLT,ppi,full,-3,6.1,1.16,286,0.517
TLT,ppi,full,-2,2.5,0.51,286,0.528
TLT,ppi,full,-1,-2.7,-0.51,286,0.503
TLT,ppi,full,0,11.5,2.38,286,0.57
TLT,ppi,full,1,8.7,1.6,287,0.519
TLT,ppi,full,2,0.2,0.03,287,0.502
TLT,ppi,full,3,4.8,0.86,287,0.512
TLT,ppi,full,4,-2.7,-0.54,286,0.535
TLT,ppi,full,5,8.8,1.67,286,0.552
TLT,opex,2000-2012,-5,8.9,1.18,125,0.552
TLT,opex,2000-2012,-4,11.7,1.62,125,0.56
TLT,opex,2000-2012,-3,7.3,0.88,125,0.56
TLT,opex,2000-2012,-2,8.5,0.97,125,0.552
TLT,opex,2000-2012,-1,8.7,1.0,125,0.52
TLT,opex,2000-2012,0,1.7,0.25,125,0.512
TLT,opex,2000-2012,1,5.8,0.93,126,0.571
TLT,opex,2000-2012,2,22.4,2.94,126,0.651
TLT,opex,2000-2012,3,-0.3,-0.03,126,0.54
TLT,opex,2000-2012,4,-1.3,-0.16,126,0.5
TLT,opex,2000-2012,5,5.5,0.74,126,0.556
TLT,opex,2013-2019,-5,2.9,0.34,84,0.571
TLT,opex,2013-2019,-4,-10.3,-1.4,84,0.429
TLT,opex,2013-2019,-3,-0.5,-0.07,84,0.548
TLT,opex,2013-2019,-2,17.7,2.07,84,0.583
TLT,opex,2013-2019,-1,2.6,0.32,84,0.548
TLT,opex,2013-2019,0,18.4,2.27,84,0.607
TLT,opex,2013-2019,1,-9.9,-1.44,84,0.429
TLT,opex,2013-2019,2,-2.5,-0.32,84,0.464
TLT,opex,2013-2019,3,-4.4,-0.55,84,0.56
TLT,opex,2013-2019,4,13.7,1.92,84,0.595
TLT,opex,2013-2019,5,22.3,3.25,84,0.655
TLT,opex,2020+,-5,-8.8,-0.74,79,0.392
TLT,opex,2020+,-4,-12.7,-1.04,79,0.418
TLT,opex,2020+,-3,-17.0,-1.32,79,0.468
TLT,opex,2020+,-2,19.3,1.49,79,0.544
TLT,opex,2020+,-1,4.5,0.44,79,0.544
TLT,opex,2020+,0,0.5,0.04,79,0.468
TLT,opex,2020+,1,-11.9,-1.04,79,0.456
TLT,opex,2020+,2,10.1,0.96,79,0.544
TLT,opex,2020+,3,6.2,0.62,79,0.544
TLT,opex,2020+,4,-6.7,-0.61,79,0.481
TLT,opex,2020+,5,31.3,3.05,79,0.658
TLT,opex,full,-5,2.3,0.43,288,0.514
TLT,opex,full,-4,-1.4,-0.28,288,0.483
TLT,opex,full,-3,-1.6,-0.3,288,0.531
TLT,opex,full,-2,14.1,2.46,288,0.559
TLT,opex,full,-1,5.8,1.1,288,0.535
TLT,opex,full,0,6.3,1.18,288,0.528
TLT,opex,full,1,-3.6,-0.78,289,0.498
TLT,opex,full,2,11.8,2.36,289,0.567
TLT,opex,full,3,0.3,0.06,289,0.547
TLT,opex,full,4,1.6,0.31,289,0.522
TLT,opex,full,5,17.4,3.67,289,0.612
TLT,quad_witching,2000-2012,-5,-12.7,-1.0,42,0.476
TLT,quad_witching,2000-2012,-4,7.5,0.57,42,0.524
TLT,quad_witching,2000-2012,-3,4.9,0.32,42,0.548
TLT,quad_witching,2000-2012,-2,27.0,1.51,42,0.595
TLT,quad_witching,2000-2012,-1,1.4,0.1,42,0.476
TLT,quad_witching,2000-2012,0,-3.4,-0.27,42,0.476
TLT,quad_witching,2000-2012,1,6.9,0.58,43,0.558
TLT,quad_witching,2000-2012,2,14.2,1.21,43,0.605
TLT,quad_witching,2000-2012,3,14.5,1.03,43,0.651
TLT,quad_witching,2000-2012,4,20.5,1.51,43,0.558
TLT,quad_witching,2000-2012,5,-2.8,-0.23,43,0.558
TLT,quad_witching,2013-2019,-5,-10.9,-0.67,28,0.464
TLT,quad_witching,2013-2019,-4,-6.7,-0.59,28,0.5
TLT,quad_witching,2013-2019,-3,8.7,0.64,28,0.643
TLT,quad_witching,2013-2019,-2,10.5,0.66,28,0.464
TLT,quad_witching,2013-2019,-1,-7.6,-0.55,28,0.464
TLT,quad_witching,2013-2019,0,40.3,2.75,28,0.75
TLT,quad_witching,2013-2019,1,-13.4,-0.99,28,0.357
TLT,quad_witching,2013-2019,2,1.8,0.11,28,0.464
TLT,quad_witching,2013-2019,3,3.2,0.24,28,0.643
TLT,quad_witching,2013-2019,4,25.4,2.06,28,0.714
TLT,quad_witching,2013-2019,5,22.1,1.59,28,0.571
TLT,quad_witching,2020+,-5,-26.1,-1.1,26,0.346
TLT,quad_witching,2020+,-4,16.6,0.53,26,0.577
TLT,quad_witching,2020+,-3,-45.1,-1.57,26,0.423
TLT,quad_witching,2020+,-2,-1.3,-0.04,26,0.462
TLT,quad_witching,2020+,-1,11.7,0.55,26,0.538
TLT,quad_witching,2020+,0,25.0,0.75,26,0.385
TLT,quad_witching,2020+,1,-9.3,-0.38,26,0.5
TLT,quad_witching,2020+,2,-0.7,-0.04,26,0.5
TLT,quad_witching,2020+,3,22.9,1.38,26,0.577
TLT,quad_witching,2020+,4,-38.7,-2.09,26,0.423
TLT,quad_witching,2020+,5,1.0,0.05,26,0.538
TLT,quad_witching,full,-5,-15.8,-1.64,96,0.438
TLT,quad_witching,full,-4,5.8,0.54,96,0.531
TLT,quad_witching,full,-3,-7.6,-0.68,96,0.542
TLT,quad_witching,full,-2,14.5,1.21,96,0.521
TLT,quad_witching,full,-1,1.6,0.17,96,0.49
TLT,quad_witching,full,0,17.0,1.49,96,0.531
TLT,quad_witching,full,1,-3.3,-0.36,97,0.485
TLT,quad_witching,full,2,6.6,0.77,97,0.536
TLT,quad_witching,full,3,13.5,1.58,97,0.629
TLT,quad_witching,full,4,6.0,0.68,97,0.567
TLT,quad_witching,full,5,5.4,0.63,97,0.557
TLT,jackson_hole,2000-2012,-5,36.0,2.94,11,0.636
TLT,jackson_hole,2000-2012,-4,15.8,0.85,11,0.636
TLT,jackson_hole,2000-2012,-3,3.4,0.14,11,0.636
TLT,jackson_hole,2000-2012,-2,-20.3,-0.7,11,0.545
TLT,jackson_hole,2000-2012,-1,61.4,5.25,11,0.909
TLT,jackson_hole,2000-2012,0,-18.8,-0.5,11,0.455
TLT,jackson_hole,2000-2012,1,44.2,1.36,12,0.75
TLT,jackson_hole,2000-2012,2,48.3,3.02,12,0.833
TLT,jackson_hole,2000-2012,3,-13.1,-0.43,12,0.667
TLT,jackson_hole,2000-2012,4,10.6,0.33,12,0.5
TLT,jackson_hole,2000-2012,5,9.4,0.28,12,0.583
TLT,jackson_hole,2013-2019,-5,-2.6,-0.11,7,0.429
TLT,jackson_hole,2013-2019,-4,-22.4,-0.67,7,0.429
TLT,jackson_hole,2013-2019,-3,-10.4,-0.32,7,0.429
TLT,jackson_hole,2013-2019,-2,-43.1,-1.28,7,0.286
TLT,jackson_hole,2013-2019,-1,5.4,0.24,7,0.571
TLT,jackson_hole,2013-2019,0,51.2,1.92,7,0.857
TLT,jackson_hole,2013-2019,1,5.8,0.21,7,0.429
TLT,jackson_hole,2013-2019,2,36.2,1.13,7,0.571
TLT,jackson_hole,2013-2019,3,-6.4,-0.28,7,0.571
TLT,jackson_hole,2013-2019,4,29.3,2.08,7,0.857
TLT,jackson_hole,2013-2019,5,-13.1,-0.6,7,0.429
TLT,jackson_hole,2020+,-5,-10.8,-0.29,6,0.667
TLT,jackson_hole,2020+,-4,-16.1,-0.57,6,0.333
TLT,jackson_hole,2020+,-3,10.9,0.38,6,0.5
TLT,jackson_hole,2020+,-2,7.2,0.14,6,0.5
TLT,jackson_hole,2020+,-1,-14.3,-0.41,6,0.333
TLT,jackson_hole,2020+,0,24.3,0.62,6,0.833
TLT,jackson_hole,2020+,1,-18.0,-1.16,6,0.333
TLT,jackson_hole,2020+,2,17.3,0.69,6,0.5
TLT,jackson_hole,2020+,3,0.2,0.01,6,0.333
TLT,jackson_hole,2020+,4,5.6,0.13,6,0.667
TLT,jackson_hole,2020+,5,-56.6,-1.69,6,0.333
TLT,jackson_hole,full,-5,13.1,1.01,24,0.583
TLT,jackson_hole,full,-4,-3.3,-0.23,24,0.5
TLT,jackson_hole,full,-3,1.3,0.08,24,0.542
TLT,jackson_hole,full,-2,-20.1,-0.98,24,0.458
TLT,jackson_hole,full,-1,26.2,1.95,24,0.667
TLT,jackson_hole,full,0,12.4,0.58,24,0.667
TLT,jackson_hole,full,1,18.5,1.03,25,0.56
TLT,jackson_hole,full,2,37.5,2.91,25,0.68
TLT,jackson_hole,full,3,-8.0,-0.48,25,0.56
TLT,jackson_hole,full,4,14.6,0.8,25,0.64
TLT,jackson_hole,full,5,-12.7,-0.66,25,0.48
