Scan_Timestamp,Strategy_ID,Strategy_Name,Ticker,Date,Action,Shares,Risk_Amt,Sizing_Notes,Rank_252D,Stats,Entry,Stop,Target,Time Exit,ATR,Signal_High,Entry_Type_Short,Limit_Price,Addv_63d,Earnings_Cov,Fill_Window_Days,Scan_Source,Fill_Status,Fill_Date,Fill_Price,staged_shares_gt0,broker_filled,ledger_filled,sheets_filled
2026-08-20 08:50:56,"21dr < 15 3 consec, 5dr < 33, 2dr < 25, 252dr 50-90, rel vol < 15, market > 200 SMA, age >= 5y, pre-earnings -> 10 bps, GTC limit close-0.25 ATR, 10d hold, vol-confirmed 1.25 ATR stop (next open), 2.5 ATR tgt",Oversold Low Volume,LUV,2026-08-19,BUY,2268.0,3938.0,"Standard (1.0x) | Recency rung 3 (1.00x, 2 prior signal(s)/21td) | Risk: 52.5bps ($3938)",79.68968192397206,WR: 69.0% | PF: 2.82 | Exp: 0.48r,41.42,39.68,44.89,2026-09-03,1.39,42.7400016784668,LMT $41.07 GTC,41.07285520008632,,,3.0,Liquid,FILLED,2026-08-20,41.07,True,True,True,True
2026-08-20 08:50:56,"21dr < 15 3 consec, 5dr < 33, 2dr < 25, 252dr 50-90, rel vol < 15, market > 200 SMA, age >= 5y, pre-earnings -> 10 bps, GTC limit close-0.25 ATR, 10d hold, vol-confirmed 1.25 ATR stop (next open), 2.5 ATR tgt",Oversold Low Volume,UNH,2026-08-19,BUY,235.0,2756.6,"Standard (1.0x) | Recency rung 2 (0.70x, 1 prior signal(s)/21td) | Risk: 52.5bps ($2757)",59.1155934833204,WR: 69.0% | PF: 2.82 | Exp: 0.48r,388.61,376.92,411.98,2026-09-03,9.35,396.7999877929688,LMT $386.27 GTC,386.2728418622698,,,3.0,Liquid,FILLED,2026-08-20,386.27,True,True,True,True
2026-08-20 08:50:56,"2+5+10+21d > 85, sell open +0.75 atr, 2 ATR tgt",Overbot Vol Spike,ABT,2026-08-19,SELL SHORT,1328.0,3375.0,Standard (1.0x) | Cycle yr%4=2: 0.75x | Risk: 60.0bps ($3375),13.545384018619083,WR: 58.0% | PF: 1.96 | Exp: 0.28r,114.43,116.97,109.35,2026-08-24,2.54,115.66999816894533,Open ±0.75 ATR,116.33500099182129,,,2.0,Liquid,EXPIRED,,,True,False,False,False
2026-08-20 08:50:56,"2+5+10+21d > 85, sell open +0.75 atr, 2 ATR tgt",Overbot Vol Spike,AMGN,2026-08-19,SELL SHORT,279.0,3375.0,Standard (1.0x) | Cycle yr%4=2: 0.75x | Risk: 60.0bps ($3375),98.15360744763385,WR: 58.0% | PF: 1.96 | Exp: 0.28r,442.36,454.42,418.23,2026-08-24,12.06,443.2000122070313,Open ±0.75 ATR,451.40766634259904,,,2.0,Liquid,EXPIRED,,,True,False,False,False
2026-08-20 08:50:56,"2+5+10+21d > 85, sell open +0.75 atr, 2 ATR tgt",Overbot Vol Spike,CAG,2026-08-19,SELL SHORT,7888.0,3375.0,Standard (1.0x) | Cycle yr%4=2: 0.75x | Risk: 60.0bps ($3375),24.60822342901474,WR: 58.0% | PF: 1.96 | Exp: 0.28r,16.22,16.65,15.36,2026-08-24,0.43,16.420000076293945,Open ±0.75 ATR,16.540892107146128,,,2.0,Liquid,EXPIRED,,,True,False,False,False
2026-08-20 08:50:56,"2+5+10+21d > 85, sell open +0.75 atr, 2 ATR tgt",Overbot Vol Spike,CMCSA,2026-08-19,SELL SHORT,5086.0,3375.0,Standard (1.0x) | Cycle yr%4=2: 0.75x | Risk: 60.0bps ($3375),23.196276183087665,WR: 58.0% | PF: 1.96 | Exp: 0.28r,26.59,27.25,25.26,2026-08-24,0.66,27.040000915527344,Open ±0.75 ATR,27.08767887524196,,,2.0,Liquid,EXPIRED,,,True,False,False,False
2026-08-20 08:50:56,"2+5+10+21d > 85, sell open +0.75 atr, 2 ATR tgt",Overbot Vol Spike,HSY,2026-08-19,SELL SHORT,912.0,3375.0,Standard (1.0x) | Cycle yr%4=2: 0.75x | Risk: 60.0bps ($3375),44.84096198603569,WR: 58.0% | PF: 1.96 | Exp: 0.28r,188.79,192.49,181.39,2026-08-24,3.7,189.8300018310547,Open ±0.75 ATR,191.56488064357214,,,2.0,Liquid,FILLED,2026-08-20,189.78,True,False,False,True
2026-08-20 08:50:56,"2+5+10+21d > 85, sell open +0.75 atr, 2 ATR tgt",Overbot Vol Spike,KO,2026-08-19,SELL SHORT,2421.0,3375.0,Standard (1.0x) | Cycle yr%4=2: 0.75x | Risk: 60.0bps ($3375),98.46392552366176,WR: 58.0% | PF: 1.96 | Exp: 0.28r,90.35,91.74,87.56,2026-08-24,1.39,90.76000213623048,Open ±0.75 ATR,91.39517715999058,,,2.0,Liquid,FILLED,2026-08-20,91.22,True,False,False,True
2026-08-20 08:50:56,"21dr < 15 3 consec, 5dr < 33, 2dr < 25, 252dr 50-90, rel vol < 15, market > 200 SMA, age >= 5y, pre-earnings -> 10 bps, GTC limit close-0.25 ATR, 10d hold, vol-confirmed 1.25 ATR stop (next open), 2.5 ATR tgt",Oversold Low Volume,ACHC,2026-08-19,BUY,700.0,1406.25,"Standard (1.0x) | Recency rung 1 (0.50x, 0 prior signal(s)/21td) | Risk: 37.5bps ($1406)",58.78975950349108,WR: 69.0% | PF: 2.82 | Exp: 0.48r,27.36,25.35,31.37,2026-09-03,1.61,29.25,LMT $26.96 GTC,26.958571978977748,,,3.0,Overflow,FILLED,2026-08-20,26.96,True,True,True,True
2026-08-20 08:50:56,"21dr < 15 3 consec, 5dr < 33, 2dr < 25, 252dr 50-90, rel vol < 15, market > 200 SMA, age >= 5y, pre-earnings -> 10 bps, GTC limit close-0.25 ATR, 10d hold, vol-confirmed 1.25 ATR stop (next open), 2.5 ATR tgt",Oversold Low Volume,CINF,2026-08-19,BUY,322.0,1406.25,"Standard (1.0x) | Recency rung 1 (0.50x, 0 prior signal(s)/21td) | Risk: 37.5bps ($1406)",56.69511249030256,WR: 69.0% | PF: 2.82 | Exp: 0.48r,168.49,164.12,177.22,2026-09-03,3.49,171.55999755859375,LMT $167.62 GTC,167.61661284310478,,,3.0,Overflow,FILLED,2026-08-20,167.62,True,True,True,True
2026-08-20 08:50:56,"21dr < 15 3 consec, 5dr < 33, 2dr < 25, 252dr 50-90, rel vol < 15, market > 200 SMA, age >= 5y, pre-earnings -> 10 bps, GTC limit close-0.25 ATR, 10d hold, vol-confirmed 1.25 ATR stop (next open), 2.5 ATR tgt",Oversold Low Volume,POWI,2026-08-19,BUY,629.0,2812.5,"Standard (1.0x) | Recency rung 3 (1.00x, 4 prior signal(s)/21td) | Risk: 37.5bps ($2812)",68.2079131109387,WR: 69.0% | PF: 2.82 | Exp: 0.48r,55.79,51.32,64.72,2026-09-03,3.57,59.5,LMT $54.90 GTC,54.896786621638704,,,3.0,Overflow,FILLED,2026-08-20,54.9,True,True,True,True
2026-08-20 08:50:56,"2+5+10+21d > 85, sell open +0.75 atr, 2 ATR tgt",Overbot Vol Spike,ARIS,2026-08-19,SELL SHORT,3563.0,3375.0,Standard (1.0x) | Cycle yr%4=2: 0.75x | Risk: 60.0bps ($3375),96.62831147979662,WR: 58.0% | PF: 1.96 | Exp: 0.28r,19.61,20.56,17.72,2026-08-24,0.95,19.875,Open ±0.75 ATR,20.320304019110544,,,2.0,Overflow,FILLED,2026-08-20,20.06,True,False,False,True
2026-08-20 08:50:56,"2+5+10+21d > 85, sell open +0.75 atr, 2 ATR tgt",Overbot Vol Spike,BR,2026-08-19,SELL SHORT,517.0,3375.0,Standard (1.0x) | Cycle yr%4=2: 0.75x | Risk: 60.0bps ($3375),3.691709844559585,WR: 58.0% | PF: 1.96 | Exp: 0.28r,176.03,182.56,162.98,2026-08-24,6.53,177.50999450683594,Open ±0.75 ATR,180.92428370884485,,,2.0,Overflow,EXPIRED,,,True,False,False,False
2026-08-20 08:50:56,"2+5+10+21d > 85, sell open +0.75 atr, 2 ATR tgt",Overbot Vol Spike,CPRT,2026-08-19,SELL SHORT,2904.0,3375.0,Standard (1.0x) | Cycle yr%4=2: 0.75x | Risk: 60.0bps ($3375),7.820015515903801,WR: 58.0% | PF: 1.96 | Exp: 0.28r,33.85,35.01,31.53,2026-08-24,1.16,33.880001068115234,Open ±0.75 ATR,34.7216055393219,,,2.0,Overflow,FILLED,2026-08-20,34.36,True,False,False,True
2026-08-20 08:50:56,"2+5+10+21d > 85, sell open +0.75 atr, 2 ATR tgt",Overbot Vol Spike,CTSH,2026-08-19,SELL SHORT,1332.0,3375.0,Standard (1.0x) | Cycle yr%4=2: 0.75x | Risk: 60.0bps ($3375),20.015515903801397,WR: 58.0% | PF: 1.96 | Exp: 0.28r,60.93,63.46,55.87,2026-08-24,2.53,61.5099983215332,Open ±0.75 ATR,62.82905455998012,,,2.0,Overflow,EXPIRED,,,True,False,False,False
2026-08-20 08:50:56,"2+5+10+21d > 85, sell open +0.75 atr, 2 ATR tgt",Overbot Vol Spike,EXLS,2026-08-19,SELL SHORT,2914.0,3375.0,Standard (1.0x) | Cycle yr%4=2: 0.75x | Risk: 60.0bps ($3375),12.333685322069694,WR: 58.0% | PF: 1.96 | Exp: 0.28r,37.02,38.18,34.7,2026-08-24,1.16,37.40999984741211,Open ±0.75 ATR,37.88839347021921,,,2.0,Overflow,FILLED,2026-08-20,37.73,True,False,False,True
2026-08-20 08:50:56,"2+5+10+21d > 85, sell open +0.75 atr, 2 ATR tgt",Overbot Vol Spike,GWRE,2026-08-19,SELL SHORT,419.0,3375.0,Standard (1.0x) | Cycle yr%4=2: 0.75x | Risk: 60.0bps ($3375),13.133978305482264,WR: 58.0% | PF: 1.96 | Exp: 0.28r,181.18,189.23,165.08,2026-08-24,8.05,185.6999969482422,Open ±0.75 ATR,187.21588706970215,,,2.0,Overflow,EXPIRED,,,True,False,False,False
2026-08-20 08:50:56,"2+5+10+21d > 85, sell open +0.75 atr, 2 ATR tgt",Overbot Vol Spike,LDOS,2026-08-19,SELL SHORT,668.0,3375.0,Standard (1.0x) | Cycle yr%4=2: 0.75x | Risk: 60.0bps ($3375),7.851414098775855,WR: 58.0% | PF: 1.96 | Exp: 0.28r,146.31,151.36,136.21,2026-08-24,5.05,147.3300018310547,Open ±0.75 ATR,150.09803322383337,,,2.0,Overflow,EXPIRED,,,True,False,False,False
2026-08-20 08:50:56,"2+5+10+21d > 85, sell open +0.75 atr, 2 ATR tgt",Overbot Vol Spike,PSKY,2026-08-19,SELL SHORT,8063.0,3375.0,Standard (1.0x) | Cycle yr%4=2: 0.75x | Risk: 60.0bps ($3375),28.77320419693301,WR: 58.0% | PF: 1.96 | Exp: 0.28r,10.6,11.02,9.76,2026-08-24,0.42,10.630000114440918,Open ±0.75 ATR,10.913928985595703,,,2.0,Overflow,EXPIRED,,,True,False,False,False
2026-08-20 08:50:56,"2+5+10+21d > 85, sell open +0.75 atr, 2 ATR tgt",Overbot Vol Spike,SAP,2026-08-19,SELL SHORT,534.0,3375.0,Standard (1.0x) | Cycle yr%4=2: 0.75x | Risk: 60.0bps ($3375),14.491854150504263,WR: 58.0% | PF: 1.96 | Exp: 0.28r,215.6,221.92,202.96,2026-08-24,6.32,218.17999267578125,Open ±0.75 ATR,220.33947045462472,,,2.0,Overflow,EXPIRED,,,True,False,False,False
2026-08-20 08:50:56,"2+5+10+21d > 85, sell open +0.75 atr, 2 ATR tgt",Overbot Vol Spike,SPSC,2026-08-19,SELL SHORT,916.0,3375.0,Standard (1.0x) | Cycle yr%4=2: 0.75x | Risk: 60.0bps ($3375),9.33852140077821,WR: 58.0% | PF: 1.96 | Exp: 0.28r,80.76,84.44,73.4,2026-08-24,3.68,82.13999938964844,Open ±0.75 ATR,83.5216086251395,,,2.0,Overflow,EXPIRED,,,True,False,False,False
2026-08-20 08:50:56,"2d+5d+10d+21d < 15%ile, 252d between 65-90, range 0-15, today ret -10..-0.25 ATR, 100sma 20 consec above, 200sma 50 consec above, age >= 5y, ±10 earnings blackout, GTC limit close-0.25 ATR, 2 ATR tgt, 1d hold",LT Trend ST OS,GL,2026-08-19,BUY,871.0,3375.0,Standard (1.0x) | Risk: 45.0bps ($3375),75.43832428238944,WR: 68.4% | PF: 2.91 | Exp: 0.40r,171.46,167.59,179.2,2026-08-21,3.87,178.14999389648438,LMT $170.49 GTC,170.4919716971261,,,1.0,Overflow,FILLED,2026-08-20,170.49,True,True,True,True
2026-08-21 08:50:17,"21dr < 15 3 consec, 5dr < 33, 2dr < 25, 252dr 50-90, rel vol < 15, market > 200 SMA, age >= 5y, pre-earnings -> 10 bps, GTC limit close-0.25 ATR, 10d hold, vol-confirmed 1.25 ATR stop (next open), 2.5 ATR tgt",Oversold Low Volume,LUV,2026-08-20,BUY,633.0,1134.3135912077787,"Standard (1.0x) | Recency rung 3 (1.00x, 3 prior signal(s)/21td) | Notional cap 50% NAV ($349,734 open): 2197 → 633 sh | Risk: 52.5bps ($1134)",76.29537697797083,WR: 69.0% | PF: 2.82 | Exp: 0.48r,39.89,38.1,43.47,2026-09-04,1.43,41.0,LMT $39.53 GTC,39.53160646983555,,,3.0,Liquid,EXPIRED,,,True,False,False,False
2026-08-21 08:50:17,"21dr < 15 3 consec, 5dr < 33, 2dr < 25, 252dr 50-90, rel vol < 15, market > 200 SMA, age >= 5y, pre-earnings -> 10 bps, GTC limit close-0.25 ATR, 10d hold, vol-confirmed 1.25 ATR stop (next open), 2.5 ATR tgt",Oversold Low Volume,UNH,2026-08-20,BUY,292.0,3415.6189073835053,"Standard (1.0x) | Recency rung 3 (1.00x, 2 prior signal(s)/21td) | Notional cap 50% NAV ($262,556 open): 336 → 292 sh | Risk: 52.5bps ($3416)",59.78901644430654,WR: 69.0% | PF: 2.82 | Exp: 0.48r,384.85,373.15,408.24,2026-09-04,9.36,392.7099914550781,LMT $382.51 GTC,382.5105410984584,,,3.0,Liquid,EXPIRED,,,True,False,False,False
2026-08-21 08:50:17,"2+5+10+21d > 85, sell open +0.75 atr, 2 ATR tgt",Overbot Vol Spike,NEM,2026-08-20,SELL SHORT,690.0,3375.0,Standard (1.0x) | Cycle yr%4=2: 0.75x | Risk: 60.0bps ($3375),95.76481538938876,WR: 58.0% | PF: 1.96 | Exp: 0.28r,127.64,132.53,117.86,2026-08-25,4.89,128.69000244140625,Open ±0.75 ATR,131.30642686571395,,,2.0,Liquid,EXPIRED,,,True,False,False,False
2026-08-21 08:50:17,"21dr < 15 3 consec, 5dr < 33, 2dr < 25, 252dr 50-90, rel vol < 15, market > 200 SMA, age >= 5y, pre-earnings -> 10 bps, GTC limit close-0.25 ATR, 10d hold, vol-confirmed 1.25 ATR stop (next open), 2.5 ATR tgt",Oversold Low Volume,CINF,2026-08-20,BUY,477.0,1968.75,"Standard (1.0x) | Recency rung 2 (0.70x, 1 prior signal(s)/21td) | Risk: 37.5bps ($1969)",52.60626745268383,WR: 69.0% | PF: 2.82 | Exp: 0.48r,168.19,164.07,176.43,2026-09-04,3.3,169.0500030517578,LMT $167.37 GTC,167.36589540754045,,,3.0,Overflow,EXPIRED,,,True,False,False,False
2026-08-21 08:50:17,"21dr < 15 3 consec, 5dr < 33, 2dr < 25, 252dr 50-90, rel vol < 15, market > 200 SMA, age >= 5y, pre-earnings -> 10 bps, GTC limit close-0.25 ATR, 10d hold, vol-confirmed 1.25 ATR stop (next open), 2.5 ATR tgt",Oversold Low Volume,MOD,2026-08-20,BUY,94.0,1406.25,"Standard (1.0x) | Recency rung 1 (0.50x, 0 prior signal(s)/21td) | Risk: 37.5bps ($1406)",68.3059261557555,WR: 69.0% | PF: 2.82 | Exp: 0.48r,190.74,175.91,220.4,2026-09-04,11.86,195.97000122070312,LMT $187.77 GTC,187.77446937561035,,,3.0,Overflow,FILLED,2026-08-24,187.78,True,True,True,True
2026-08-21 08:50:17,"21dr < 15 3 consec, 5dr < 33, 2dr < 25, 252dr 50-90, rel vol < 15, market > 200 SMA, age >= 5y, pre-earnings -> 10 bps, GTC limit close-0.25 ATR, 10d hold, vol-confirmed 1.25 ATR stop (next open), 2.5 ATR tgt",Oversold Low Volume,POWI,2026-08-20,BUY,637.0,2812.5,"Standard (1.0x) | Recency rung 3 (1.00x, 5 prior signal(s)/21td) | Risk: 37.5bps ($2812)",65.79273968352467,WR: 69.0% | PF: 2.82 | Exp: 0.48r,54.84,50.42,63.67,2026-09-04,3.53,56.79999923706055,LMT $53.96 GTC,53.95696449279785,,,3.0,Overflow,FILLED,2026-08-24,53.96,True,True,True,True
2026-08-21 08:50:17,"2+5+10+21d > 85, sell open +0.75 atr, 2 ATR tgt",Overbot Vol Spike,AGI,2026-08-20,SELL SHORT,2284.0,3375.0,Standard (1.0x) | Cycle yr%4=2: 0.75x | Risk: 60.0bps ($3375),63.42897879165924,WR: 58.0% | PF: 1.96 | Exp: 0.28r,36.69,38.17,33.74,2026-08-25,1.48,36.7599983215332,Open ±0.75 ATR,37.79785568373544,,,2.0,Overflow,EXPIRED,,,True,False,False,False
2026-08-21 08:50:17,"2+5+10+21d > 85, sell open +0.75 atr, 2 ATR tgt",Overbot Vol Spike,APA,2026-08-20,SELL SHORT,2096.0,3375.0,Standard (1.0x) | Cycle yr%4=2: 0.75x | Risk: 60.0bps ($3375),98.06081290722928,WR: 58.0% | PF: 1.96 | Exp: 0.28r,44.39,46.0,41.17,2026-08-25,1.61,45.04999923706055,Open ±0.75 ATR,45.597499234335764,,,2.0,Overflow,EXPIRED,,,True,False,False,False
2026-08-21 08:50:17,"2+5+10+21d > 85, sell open +0.75 atr, 2 ATR tgt",Overbot Vol Spike,ARIS,2026-08-20,SELL SHORT,3579.0,3375.0,Standard (1.0x) | Cycle yr%4=2: 0.75x | Risk: 60.0bps ($3375),96.7362225789192,WR: 58.0% | PF: 1.96 | Exp: 0.28r,20.19,21.13,18.3,2026-08-25,0.94,20.229999542236328,Open ±0.75 ATR,20.897143176623754,,,2.0,Overflow,EXPIRED,,,True,False,False,False
2026-08-21 08:50:17,"2+5+10+21d > 85, sell open +0.75 atr, 2 ATR tgt",Overbot Vol Spike,AU,2026-08-20,SELL SHORT,666.0,3375.0,Standard (1.0x) | Cycle yr%4=2: 0.75x | Risk: 60.0bps ($3375),95.7958423828731,WR: 58.0% | PF: 1.96 | Exp: 0.28r,115.14,120.21,105.01,2026-08-25,5.07,115.7300033569336,Open ±0.75 ATR,118.93982042585101,,,2.0,Overflow,EXPIRED,,,True,False,False,False
2026-08-21 08:50:17,"2+5+10+21d > 85, sell open +0.75 atr, 2 ATR tgt",Overbot Vol Spike,BR,2026-08-20,SELL SHORT,506.0,3375.0,Standard (1.0x) | Cycle yr%4=2: 0.75x | Risk: 60.0bps ($3375),3.734081588603497,WR: 58.0% | PF: 1.96 | Exp: 0.28r,178.5,185.17,165.16,2026-08-25,6.67,178.61000061035156,Open ±0.75 ATR,183.50196402413505,,,2.0,Overflow,EXPIRED,,,True,False,False,False
2026-08-21 08:50:17,"2+5+10+21d > 85, sell open +0.75 atr, 2 ATR tgt",Overbot Vol Spike,CGAU,2026-08-20,SELL SHORT,3537.0,3375.0,Standard (1.0x) | Cycle yr%4=2: 0.75x | Risk: 60.0bps ($3375),97.9610750695088,WR: 58.0% | PF: 1.96 | Exp: 0.28r,23.49,24.44,21.58,2026-08-25,0.95,23.549999237060547,Open ±0.75 ATR,24.205519131251744,,,2.0,Overflow,EXPIRED,,,True,False,False,False
2026-08-21 08:50:17,"2d+5d+10d+21d < 15%ile, 252d between 65-90, range 0-15, today ret -10..-0.25 ATR, 100sma 20 consec above, 200sma 50 consec above, age >= 5y, ±10 earnings blackout, GTC limit close-0.25 ATR, 2 ATR tgt, 1d hold",LT Trend ST OS,GL,2026-08-20,BUY,880.0,3375.0,Standard (1.0x) | Risk: 45.0bps ($3375),73.1926776295377,WR: 68.4% | PF: 2.91 | Exp: 0.40r,170.49,166.66,178.15,2026-08-24,3.83,173.13999938964844,LMT $169.53 GTC,169.5321489061628,,,1.0,Overflow,EXPIRED,,,True,False,False,False
2026-08-24 08:51:14,"21dr < 15 3 consec, 5dr < 33, 2dr < 25, 252dr 50-90, rel vol < 15, market > 200 SMA, age >= 5y, pre-earnings -> 10 bps, GTC limit close-0.25 ATR, 10d hold, vol-confirmed 1.25 ATR stop (next open), 2.5 ATR tgt",Oversold Low Volume,LUV,2026-08-21,BUY,771.0,1267.3315020969928,"Standard (1.0x) | Recency rung 3 (1.00x, 4 prior signal(s)/21td) | Notional cap 50% NAV ($343,850 open): 2395 → 771 sh | Risk: 52.5bps ($1267)",78.29998448890957,WR: 69.0% | PF: 2.82 | Exp: 0.48r,40.38,38.74,43.67,2026-09-08,1.32,40.59999847412109,LMT $40.05 GTC,40.05125100272043,,,3.0,Liquid,EXPIRED,,,True,False,False,False
2026-08-24 08:51:14,"2+5+10+21d > 85, sell open +0.75 atr, 2 ATR tgt",Overbot Vol Spike,ABT,2026-08-21,SELL SHORT,1437.0,3375.0,Standard (1.0x) | Cycle yr%4=2: 0.75x | Risk: 60.0bps ($3375),13.92895920583217,WR: 58.0% | PF: 1.96 | Exp: 0.28r,116.64,118.99,111.94,2026-08-26,2.35,116.66000366210938,Open ±0.75 ATR,118.40142904009137,,,2.0,Liquid,EXPIRED,,,True,False,False,False
2026-08-24 08:51:14,"2+5+10+21d > 85, sell open +0.75 atr, 2 ATR tgt",Overbot Vol Spike,NEM,2026-08-21,SELL SHORT,669.0,3375.0,Standard (1.0x) | Cycle yr%4=2: 0.75x | Risk: 60.0bps ($3375),95.8275166744222,WR: 58.0% | PF: 1.96 | Exp: 0.28r,131.58,136.62,121.5,2026-08-26,5.04,132.33999633789062,Open ±0.75 ATR,135.36160796029228,,,2.0,Liquid,EXPIRED,,,True,False,False,False
2026-08-24 08:51:14,"21dr < 15 3 consec, 5dr < 33, 2dr < 25, 252dr 50-90, rel vol < 15, market > 200 SMA, age >= 5y, pre-earnings -> 10 bps, GTC limit close-0.25 ATR, 10d hold, vol-confirmed 1.25 ATR stop (next open), 2.5 ATR tgt",Oversold Low Volume,CHRW,2026-08-21,BUY,239.0,1406.25,"Standard (1.0x) | Recency rung 1 (0.50x, 0 prior signal(s)/21td) | Risk: 37.5bps ($1406)",62.23049480378471,WR: 69.0% | PF: 2.82 | Exp: 0.48r,141.63,135.77,153.36,2026-09-08,4.69,145.25,LMT $140.46 GTC,140.45732634408134,,,3.0,Overflow,EXPIRED,,,True,False,False,False
2026-08-24 08:51:14,"21dr < 15 3 consec, 5dr < 33, 2dr < 25, 252dr 50-90, rel vol < 15, market > 200 SMA, age >= 5y, pre-earnings -> 10 bps, GTC limit close-0.25 ATR, 10d hold, vol-confirmed 1.25 ATR stop (next open), 2.5 ATR tgt",Oversold Low Volume,CMI,2026-08-21,BUY,54.0,1406.25,"Standard (1.0x) | Recency rung 1 (0.50x, 0 prior signal(s)/21td) | Risk: 37.5bps ($1406)",77.46238560570808,WR: 69.0% | PF: 2.82 | Exp: 0.48r,587.68,561.83,639.39,2026-09-08,20.68,602.030029296875,LMT $582.51 GTC,582.5091465541294,,,3.0,Overflow,FILLED,2026-08-24,582.51,True,True,True,True
2026-08-24 08:51:14,"21dr < 15 3 consec, 5dr < 33, 2dr < 25, 252dr 50-90, rel vol < 15, market > 200 SMA, age >= 5y, pre-earnings -> 10 bps, GTC limit close-0.25 ATR, 10d hold, vol-confirmed 1.25 ATR stop (next open), 2.5 ATR tgt",Oversold Low Volume,CRS,2026-08-21,BUY,47.0,1406.25,"Standard (1.0x) | Recency rung 1 (0.50x, 0 prior signal(s)/21td) | Risk: 37.5bps ($1406)",87.96339382658601,WR: 69.0% | PF: 2.82 | Exp: 0.48r,492.38,462.68,551.77,2026-09-08,23.76,495.510009765625,LMT $486.44 GTC,486.4408988952637,,,3.0,Overflow,FILLED,2026-08-24,486.44,True,True,True,True
2026-08-24 08:51:14,"21dr < 15 3 consec, 5dr < 33, 2dr < 25, 252dr 50-90, rel vol < 15, market > 200 SMA, age >= 5y, pre-earnings -> 10 bps, GTC limit close-0.25 ATR, 10d hold, vol-confirmed 1.25 ATR stop (next open), 2.5 ATR tgt",Oversold Low Volume,ON,2026-08-21,BUY,313.0,1406.25,"Standard (1.0x) | Recency rung 1 (0.50x, 0 prior signal(s)/21td) | Risk: 37.5bps ($1406)",75.75424261470774,WR: 69.0% | PF: 2.82 | Exp: 0.48r,74.21,69.73,83.18,2026-09-08,3.59,75.66999816894531,LMT $73.31 GTC,73.31339209420341,,,3.0,Overflow,FILLED,2026-08-24,73.31,True,True,True,True
2026-08-24 08:51:14,"21dr < 15 3 consec, 5dr < 33, 2dr < 25, 252dr 50-90, rel vol < 15, market > 200 SMA, age >= 5y, pre-earnings -> 10 bps, GTC limit close-0.25 ATR, 10d hold, vol-confirmed 1.25 ATR stop (next open), 2.5 ATR tgt",Oversold Low Volume,WWD,2026-08-21,BUY,96.0,1406.25,"Standard (1.0x) | Recency rung 1 (0.50x, 0 prior signal(s)/21td) | Risk: 37.5bps ($1406)",73.05723592368544,WR: 69.0% | PF: 2.82 | Exp: 0.48r,343.26,328.71,372.37,2026-09-08,11.64,346.8699951171875,LMT $340.35 GTC,340.3491837637765,,,3.0,Overflow,FILLED,2026-08-24,340.35,True,True,True,True
2026-08-24 08:51:14,"2+5+10+21d > 85, sell open +0.75 atr, 2 ATR tgt",Overbot Vol Spike,AGI,2026-08-21,SELL SHORT,2236.0,3375.0,Standard (1.0x) | Cycle yr%4=2: 0.75x | Risk: 60.0bps ($3375),63.578047042052745,WR: 58.0% | PF: 1.96 | Exp: 0.28r,37.86,39.37,34.84,2026-08-26,1.51,38.2599983215332,Open ±0.75 ATR,38.99196474892752,,,2.0,Overflow,EXPIRED,,,True,False,False,False
2026-08-24 08:51:14,"2+5+10+21d > 85, sell open +0.75 atr, 2 ATR tgt",Overbot Vol Spike,ARIS,2026-08-21,SELL SHORT,3679.0,3375.0,Standard (1.0x) | Cycle yr%4=2: 0.75x | Risk: 60.0bps ($3375),96.79058571810644,WR: 58.0% | PF: 1.96 | Exp: 0.28r,20.86,21.78,19.03,2026-08-26,0.92,20.950000762939453,Open ±0.75 ATR,21.547857557024276,,,2.0,Overflow,EXPIRED,,,True,False,False,False
2026-08-24 08:51:14,"2+5+10+21d > 85, sell open +0.75 atr, 2 ATR tgt",Overbot Vol Spike,AU,2026-08-21,SELL SHORT,638.0,3375.0,Standard (1.0x) | Cycle yr%4=2: 0.75x | Risk: 60.0bps ($3375),96.2618272064526,WR: 58.0% | PF: 1.96 | Exp: 0.28r,121.22,126.51,110.64,2026-08-26,5.29,121.86000061035156,Open ±0.75 ATR,125.18594469342914,,,2.0,Overflow,EXPIRED,,,True,False,False,False
2026-08-24 08:51:14,"2+5+10+21d > 85, sell open +0.75 atr, 2 ATR tgt",Overbot Vol Spike,BR,2026-08-21,SELL SHORT,514.0,3375.0,Standard (1.0x) | Cycle yr%4=2: 0.75x | Risk: 60.0bps ($3375),4.03539059128183,WR: 58.0% | PF: 1.96 | Exp: 0.28r,182.18,188.74,169.05,2026-08-26,6.56,182.5200042724609,Open ±0.75 ATR,187.10320663452148,,,2.0,Overflow,EXPIRED,,,True,False,False,False
2026-08-24 08:51:14,"2+5+10+21d > 85, sell open +0.75 atr, 2 ATR tgt",Overbot Vol Spike,CGAU,2026-08-21,SELL SHORT,3561.0,3375.0,Standard (1.0x) | Cycle yr%4=2: 0.75x | Risk: 60.0bps ($3375),97.82256196432708,WR: 58.0% | PF: 1.96 | Exp: 0.28r,23.75,24.7,21.85,2026-08-26,0.95,24.15999984741211,Open ±0.75 ATR,24.46079969406128,,,2.0,Overflow,EXPIRED,,,True,False,False,False
2026-08-24 08:51:14,"2+5+10+21d > 85, sell open +0.75 atr, 2 ATR tgt",Overbot Vol Spike,DLB,2026-08-21,SELL SHORT,2335.0,3375.0,Standard (1.0x) | Cycle yr%4=2: 0.75x | Risk: 60.0bps ($3375),23.99689862376429,WR: 58.0% | PF: 1.96 | Exp: 0.28r,65.27,66.71,62.38,2026-08-26,1.44,65.36000061035156,Open ±0.75 ATR,66.35358844484601,,,2.0,Overflow,FILLED,2026-08-24,66.12,True,False,False,True
2026-08-24 08:51:14,"2+5+10+21d > 85, sell open +0.75 atr, 2 ATR tgt",Overbot Vol Spike,ICE,2026-08-21,SELL SHORT,1004.0,3375.0,Standard (1.0x) | Cycle yr%4=2: 0.75x | Risk: 60.0bps ($3375),11.488933601609656,WR: 58.0% | PF: 1.96 | Exp: 0.28r,161.25,164.61,154.53,2026-08-26,3.36,162.0800018310547,Open ±0.75 ATR,163.76892961774553,,,2.0,Overflow,EXPIRED,,,True,False,False,False
2026-08-24 08:51:14,"2+5+10+21d > 85, sell open +0.75 atr, 2 ATR tgt",Overbot Vol Spike,MANH,2026-08-21,SELL SHORT,459.0,3375.0,Standard (1.0x) | Cycle yr%4=2: 0.75x | Risk: 60.0bps ($3375),39.05692570187684,WR: 58.0% | PF: 1.96 | Exp: 0.28r,214.56,221.9,199.88,2026-08-26,7.34,215.3800048828125,Open ±0.75 ATR,220.06606810433524,,,2.0,Overflow,EXPIRED,,,True,False,False,False
2026-08-24 08:51:14,"2+5+10+21d > 85, sell open +0.75 atr, 2 ATR tgt",Overbot Vol Spike,SKM,2026-08-21,SELL SHORT,2014.0,3375.0,Standard (1.0x) | Cycle yr%4=2: 0.75x | Risk: 60.0bps ($3375),99.50364510625096,WR: 58.0% | PF: 1.96 | Exp: 0.28r,40.29,41.97,36.94,2026-08-26,1.68,41.0099983215332,Open ±0.75 ATR,41.54678658076695,,,2.0,Overflow,EXPIRED,,,True,False,False,False
2026-08-25 08:51:18,"21dr < 15 3 consec, 5dr < 33, 2dr < 25, 252dr 50-90, rel vol < 15, market > 200 SMA, age >= 5y, pre-earnings -> 10 bps, GTC limit close-0.25 ATR, 10d hold, vol-confirmed 1.25 ATR stop (next open), 2.5 ATR tgt",Oversold Low Volume,D,2026-08-24,BUY,693.0,984.5,"Standard (1.0x) | P/C 50%ile (fear OFF) + dial 90 -> 0.50x | Recency rung 1 (0.50x, 0 prior signal(s)/21td) | Risk: 52.5bps ($984)",57.78535980148883,WR: 69.0% | PF: 2.82 | Exp: 0.48r,66.61,65.19,69.45,2026-09-09,1.14,66.94999694824219,LMT $66.33 GTC,66.32625034877232,,,3.0,Liquid,FILLED,2026-08-25,66.33,True,True,True,True
2026-08-25 08:51:18,"21dr < 15 3 consec, 5dr < 33, 2dr < 25, 252dr 50-90, rel vol < 15, market > 200 SMA, age >= 5y, pre-earnings -> 10 bps, GTC limit close-0.25 ATR, 10d hold, vol-confirmed 1.25 ATR stop (next open), 2.5 ATR tgt",Oversold Low Volume,ETR,2026-08-24,BUY,367.0,984.5,"Standard (1.0x) | P/C 50%ile (fear OFF) + dial 90 -> 0.50x | Recency rung 1 (0.50x, 0 prior signal(s)/21td) | Risk: 52.5bps ($984)",67.01302729528535,WR: 69.0% | PF: 2.82 | Exp: 0.48r,105.79,103.11,111.15,2026-09-09,2.14,105.95999908447266,LMT $105.25 GTC,105.2539495740618,,,3.0,Liquid,EXPIRED,,,True,False,False,False
2026-08-25 08:51:18,"2+5+10+21d > 85, sell open +0.75 atr, 2 ATR tgt",Overbot Vol Spike,AMGN,2026-08-24,SELL SHORT,290.0,3375.0,Standard (1.0x) | Cycle yr%4=2: 0.75x | Risk: 60.0bps ($3375),97.8287841191067,WR: 58.0% | PF: 1.96 | Exp: 0.28r,443.84,455.45,420.61,2026-08-27,11.61,445.8699951171875,Open ±0.75 ATR,452.5493948800223,,,2.0,Liquid,EXPIRED,,,True,False,False,False
2026-08-25 08:51:18,"2+5+10+21d > 85, sell open +0.75 atr, 2 ATR tgt",Overbot Vol Spike,CAG,2026-08-24,SELL SHORT,8246.0,3375.0,Standard (1.0x) | Cycle yr%4=2: 0.75x | Risk: 60.0bps ($3375),26.16315136476427,WR: 58.0% | PF: 1.96 | Exp: 0.28r,16.67,17.08,15.85,2026-08-27,0.41,16.739999771118164,Open ±0.75 ATR,16.976964337485178,,,2.0,Liquid,EXPIRED,,,True,False,False,False
2026-08-25 08:51:18,"2+5+10+21d > 85, sell open +0.75 atr, 2 ATR tgt",Overbot Vol Spike,CMCSA,2026-08-24,SELL SHORT,5734.0,3375.0,Standard (1.0x) | Cycle yr%4=2: 0.75x | Risk: 60.0bps ($3375),24.937965260545905,WR: 58.0% | PF: 1.96 | Exp: 0.28r,27.02,27.61,25.84,2026-08-27,0.59,27.18000030517578,Open ±0.75 ATR,27.4614292212895,,,2.0,Liquid,FILLED,2026-08-25,27.34,True,False,False,True
2026-08-25 08:51:18,"2+5+10+21d > 85, sell open +0.75 atr, 2 ATR tgt",Overbot Vol Spike,DIS,2026-08-24,SELL SHORT,1363.0,3375.0,Standard (1.0x) | Cycle yr%4=2: 0.75x | Risk: 60.0bps ($3375),32.97146401985111,WR: 58.0% | PF: 1.96 | Exp: 0.28r,110.61,113.09,105.66,2026-08-27,2.48,111.87000274658205,Open ±0.75 ATR,112.46625110081264,,,2.0,Liquid,EXPIRED,,,True,False,False,False
2026-08-25 08:51:18,"2+5+10+21d > 85, sell open +0.75 atr, 2 ATR tgt",Overbot Vol Spike,GIS,2026-08-24,SELL SHORT,3304.0,3375.0,Standard (1.0x) | Cycle yr%4=2: 0.75x | Risk: 60.0bps ($3375),11.80210918114144,WR: 58.0% | PF: 1.96 | Exp: 0.28r,40.92,41.94,38.88,2026-08-27,1.02,41.06999969482422,Open ±0.75 ATR,41.68606955664499,,,2.0,Liquid,EXPIRED,,,True,False,False,False
2026-08-25 08:51:18,"2+5+10+21d > 85, sell open +0.75 atr, 2 ATR tgt",Overbot Vol Spike,KO,2026-08-24,SELL SHORT,2526.0,3375.0,Standard (1.0x) | Cycle yr%4=2: 0.75x | Risk: 60.0bps ($3375),98.13895781637716,WR: 58.0% | PF: 1.96 | Exp: 0.28r,91.99,93.33,89.32,2026-08-27,1.34,92.48999786376952,Open ±0.75 ATR,92.99178341456822,,,2.0,Liquid,EXPIRED,,,True,False,False,False
2026-08-25 08:51:18,"21dr < 15 3 consec, 5dr < 33, 2dr < 25, 252dr 50-90, rel vol < 15, market > 200 SMA, age >= 5y, pre-earnings -> 10 bps, GTC limit close-0.25 ATR, 10d hold, vol-confirmed 1.25 ATR stop (next open), 2.5 ATR tgt",Oversold Low Volume,AMKR,2026-08-24,BUY,162.0,703.125,"Standard (1.0x) | P/C 50%ile (fear OFF) + dial 90 -> 0.50x | Recency rung 1 (0.50x, 0 prior signal(s)/21td) | Risk: 37.5bps ($703)",88.6786600496278,WR: 69.0% | PF: 2.82 | Exp: 0.48r,47.9,43.58,56.53,2026-09-09,3.45,49.0,LMT $47.04 GTC,47.036965778895784,,,3.0,Overflow,EXPIRED,,,True,False,False,False
2026-08-25 08:51:18,"21dr < 15 3 consec, 5dr < 33, 2dr < 25, 252dr 50-90, rel vol < 15, market > 200 SMA, age >= 5y, pre-earnings -> 10 bps, GTC limit close-0.25 ATR, 10d hold, vol-confirmed 1.25 ATR stop (next open), 2.5 ATR tgt",Oversold Low Volume,ON,2026-08-24,BUY,227.0,984.375,"Standard (1.0x) | P/C 50%ile (fear OFF) + dial 90 -> 0.50x | Recency rung 2 (0.70x, 1 prior signal(s)/21td) | Risk: 37.5bps ($984)",74.32835820895522,WR: 69.0% | PF: 2.82 | Exp: 0.48r,71.93,67.6,80.59,2026-09-09,3.47,73.52999877929688,LMT $71.06 GTC,71.06357192993164,,,3.0,Overflow,EXPIRED,,,True,False,False,False
2026-08-25 08:51:18,"21dr < 15 3 consec, 5dr < 33, 2dr < 25, 252dr 50-90, rel vol < 15, market > 200 SMA, age >= 5y, pre-earnings -> 10 bps, GTC limit close-0.25 ATR, 10d hold, vol-confirmed 1.25 ATR stop (next open), 2.5 ATR tgt",Oversold Low Volume,POWI,2026-08-24,BUY,339.0,1406.25,"Standard (1.0x) | P/C 50%ile (fear OFF) + dial 90 -> 0.50x | Recency rung 3 (1.00x, 6 prior signal(s)/21td) | Risk: 37.5bps ($1406)",65.89640198511167,WR: 69.0% | PF: 2.82 | Exp: 0.48r,53.18,49.04,61.47,2026-09-09,3.32,54.65999984741211,LMT $52.35 GTC,52.35107183456421,,,3.0,Overflow,EXPIRED,,,True,False,False,False
2026-08-25 08:51:18,"21dr < 15 3 consec, 5dr < 33, 2dr < 25, 252dr 50-90, rel vol < 15, market > 200 SMA, age >= 5y, pre-earnings -> 10 bps, GTC limit close-0.25 ATR, 10d hold, vol-confirmed 1.25 ATR stop (next open), 2.5 ATR tgt",Oversold Low Volume,WWD,2026-08-24,BUY,70.0,984.375,"Standard (1.0x) | P/C 50%ile (fear OFF) + dial 90 -> 0.50x | Recency rung 2 (0.70x, 1 prior signal(s)/21td) | Risk: 37.5bps ($984)",66.39267990074443,WR: 69.0% | PF: 2.82 | Exp: 0.48r,333.15,319.2,361.05,2026-09-09,11.16,343.2200012207031,LMT $330.36 GTC,330.3601264953613,,,3.0,Overflow,EXPIRED,,,True,False,False,False
2026-08-25 08:51:18,"2+5+10+21d > 85, sell open +0.75 atr, 2 ATR tgt",Overbot Vol Spike,AJG,2026-08-24,SELL SHORT,460.0,3375.0,Standard (1.0x) | Cycle yr%4=2: 0.75x | Risk: 60.0bps ($3375),10.5924317617866,WR: 58.0% | PF: 1.96 | Exp: 0.28r,271.99,279.31,257.34,2026-08-27,7.32,272.3699951171875,Open ±0.75 ATR,277.48320497785295,,,2.0,Overflow,EXPIRED,,,True,False,False,False
2026-08-25 08:51:18,"2+5+10+21d > 85, sell open +0.75 atr, 2 ATR tgt",Overbot Vol Spike,BR,2026-08-24,SELL SHORT,613.0,3375.0,Standard (1.0x) | Cycle yr%4=2: 0.75x | Risk: 60.0bps ($3375),4.18554476806904,WR: 58.0% | PF: 1.96 | Exp: 0.28r,185.45,190.95,174.45,2026-08-27,5.5,186.91000366210935,Open ±0.75 ATR,189.5766040257045,,,2.0,Overflow,EXPIRED,,,True,False,False,False
2026-08-25 08:51:18,"2+5+10+21d > 85, sell open +0.75 atr, 2 ATR tgt",Overbot Vol Spike,DLB,2026-08-24,SELL SHORT,2468.0,3375.0,Standard (1.0x) | Cycle yr%4=2: 0.75x | Risk: 60.0bps ($3375),26.531007751937985,WR: 58.0% | PF: 1.96 | Exp: 0.28r,66.05,67.42,63.32,2026-08-27,1.37,66.41999816894531,Open ±0.75 ATR,67.07547398975917,,,2.0,Overflow,EXPIRED,,,True,False,False,False
2026-08-25 08:51:18,"2+5+10+21d > 85, sell open +0.75 atr, 2 ATR tgt",Overbot Vol Spike,ICE,2026-08-24,SELL SHORT,1042.0,3375.0,Standard (1.0x) | Cycle yr%4=2: 0.75x | Risk: 60.0bps ($3375),12.251056125528065,WR: 58.0% | PF: 1.96 | Exp: 0.28r,162.99,166.23,156.51,2026-08-27,3.24,163.02999877929688,Open ±0.75 ATR,165.41893468584334,,,2.0,Overflow,EXPIRED,,,True,False,False,False
2026-08-25 08:51:18,"2+5+10+21d > 85, sell open +0.75 atr, 2 ATR tgt",Overbot Vol Spike,TRI,2026-08-24,SELL SHORT,648.0,3375.0,Standard (1.0x) | Cycle yr%4=2: 0.75x | Risk: 60.0bps ($3375),3.0152475586774026,WR: 58.0% | PF: 1.96 | Exp: 0.28r,108.62,113.83,98.21,2026-08-27,5.21,109.45999908447266,Open ±0.75 ATR,112.52534198760986,,,2.0,Overflow,EXPIRED,,,True,False,False,False
2026-08-26 08:51:08,"2+5+10+21d > 85, sell open +0.75 atr, 2 ATR tgt",Overbot Vol Spike,DIS,2026-08-25,SELL SHORT,1501.0,3375.0,Standard (1.0x) | Cycle yr%4=2: 0.75x | Risk: 60.0bps ($3375),30.485346565358974,WR: 58.0% | PF: 1.96 | Exp: 0.28r,111.25,113.5,106.76,2026-08-28,2.25,111.5999984741211,Open ±0.75 ATR,112.9353575025286,,,2.0,Liquid,EXPIRED,,,True,False,False,False
2026-08-26 08:51:08,"2+5+10+21d > 85, sell open +0.75 atr, 2 ATR tgt",Overbot Vol Spike,MRK,2026-08-25,SELL SHORT,723.0,3375.0,Standard (1.0x) | Cycle yr%4=2: 0.75x | Risk: 60.0bps ($3375),99.96898743991316,WR: 58.0% | PF: 1.96 | Exp: 0.28r,156.45,161.12,147.12,2026-08-28,4.67,156.9199981689453,Open ±0.75 ATR,159.94981724875313,,,2.0,Liquid,EXPIRED,,,True,False,False,False
2026-08-26 08:51:08,"21dr < 15 3 consec, 5dr < 33, 2dr < 25, 252dr 50-90, rel vol < 15, market > 200 SMA, age >= 5y, pre-earnings -> 10 bps, GTC limit close-0.25 ATR, 10d hold, vol-confirmed 1.25 ATR stop (next open), 2.5 ATR tgt",Oversold Low Volume,WERN,2026-08-25,BUY,889.0,1406.25,"Standard (1.0x) | Recency rung 1 (0.50x, 0 prior signal(s)/21td) | Risk: 37.5bps ($1406)",83.64087455419444,WR: 69.0% | PF: 2.82 | Exp: 0.48r,37.64,36.06,40.8,2026-09-10,1.27,38.36000061035156,LMT $37.32 GTC,37.323749337877544,,,3.0,Overflow,FILLED,2026-08-26,37.32,True,True,True,True
2026-08-26 08:51:08,"2+5+10+21d > 85, sell open +0.75 atr, 2 ATR tgt",Overbot Vol Spike,HTGC,2026-08-25,SELL SHORT,11786.0,3375.0,Standard (1.0x) | Cycle yr%4=2: 0.75x | Risk: 60.0bps ($3375),35.306845003933915,WR: 58.0% | PF: 1.96 | Exp: 0.28r,17.59,17.88,17.02,2026-08-28,0.29,17.639999389648438,Open ±0.75 ATR,17.804757016045706,,,2.0,Overflow,EXPIRED,,,True,False,False,False
2026-08-26 08:51:08,"2+5+10+21d > 85, sell open +0.75 atr, 2 ATR tgt",Overbot Vol Spike,MSTR,2026-08-25,SELL SHORT,488.0,3375.0,Standard (1.0x) | Cycle yr%4=2: 0.75x | Risk: 60.0bps ($3375),8.326872383315242,WR: 58.0% | PF: 1.96 | Exp: 0.28r,126.83,133.73,113.02,2026-08-28,6.9,128.66000366210938,Open ±0.75 ATR,132.0076813016619,,,2.0,Overflow,EXPIRED,,,True,False,False,False
2026-08-28 08:51:21,"21dr < 15 3 consec, 5dr < 33, 2dr < 25, 252dr 50-90, rel vol < 15, market > 200 SMA, age >= 5y, pre-earnings -> 10 bps, GTC limit close-0.25 ATR, 10d hold, vol-confirmed 1.25 ATR stop (next open), 2.5 ATR tgt",Oversold Low Volume,SPG,2026-08-27,BUY,477.0,1969.0,"Standard (1.0x) | Recency rung 1 (0.50x, 0 prior signal(s)/21td) | Risk: 52.5bps ($1969)",61.54084638040614,WR: 69.0% | PF: 2.82 | Exp: 0.48r,214.89,210.76,223.14,2026-09-14,3.3,216.22000122070312,LMT $214.06 GTC,214.06499917166573,,,3.0,Liquid,FILLED,2026-08-31,214.06,True,True,False,True
2026-08-28 08:51:21,"2+5+10+21d > 85, sell open +0.75 atr, 2 ATR tgt",Overbot Vol Spike,MSTR,2026-08-27,SELL SHORT,439.0,3375.0,Standard (1.0x) | Cycle yr%4=2: 0.75x | Risk: 60.0bps ($3375),9.533405673538986,WR: 58.0% | PF: 1.96 | Exp: 0.28r,137.4,145.08,122.04,2026-09-01,7.68,139.77999877929688,Open ±0.75 ATR,143.16053036281042,,,2.0,Overflow,EXPIRED,,,True,False,False,False
2026-08-28 08:51:21,"2+5+10+21d > 85, sell open +0.75 atr, 2 ATR tgt",Overbot Vol Spike,NEO,2026-08-27,SELL SHORT,4538.0,3375.0,Standard (1.0x) | Cycle yr%4=2: 0.75x | Risk: 60.0bps ($3375),96.38688160088938,WR: 58.0% | PF: 1.96 | Exp: 0.28r,18.64,19.38,17.15,2026-09-01,0.74,19.76000022888184,Open ±0.75 ATR,19.197677748543875,,,2.0,Overflow,EXPIRED,,,True,False,False,False
2026-08-31 09:02:36,"2d Between 5%ile+5d < 50%ile, Entry: Limit (Open +/- 0.25 ATR), 2d hold",Weak Close Decent Sznls,XBI,2026-08-28,BUY,0.0,0.0,"High Sznl (75) = 1.5x | P/C 40%ile (fear OFF) + dial 88 -> 0.00x — ZEROED (hi-frag, no P/C washout) | Risk: 52.5bps ($0)",98.41495630969315,WR: 61.3% | PF: 1.78 | Exp: 0.28r,162.38,157.96,171.22,2026-09-02,4.42,167.1199951171875,Open ±0.25 ATR,161.27482659476144,,,2.0,Liquid,FILLED,2026-08-31,159.9,False,False,False,True
2026-08-31 09:02:36,"21dr < 15 3 consec, 5dr < 33, 2dr < 25, 252dr 50-90, rel vol < 15, market > 200 SMA, age >= 5y, pre-earnings -> 10 bps, GTC limit close-0.25 ATR, 10d hold, vol-confirmed 1.25 ATR stop (next open), 2.5 ATR tgt",Oversold Low Volume,D,2026-08-28,BUY,2319.0,2756.6,"Standard (1.0x) | Recency rung 2 (0.70x, 1 prior signal(s)/21td) | Risk: 52.5bps ($2757)",57.43955362678239,WR: 69.0% | PF: 2.82 | Exp: 0.48r,65.55,64.36,67.93,2026-09-15,0.95,66.94999694824219,LMT $65.31 GTC,65.31232425144741,,,3.0,Liquid,FILLED,2026-08-31,65.31,True,True,True,True
2026-08-31 09:02:36,"21dr < 15 3 consec, 5dr < 33, 2dr < 25, 252dr 50-90, rel vol < 15, market > 200 SMA, age >= 5y, pre-earnings -> 10 bps, GTC limit close-0.25 ATR, 10d hold, vol-confirmed 1.25 ATR stop (next open), 2.5 ATR tgt",Oversold Low Volume,SPG,2026-08-28,BUY,710.0,2756.6,"Standard (1.0x) | Recency rung 2 (0.70x, 1 prior signal(s)/21td) | Risk: 52.5bps ($2757)",59.88840669559826,WR: 69.0% | PF: 2.82 | Exp: 0.48r,214.56,210.68,222.32,2026-09-15,3.11,216.6499938964844,LMT $213.78 GTC,213.78356879098075,,,3.0,Liquid,FILLED,2026-08-31,213.78,True,True,False,True
2026-08-31 09:02:36,"2+5+10+21d > 85, sell open +0.75 atr, 2 ATR tgt",Overbot Vol Spike,GIS,2026-08-28,SELL SHORT,2977.0,3375.0,Standard (1.0x) | Cycle yr%4=2: 0.75x | Risk: 60.0bps ($3375),14.135151890886547,WR: 58.0% | PF: 1.96 | Exp: 0.28r,41.55,42.68,39.28,2026-09-02,1.13,41.66999816894531,Open ±0.75 ATR,42.40017775126866,,,2.0,Liquid,EXPIRED,,,True,False,False,False
2026-08-31 09:02:36,"2d < 85%ile, Close 0-15% range, VIX >= 13, Mon/Fri only, Entry: Limit (Open +/- 0.25 ATR), 2d hold",SPY QQQ MonFri Reversion,SPY,2026-08-28,BUY,0.0,0.0,"Standard (1.0x) | P/C 40%ile (fear OFF) + dial 88 -> 0.00x — ZEROED (hi-frag, no P/C washout) | Risk: 52.5bps ($0)",75.30998140111593,WR: 62.9% | PF: 2.21 | Exp: 0.40r,769.35,764.25,779.55,2026-09-02,5.1,775.2999877929688,Open ±0.25 ATR,768.0755124773298,,,2.0,Liquid,FILLED,2026-08-31,766.06,False,False,False,True
2026-08-31 09:02:36,"2d < 85%ile, Close 0-15% range, VIX >= 13, Mon/Fri only, Entry: Limit (Open +/- 0.25 ATR), 2d hold",SPY QQQ MonFri Reversion,QQQ,2026-08-28,BUY,0.0,0.0,"Standard (1.0x) | P/C 40%ile (fear OFF) + dial 88 -> 0.00x — ZEROED (hi-frag, no P/C washout) | Risk: 52.5bps ($0)",67.99442033477992,WR: 62.9% | PF: 2.21 | Exp: 0.40r,716.43,708.02,733.24,2026-09-02,8.41,724.1300048828125,Open ±0.25 ATR,714.328386579241,,,2.0,Liquid,EXPIRED,,,False,False,False,False
2026-08-31 09:02:36,"2+5+10+21d > 85, sell open +0.75 atr, 2 ATR tgt",Overbot Vol Spike,NOW,2026-08-28,SELL SHORT,542.0,3375.0,Standard (1.0x) | Cycle yr%4=2: 0.75x | Risk: 60.0bps ($3375),12.209126624357811,WR: 58.0% | PF: 1.96 | Exp: 0.28r,144.71,150.94,132.26,2026-09-02,6.23,145.72000122070312,Open ±0.75 ATR,149.37929180690222,,,2.0,Overflow,FILLED,2026-08-31,146.75,True,False,False,True
