month,month_end,month_end_weekday,month_end_is_friday,settlement_days,settlement_regime,entry_offset,entry_date,exit_date,hold_sessions,entry_close,exit_close,pressure_5d,gross_return,cost_bps,net_return,year,sample
2000-01,2000-01-31,Monday,False,3,T+3,-4,2000-01-25,2000-01-28,3,89.1687774658,85.3600769043,-0.0265747128,-0.0427133877,4.0000000000,-0.0431133877,2000,paper_era_through_2013
2000-02,2000-02-29,Tuesday,False,3,T+3,-4,2000-02-23,2000-02-28,3,85.7920532227,85.5171508789,-0.0320076310,-0.0032042868,4.0000000000,-0.0036042868,2000,paper_era_through_2013
2000-03,2000-03-31,Friday,True,3,T+3,-4,2000-03-27,2000-03-30,3,95.6936187744,93.6466522217,0.0393335341,-0.0213908365,4.0000000000,-0.0217908365,2000,paper_era_through_2013
2000-04,2000-04-28,Friday,True,3,T+3,-4,2000-04-24,2000-04-27,3,89.5921630859,91.9540328979,0.0459555015,0.0263624600,4.0000000000,0.0259624600,2000,paper_era_through_2013
2000-05,2000-05-31,Wednesday,False,3,T+3,-4,2000-05-24,2000-05-30,3,88.3325500488,89.7496032715,-0.0338000298,0.0160422542,4.0000000000,0.0156422542,2000,paper_era_through_2013
2000-06,2000-06-30,Friday,True,3,T+3,-4,2000-06-26,2000-06-29,3,92.3185119629,91.0262908936,-0.0150488582,-0.0139974209,4.0000000000,-0.0143974209,2000,paper_era_through_2013
2000-07,2000-07-31,Monday,False,3,T+3,-4,2000-07-25,2000-07-28,3,92.9990844727,89.7044677734,-0.0163795845,-0.0354263348,4.0000000000,-0.0358263348,2000,paper_era_through_2013
2000-08,2000-08-31,Thursday,False,3,T+3,-4,2000-08-25,2000-08-30,3,95.4848709106,94.9127578735,0.0104386377,-0.0059916616,4.0000000000,-0.0063916616,2000,paper_era_through_2013
2000-09,2000-09-29,Friday,True,3,T+3,-4,2000-09-25,2000-09-28,3,91.2945327759,91.7691955566,-0.0028086161,0.0051992465,4.0000000000,0.0047992465,2000,paper_era_through_2013
2000-10,2000-10-31,Tuesday,False,3,T+3,-4,2000-10-25,2000-10-30,3,86.2709426880,88.9409713745,0.0153630193,0.0309493394,4.0000000000,0.0305493394,2000,paper_era_through_2013
2000-11,2000-11-30,Thursday,False,3,T+3,-4,2000-11-24,2000-11-29,3,85.3413925171,84.4513702393,-0.0184260969,-0.0104289636,4.0000000000,-0.0108289636,2000,paper_era_through_2013
2000-12,2000-12-29,Friday,True,3,T+3,-4,2000-12-22,2000-12-28,3,83.1233367920,84.8889846802,-0.0002380311,0.0212413019,4.0000000000,0.0208413019,2000,paper_era_through_2013
2001-01,2001-01-31,Wednesday,False,3,T+3,-4,2001-01-25,2001-01-30,3,86.3570098877,87.4799118042,0.0092742962,0.0130030199,4.0000000000,0.0126030199,2001,paper_era_through_2013
2001-02,2001-02-28,Wednesday,False,3,T+3,-4,2001-02-22,2001-02-27,3,79.8682556152,80.2681884766,-0.0473267432,0.0050074070,4.0000000000,0.0046074070,2001,paper_era_through_2013
2001-03,2001-03-30,Friday,True,3,T+3,-4,2001-03-26,2001-03-29,3,73.8006057739,73.5078125000,-0.0120156236,-0.0039673560,4.0000000000,-0.0043673560,2001,paper_era_through_2013
2001-04,2001-04-30,Monday,False,3,T+3,-4,2001-04-24,2001-04-27,3,77.3907394409,80.0641860962,0.0194533896,0.0345447876,4.0000000000,0.0341447876,2001,paper_era_through_2013
2001-05,2001-05-31,Thursday,False,3,T+3,-4,2001-05-24,2001-05-30,3,82.5149154663,79.7586593628,0.0037167252,-0.0334031258,4.0000000000,-0.0338031258,2001,paper_era_through_2013
2001-06,2001-06-29,Friday,True,3,T+3,-4,2001-06-25,2001-06-28,3,77.7001724243,77.9746780396,0.0037931833,0.0035328830,4.0000000000,0.0031328830,2001,paper_era_through_2013
2001-07,2001-07-31,Tuesday,False,3,T+3,-4,2001-07-25,2001-07-30,3,76.0276947021,77.1448287964,-0.0157843269,0.0146937783,4.0000000000,0.0142937783,2001,paper_era_through_2013
2001-08,2001-08-31,Friday,True,3,T+3,-4,2001-08-27,2001-08-30,3,75.5233993530,72.3380279541,0.0040733985,-0.0421772779,4.0000000000,-0.0425772779,2001,paper_era_through_2013
2001-09,2001-09-28,Friday,True,3,T+3,-4,2001-09-24,2001-09-27,3,64.5232391357,65.5291900635,-0.0308930423,0.0155905212,4.0000000000,0.0151905212,2001,paper_era_through_2013
2001-10,2001-10-31,Wednesday,False,3,T+3,-4,2001-10-25,2001-10-30,3,70.8474044800,68.0217208862,0.0293237371,-0.0398840806,4.0000000000,-0.0402840806,2001,paper_era_through_2013
2001-11,2001-11-30,Friday,True,3,T+3,-4,2001-11-26,2001-11-29,3,74.2818222046,73.6026306152,0.0137283753,-0.0091434428,4.0000000000,-0.0095434428,2001,paper_era_through_2013
2001-12,2001-12-31,Monday,False,3,T+3,-4,2001-12-24,2001-12-28,3,73.7657623291,74.5823135376,0.0072143254,0.0110695149,4.0000000000,0.0106695149,2001,paper_era_through_2013
2002-01,2002-01-31,Thursday,False,3,T+3,-4,2002-01-25,2002-01-30,3,73.0071029663,71.9269332886,-0.0010558182,-0.0147954053,4.0000000000,-0.0151954053,2002,paper_era_through_2013
2002-02,2002-02-28,Thursday,False,3,T+3,-4,2002-02-22,2002-02-27,3,70.4931488037,71.7855148315,-0.0215954332,0.0183332146,4.0000000000,0.0179332146,2002,paper_era_through_2013
2002-03,2002-03-28,Thursday,False,3,T+3,-4,2002-03-22,2002-03-27,3,74.1769790649,73.8739471436,-0.0138016694,-0.0040852556,4.0000000000,-0.0044852556,2002,paper_era_through_2013
2002-04,2002-04-30,Tuesday,False,3,T+3,-4,2002-04-24,2002-04-29,3,70.5468063354,68.9026031494,-0.0314267686,-0.0233065573,4.0000000000,-0.0237065573,2002,paper_era_through_2013
2002-05,2002-05-31,Friday,True,3,T+3,-4,2002-05-24,2002-05-30,3,70.0825042725,68.9928283691,-0.0199284385,-0.0155484727,4.0000000000,-0.0159484727,2002,paper_era_through_2013
2002-06,2002-06-28,Friday,True,3,T+3,-4,2002-06-24,2002-06-27,3,64.5755615234,64.3361358643,-0.0381354844,-0.0037076822,4.0000000000,-0.0041076822,2002,paper_era_through_2013
2002-07,2002-07-31,Wednesday,False,3,T+3,-4,2002-07-25,2002-07-30,3,54.3521575928,58.8426742554,-0.0432802758,0.0826189219,4.0000000000,0.0822189219,2002,paper_era_through_2013
2002-08,2002-08-30,Friday,True,3,T+3,-4,2002-08-26,2002-08-29,3,61.6379699707,59.6191329956,-0.0014673921,-0.0327531386,4.0000000000,-0.0331531386,2002,paper_era_through_2013
2002-09,2002-09-30,Monday,False,3,T+3,-4,2002-09-24,2002-09-27,3,53.4973983765,53.7833938599,-0.0586476875,0.0053459699,4.0000000000,0.0049459699,2002,paper_era_through_2013
2002-10,2002-10-31,Thursday,False,3,T+3,-4,2002-10-25,2002-10-30,3,58.6255264282,58.1250534058,0.0175994307,-0.0085367766,4.0000000000,-0.0089367766,2002,paper_era_through_2013
2002-11,2002-11-29,Friday,True,3,T+3,-4,2002-11-22,2002-11-27,3,60.7183456421,61.2772827148,0.0221005455,0.0092054068,4.0000000000,0.0088054068,2002,paper_era_through_2013
2002-12,2002-12-31,Tuesday,False,3,T+3,-4,2002-12-24,2002-12-30,3,58.3584556580,57.5485267639,-0.0116774420,-0.0138785183,4.0000000000,-0.0142785183,2002,paper_era_through_2013
2003-01,2003-01-31,Friday,True,3,T+3,-4,2003-01-27,2003-01-30,3,55.6478691101,55.1449584961,-0.0602254350,-0.0090373742,4.0000000000,-0.0094373742,2003,paper_era_through_2013
2003-02,2003-02-28,Friday,True,3,T+3,-4,2003-02-24,2003-02-27,3,54.7335014343,55.0861892700,-0.0041588758,0.0064437287,4.0000000000,0.0060437287,2003,paper_era_through_2013
2003-03,2003-03-31,Monday,False,3,T+3,-4,2003-03-25,2003-03-28,3,57.3936614990,56.8625144958,0.0066773467,-0.0092544541,4.0000000000,-0.0096544541,2003,paper_era_through_2013
2003-04,2003-04-30,Wednesday,False,3,T+3,-4,2003-04-24,2003-04-29,3,59.9118423462,60.4036903381,0.0352406980,0.0082095287,4.0000000000,0.0078095287,2003,paper_era_through_2013
2003-05,2003-05-30,Friday,True,3,T+3,-4,2003-05-23,2003-05-29,3,61.4857254028,62.5743103027,-0.0116998507,0.0177046769,4.0000000000,0.0173046769,2003,paper_era_through_2013
2003-06,2003-06-30,Monday,False,3,T+3,-4,2003-06-24,2003-06-27,3,64.8405838013,64.2746047974,-0.0273866423,-0.0087287771,4.0000000000,-0.0091287771,2003,paper_era_through_2013
2003-07,2003-07-31,Thursday,False,3,T+3,-4,2003-07-25,2003-07-30,3,65.9660491943,65.2618026733,0.0072356274,-0.0106758936,4.0000000000,-0.0110758936,2003,paper_era_through_2013
2003-08,2003-08-29,Friday,True,3,T+3,-4,2003-08-25,2003-08-28,3,65.7685699463,66.3148498535,-0.0054737822,0.0083060937,4.0000000000,0.0079060937,2003,paper_era_through_2013
2003-09,2003-09-30,Tuesday,False,3,T+3,-4,2003-09-24,2003-09-29,3,66.8006210327,66.6817016602,-0.0182035698,-0.0017802136,4.0000000000,-0.0021802136,2003,paper_era_through_2013
2003-10,2003-10-31,Friday,True,3,T+3,-4,2003-10-27,2003-10-30,3,68.4655609131,69.6349563599,-0.0134236732,0.0170800536,4.0000000000,0.0166800536,2003,paper_era_through_2013
2003-11,2003-11-28,Friday,True,3,T+3,-4,2003-11-21,2003-11-26,3,68.8486938477,70.2758026123,-0.0118535275,0.0207281894,4.0000000000,0.0203281894,2003,paper_era_through_2013
2003-12,2003-12-31,Wednesday,False,3,T+3,-4,2003-12-24,2003-12-30,3,72.7651672363,73.8006973267,0.0150962622,0.0142311236,4.0000000000,0.0138311236,2003,paper_era_through_2013
2004-01,2004-01-30,Friday,True,3,T+3,-4,2004-01-26,2004-01-29,3,76.9139022827,75.3274459839,0.0143571977,-0.0206263920,4.0000000000,-0.0210263920,2004,paper_era_through_2013
2004-02,2004-02-27,Friday,True,3,T+3,-4,2004-02-23,2004-02-26,3,76.0642395020,76.2965393066,-0.0046900869,0.0030539950,4.0000000000,0.0026539950,2004,paper_era_through_2013
2004-03,2004-03-31,Wednesday,False,3,T+3,-4,2004-03-25,2004-03-30,3,73.9395141602,75.2518005371,-0.0148658546,0.0177481066,4.0000000000,0.0173481066,2004,paper_era_through_2013
2004-04,2004-04-30,Friday,True,3,T+3,-4,2004-04-26,2004-04-29,3,76.0710983276,74.4923934937,0.0032501923,-0.0207530175,4.0000000000,-0.0211530175,2004,paper_era_through_2013
2004-05,2004-05-28,Friday,True,3,T+3,-4,2004-05-24,2004-05-27,3,73.4532546997,75.1851501465,0.0107238296,0.0235781989,4.0000000000,0.0231781989,2004,paper_era_through_2013
2004-06,2004-06-30,Wednesday,False,3,T+3,-4,2004-06-24,2004-06-29,3,76.4758529663,76.1615829468,0.0085882270,-0.0041094020,4.0000000000,-0.0045094020,2004,paper_era_through_2013
2004-07,2004-07-30,Friday,True,3,T+3,-4,2004-07-26,2004-07-29,3,72.7051620483,73.9219512939,-0.0135159014,0.0167359402,4.0000000000,0.0163359402,2004,paper_era_through_2013
2004-08,2004-08-31,Tuesday,False,3,T+3,-4,2004-08-25,2004-08-30,3,74.2762680054,73.8952102661,0.0097247654,-0.0051302758,4.0000000000,-0.0055302758,2004,paper_era_through_2013
2004-09,2004-09-30,Thursday,False,3,T+3,-4,2004-09-24,2004-09-29,3,74.8271408081,75.0822753906,-0.0149359430,0.0034096530,4.0000000000,0.0030096530,2004,paper_era_through_2013
2004-10,2004-10-29,Friday,True,3,T+3,-4,2004-10-25,2004-10-28,3,73.7530059814,76.0086822510,-0.0162965643,0.0305841944,4.0000000000,0.0301841944,2004,paper_era_through_2013
2004-11,2004-11-30,Tuesday,False,3,T+3,-4,2004-11-23,2004-11-29,3,79.5601577759,79.3245315552,0.0023754743,-0.0029616108,4.0000000000,-0.0033616108,2004,paper_era_through_2013
2004-12,2004-12-31,Friday,True,3,T+3,-4,2004-12-27,2004-12-30,3,81.5325775146,81.9451980591,0.0090421244,0.0050608058,4.0000000000,0.0046608058,2004,paper_era_through_2013
2005-01,2005-01-31,Monday,False,3,T+3,-4,2005-01-25,2005-01-28,3,79.0700912476,79.4421691895,-0.0216788906,0.0047056723,4.0000000000,0.0043056723,2005,paper_era_through_2013
2005-02,2005-02-28,Monday,False,3,T+3,-4,2005-02-22,2005-02-25,3,80.2336654663,82.1482162476,-0.0172355000,0.0238621877,4.0000000000,0.0234621877,2005,paper_era_through_2013
2005-03,2005-03-31,Thursday,False,3,T+3,-4,2005-03-24,2005-03-30,3,79.5572509766,80.2635650635,-0.0147443555,0.0088780605,4.0000000000,0.0084780605,2005,paper_era_through_2013
2005-04,2005-04-29,Friday,True,3,T+3,-4,2005-04-25,2005-04-28,3,79.0071105957,77.5604858398,0.0159822940,-0.0183100577,4.0000000000,-0.0187100577,2005,paper_era_through_2013
2005-05,2005-05-31,Tuesday,False,3,T+3,-4,2005-05-24,2005-05-27,3,81.1600646973,81.6694412231,0.0163290022,0.0062761966,4.0000000000,0.0058761966,2005,paper_era_through_2013
2005-06,2005-06-30,Thursday,False,3,T+3,-4,2005-06-24,2005-06-29,3,81.1330490112,81.7126541138,-0.0196107878,0.0071438841,4.0000000000,0.0067438841,2005,paper_era_through_2013
2005-07,2005-07-29,Friday,True,3,T+3,-4,2005-07-25,2005-07-28,3,84.0038070679,84.9448928833,0.0068650888,0.0112028948,4.0000000000,0.0108028948,2005,paper_era_through_2013
2005-08,2005-08-31,Wednesday,False,3,T+3,-4,2005-08-25,2005-08-30,3,82.9128112793,82.5446090698,-0.0049105513,-0.0044408361,4.0000000000,-0.0048408361,2005,paper_era_through_2013
2005-09,2005-09-30,Friday,True,3,T+3,-4,2005-09-26,2005-09-29,3,83.2589187622,83.9984817505,-0.0122674232,0.0088826879,4.0000000000,0.0084826879,2005,paper_era_through_2013
2005-10,2005-10-31,Monday,False,3,T+3,-4,2005-10-25,2005-10-28,3,81.9851608276,82.0399627686,0.0161261711,0.0006684373,4.0000000000,0.0002684373,2005,paper_era_through_2013
2005-11,2005-11-30,Wednesday,False,3,T+3,-4,2005-11-23,2005-11-29,3,86.9911041260,86.3473739624,0.0286663629,-0.0073999539,4.0000000000,-0.0077999539,2005,paper_era_through_2013
2005-12,2005-12-30,Friday,True,3,T+3,-4,2005-12-23,2005-12-29,3,87.2663879395,86.1855163574,0.0031656491,-0.0123858866,4.0000000000,-0.0127858866,2005,paper_era_through_2013
2006-01,2006-01-31,Tuesday,False,3,T+3,-4,2006-01-25,2006-01-30,3,87.1974792480,88.4229125977,-0.0090759113,0.0140535410,4.0000000000,0.0136535410,2006,paper_era_through_2013
2006-02,2006-02-28,Tuesday,False,3,T+3,-4,2006-02-22,2006-02-27,3,88.9943771362,89.1251220703,0.0118984922,0.0014691370,4.0000000000,0.0010691370,2006,paper_era_through_2013
2006-03,2006-03-31,Friday,True,3,T+3,-4,2006-03-27,2006-03-30,3,89.8666305542,89.7145538330,-0.0029902677,-0.0016922491,4.0000000000,-0.0020922491,2006,paper_era_through_2013
2006-04,2006-04-28,Friday,True,3,T+3,-4,2006-04-24,2006-04-27,3,90.4817504883,90.5647125244,0.0174877893,0.0009168925,4.0000000000,0.0005168925,2006,paper_era_through_2013
2006-05,2006-05-31,Wednesday,False,3,T+3,-4,2006-05-24,2006-05-30,3,87.2056045532,87.1572036743,-0.0053605975,-0.0005550203,4.0000000000,-0.0009550203,2006,paper_era_through_2013
2006-06,2006-06-30,Friday,True,3,T+3,-4,2006-06-26,2006-06-29,3,86.7718582153,88.3546752930,0.0106734499,0.0182411338,4.0000000000,0.0178411338,2006,paper_era_through_2013
2006-07,2006-07-31,Monday,False,3,T+3,-4,2006-07-25,2006-07-28,3,87.9312438965,88.8475723267,0.0216991270,0.0104209652,4.0000000000,0.0100209652,2006,paper_era_through_2013
2006-08,2006-08-31,Thursday,False,3,T+3,-4,2006-08-25,2006-08-30,3,90.1180114746,90.7081451416,-0.0067339229,0.0065484542,4.0000000000,0.0061484542,2006,paper_era_through_2013
2006-09,2006-09-29,Friday,True,3,T+3,-4,2006-09-25,2006-09-28,3,92.3761138916,93.2198104858,0.0025729393,0.0091332765,4.0000000000,0.0087332765,2006,paper_era_through_2013
2006-10,2006-10-31,Tuesday,False,3,T+3,-4,2006-10-25,2006-10-30,3,96.4692153931,96.0926895142,0.0128855923,-0.0039030677,4.0000000000,-0.0043030677,2006,paper_era_through_2013
2006-11,2006-11-30,Thursday,False,3,T+3,-4,2006-11-24,2006-11-29,3,97.8637771606,97.9474105835,-0.0002132512,0.0008545902,4.0000000000,0.0004545902,2006,paper_era_through_2013
2006-12,2006-12-29,Friday,True,3,T+3,-4,2006-12-22,2006-12-28,3,98.6894836426,99.7131729126,-0.0111703854,0.0103728303,4.0000000000,0.0099728303,2006,paper_era_through_2013
2007-01,2007-01-31,Wednesday,False,3,T+3,-4,2007-01-25,2007-01-30,3,99.7482299805,100.1198883057,-0.0019643612,0.0037259641,4.0000000000,0.0033259641,2007,paper_era_through_2013
2007-02,2007-02-28,Wednesday,False,3,T+3,-4,2007-02-22,2007-02-27,3,102.2794723511,97.8130264282,0.0017857466,-0.0436690356,4.0000000000,-0.0440690356,2007,paper_era_through_2013
2007-03,2007-03-30,Friday,True,3,T+3,-4,2007-03-26,2007-03-29,3,100.8055801392,99.9397354126,0.0213978261,-0.0085892539,4.0000000000,-0.0089892539,2007,paper_era_through_2013
2007-04,2007-04-30,Monday,False,3,T+3,-4,2007-04-24,2007-04-27,3,104.2690048218,105.2615585327,0.0070023585,0.0095191636,4.0000000000,0.0091191636,2007,paper_era_through_2013
2007-05,2007-05-31,Thursday,False,3,T+3,-4,2007-05-24,2007-05-30,3,106.3386611938,108.0422134399,-0.0015858701,0.0160200648,4.0000000000,0.0156200648,2007,paper_era_through_2013
2007-06,2007-06-29,Friday,True,3,T+3,-4,2007-06-25,2007-06-28,3,105.9274139404,106.3161926270,-0.0200136720,0.0036702367,4.0000000000,0.0032702367,2007,paper_era_through_2013
2007-07,2007-07-31,Tuesday,False,3,T+3,-4,2007-07-25,2007-07-30,3,107.1857833862,104.1952362061,-0.0185149866,-0.0279005954,4.0000000000,-0.0283005954,2007,paper_era_through_2013
2007-08,2007-08-31,Friday,True,3,T+3,-4,2007-08-27,2007-08-30,3,103.8912506104,103.3256607056,0.0159700859,-0.0054440571,4.0000000000,-0.0058440571,2007,paper_era_through_2013
2007-09,2007-09-28,Friday,True,3,T+3,-4,2007-09-24,2007-09-27,3,107.7511215210,108.7455825806,0.0290992227,0.0092292409,4.0000000000,0.0088292409,2007,paper_era_through_2013
2007-10,2007-10-31,Wednesday,False,3,T+3,-4,2007-10-25,2007-10-30,3,107.8576431274,108.7242965698,-0.0120375005,0.0080351602,4.0000000000,0.0076351602,2007,paper_era_through_2013
2007-11,2007-11-30,Friday,True,3,T+3,-4,2007-11-26,2007-11-29,3,100.1220932007,104.5474853516,-0.0331983628,0.0441999564,4.0000000000,0.0437999564,2007,paper_era_through_2013
2007-12,2007-12-31,Monday,False,3,T+3,-4,2007-12-24,2007-12-28,3,106.5662689209,105.1880340576,0.0341351074,-0.0129331249,4.0000000000,-0.0133331249,2007,paper_era_through_2013
2008-01,2008-01-31,Thursday,False,3,T+3,-4,2008-01-25,2008-01-30,3,95.0048599243,96.3402557373,-0.0029225772,0.0140560790,4.0000000000,0.0136560790,2008,paper_era_through_2013
2008-02,2008-02-29,Friday,True,3,T+3,-4,2008-02-25,2008-02-28,3,98.0684280396,97.7399139404,0.0162054170,-0.0033498457,4.0000000000,-0.0037498457,2008,paper_era_through_2013
2008-03,2008-03-31,Monday,False,3,T+3,-4,2008-03-25,2008-03-28,3,96.7742004395,94.3772277832,0.0562558093,-0.0247687157,4.0000000000,-0.0251687157,2008,paper_era_through_2013
2008-04,2008-04-30,Wednesday,False,3,T+3,-4,2008-04-24,2008-04-29,3,99.2643585205,99.8097763062,0.0092665452,0.0054945984,4.0000000000,0.0050945984,2008,paper_era_through_2013
2008-05,2008-05-30,Friday,True,3,T+3,-4,2008-05-23,2008-05-29,3,98.7763900757,100.4700164795,-0.0351885019,0.0171460650,4.0000000000,0.0167460650,2008,paper_era_through_2013
2008-06,2008-06-30,Monday,False,3,T+3,-4,2008-06-24,2008-06-27,3,94.6184997559,91.9787826538,-0.0274680012,-0.0278985305,4.0000000000,-0.0282985305,2008,paper_era_through_2013
2008-07,2008-07-31,Thursday,False,3,T+3,-4,2008-07-25,2008-07-30,3,90.5002212524,92.7000122070,-0.0039694965,0.0243070229,4.0000000000,0.0239070229,2008,paper_era_through_2013
2008-08,2008-08-29,Friday,True,3,T+3,-4,2008-08-25,2008-08-28,3,91.6109466553,93.8972625732,-0.0106704718,0.0249567983,4.0000000000,0.0245567983,2008,paper_era_through_2013
2008-09,2008-09-30,Tuesday,False,3,T+3,-4,2008-09-24,2008-09-29,3,86.2726516724,80.7958526611,0.0257987092,-0.0634824467,4.0000000000,-0.0638824467,2008,paper_era_through_2013
2008-10,2008-10-31,Friday,True,3,T+3,-4,2008-10-27,2008-10-30,3,60.8979377747,69.8567276001,-0.1503897375,0.1471115468,4.0000000000,0.1467115468,2008,paper_era_through_2013
2008-11,2008-11-28,Friday,True,3,T+3,-4,2008-11-21,2008-11-26,3,57.6843872070,64.5394744873,-0.0819673087,0.1188378279,4.0000000000,0.1184378279,2008,paper_era_through_2013
2008-12,2008-12-31,Wednesday,False,3,T+3,-4,2008-12-24,2008-12-30,3,63.3740959167,65.0633850098,-0.0398560160,0.0266558295,4.0000000000,0.0262558295,2008,paper_era_through_2013
2009-01,2009-01-30,Friday,True,3,T+3,-4,2009-01-26,2009-01-29,3,61.1948432922,61.8310813904,-0.0162236200,0.0103969234,4.0000000000,0.0099969234,2009,paper_era_through_2013
2009-02,2009-02-27,Friday,True,3,T+3,-4,2009-02-23,2009-02-26,3,54.5912246704,55.3006019592,-0.0979940986,0.0129943465,4.0000000000,0.0125943465,2009,paper_era_through_2013
2009-03,2009-03-31,Tuesday,False,3,T+3,-4,2009-03-25,2009-03-30,3,59.9903755188,58.0312004089,0.0263102457,-0.0326581571,4.0000000000,-0.0330581571,2009,paper_era_through_2013
2009-04,2009-04-30,Thursday,False,3,T+3,-4,2009-04-24,2009-04-29,3,63.8277015686,64.3653793335,-0.0048229545,0.0084238936,4.0000000000,0.0080238936,2009,paper_era_through_2013
2009-05,2009-05-29,Friday,True,3,T+3,-4,2009-05-22,2009-05-28,3,65.5659027100,66.9653167725,0.0034945417,0.0213436253,4.0000000000,0.0209436253,2009,paper_era_through_2013
2009-06,2009-06-30,Tuesday,False,3,T+3,-4,2009-06-24,2009-06-29,3,66.7510452271,68.6620254517,-0.0100588430,0.0286284689,4.0000000000,0.0282284689,2009,paper_era_through_2013
2009-07,2009-07-31,Friday,True,3,T+3,-4,2009-07-27,2009-07-30,3,72.8469161987,73.0839538574,0.0338487748,0.0032539148,4.0000000000,0.0028539148,2009,paper_era_through_2013
2009-08,2009-08-31,Monday,False,3,T+3,-4,2009-08-25,2009-08-28,3,76.4096298218,76.5726013184,0.0410735555,0.0021328659,4.0000000000,0.0017328659,2009,paper_era_through_2013
2009-09,2009-09-30,Wednesday,False,3,T+3,-4,2009-09-24,2009-09-29,3,78.1504135132,78.8871688843,-0.0153958734,0.0094274021,4.0000000000,0.0090274021,2009,paper_era_through_2013
2009-10,2009-10-30,Friday,True,3,T+3,-4,2009-10-26,2009-10-29,3,79.5644302368,79.3708877563,-0.0262318805,-0.0024325252,4.0000000000,-0.0028325252,2009,paper_era_through_2013
2009-11,2009-11-30,Monday,False,3,T+3,-4,2009-11-23,2009-11-27,3,82.4743194580,81.5440292358,-0.0035069678,-0.0112797563,4.0000000000,-0.0116797563,2009,paper_era_through_2013
2009-12,2009-12-31,Thursday,False,3,T+3,-4,2009-12-24,2009-12-30,3,84.1603775024,84.1903152466,0.0263711823,0.0003557226,4.0000000000,-0.0000442774,2009,paper_era_through_2013
2010-01,2010-01-29,Friday,True,3,T+3,-4,2010-01-25,2010-01-28,3,82.1326904297,81.2348175049,-0.0340546275,-0.0109319799,4.0000000000,-0.0113319799,2010,paper_era_through_2013
2010-02,2010-02-26,Friday,True,3,T+3,-4,2010-02-22,2010-02-25,3,83.1727371216,82.8060989380,0.0288782153,-0.0044081534,4.0000000000,-0.0048081534,2010,paper_era_through_2013
2010-03,2010-03-31,Wednesday,False,3,T+3,-4,2010-03-25,2010-03-30,3,87.6399154663,88.2033843994,0.0007722415,0.0064293642,4.0000000000,0.0060293642,2010,paper_era_through_2013
2010-04,2010-04-30,Friday,True,3,T+3,-4,2010-04-26,2010-04-29,3,91.1710586548,90.8029251099,0.0128538650,-0.0040378334,4.0000000000,-0.0044378334,2010,paper_era_through_2013
2010-05,2010-05-28,Friday,True,3,T+3,-4,2010-05-24,2010-05-27,3,80.9232101440,83.2147064209,-0.0547610762,0.0283169226,4.0000000000,0.0279169226,2010,paper_era_through_2013
2010-06,2010-06-30,Wednesday,False,3,T+3,-4,2010-06-24,2010-06-29,3,81.0893249512,78.6661376953,-0.0375330367,-0.0298829378,4.0000000000,-0.0302829378,2010,paper_era_through_2013
2010-07,2010-07-30,Friday,True,3,T+3,-4,2010-07-26,2010-07-29,3,84.2145233154,83.2558364868,0.0397985922,-0.0113838658,4.0000000000,-0.0117838658,2010,paper_era_through_2013
2010-08,2010-08-31,Tuesday,False,3,T+3,-4,2010-08-25,2010-08-30,3,79.9720840454,79.4965133667,-0.0350669955,-0.0059467086,4.0000000000,-0.0063467086,2010,paper_era_through_2013
2010-09,2010-09-30,Thursday,False,3,T+3,-4,2010-09-24,2010-09-29,3,87.1394424438,86.8738250732,0.0207126670,-0.0030481876,4.0000000000,-0.0034481876,2010,paper_era_through_2013
2010-10,2010-10-29,Friday,True,3,T+3,-4,2010-10-25,2010-10-28,3,90.0841217041,89.8563995361,0.0035513333,-0.0025278835,4.0000000000,-0.0029278835,2010,paper_era_through_2013
2010-11,2010-11-30,Tuesday,False,3,T+3,-4,2010-11-23,2010-11-29,3,89.8943786621,90.4331893921,0.0024546136,0.0059938201,4.0000000000,0.0055938201,2010,paper_era_through_2013
2010-12,2010-12-31,Friday,True,3,T+3,-4,2010-12-27,2010-12-30,3,95.8601074219,95.9134750366,0.0108607031,0.0005567239,4.0000000000,0.0001567239,2010,paper_era_through_2013
2011-01,2011-01-31,Monday,False,3,T+3,-4,2011-01-25,2011-01-28,3,98.5455474854,97.4393386841,-0.0027026848,-0.0112253555,4.0000000000,-0.0116253555,2011,paper_era_through_2013
2011-02,2011-02-28,Monday,False,3,T+3,-4,2011-02-22,2011-02-25,3,100.5749130249,100.9563674927,-0.0119905955,0.0037927397,4.0000000000,0.0033927397,2011,paper_era_through_2013
2011-03,2011-03-31,Thursday,False,3,T+3,-4,2011-03-25,2011-03-30,3,100.6057052612,101.7320709229,0.0277083023,0.0111958428,4.0000000000,0.0107958428,2011,paper_era_through_2013
2011-04,2011-04-29,Friday,True,3,T+3,-4,2011-04-25,2011-04-28,3,102.3986892700,104.2912826538,0.0121175687,0.0184825938,4.0000000000,0.0180825938,2011,paper_era_through_2013
2011-05,2011-05-31,Tuesday,False,3,T+3,-4,2011-05-24,2011-05-27,3,101.1037597656,102.2990722656,-0.0091613089,0.0118226315,4.0000000000,0.0114226315,2011,paper_era_through_2013
2011-06,2011-06-30,Thursday,False,3,T+3,-4,2011-06-24,2011-06-29,3,97.6470794678,100.6578521729,-0.0018888688,0.0308332079,4.0000000000,0.0304332079,2011,paper_era_through_2013
2011-07,2011-07-29,Friday,True,3,T+3,-4,2011-07-25,2011-07-28,3,103.0526657104,100.2728500366,0.0246537693,-0.0269747090,4.0000000000,-0.0273747090,2011,paper_era_through_2013
2011-08,2011-08-31,Wednesday,False,3,T+3,-4,2011-08-25,2011-08-30,3,89.5387115479,93.6968688965,0.0154575838,0.0464397720,4.0000000000,0.0460397720,2011,paper_era_through_2013
2011-09,2011-09-30,Friday,True,3,T+3,-4,2011-09-26,2011-09-29,3,89.9710006714,89.8238983154,-0.0338288717,-0.0016349974,4.0000000000,-0.0020349974,2011,paper_era_through_2013
2011-10,2011-10-31,Monday,False,3,T+3,-4,2011-10-25,2011-10-28,3,95.2419815063,99.5377349854,0.0038343103,0.0451035710,4.0000000000,0.0447035710,2011,paper_era_through_2013
2011-11,2011-11-30,Wednesday,False,3,T+3,-4,2011-11-23,2011-11-29,3,90.2186355591,92.9199447632,-0.0606060558,0.0299418096,4.0000000000,0.0295418096,2011,paper_era_through_2013
2011-12,2011-12-30,Friday,True,3,T+3,-4,2011-12-23,2011-12-29,3,98.4476089478,98.2373046875,0.0394771280,-0.0021362049,4.0000000000,-0.0025362049,2011,paper_era_through_2013
2012-01,2012-01-31,Tuesday,False,3,T+3,-4,2012-01-25,2012-01-30,3,103.2535476685,102.3265991211,0.0136884446,-0.0089774014,4.0000000000,-0.0093774014,2012,paper_era_through_2013
2012-02,2012-02-29,Wednesday,False,3,T+3,-4,2012-02-23,2012-02-28,3,106.4237136841,107.1481323242,0.0153834294,0.0068069288,4.0000000000,0.0064069288,2012,paper_era_through_2013
2012-03,2012-03-30,Friday,True,3,T+3,-4,2012-03-26,2012-03-29,3,110.7861328125,109.7065124512,0.0053960303,-0.0097450857,4.0000000000,-0.0101450857,2012,paper_era_through_2013
2012-04,2012-04-30,Monday,False,3,T+3,-4,2012-04-24,2012-04-27,3,107.4221191406,109.8316879272,-0.0127263353,0.0224308439,4.0000000000,0.0220308439,2012,paper_era_through_2013
2012-05,2012-05-31,Thursday,False,3,T+3,-4,2012-05-24,2012-05-30,3,103.6825866699,103.0801620483,0.0127622548,-0.0058102777,4.0000000000,-0.0062102777,2012,paper_era_through_2013
2012-06,2012-06-29,Friday,True,3,T+3,-4,2012-06-25,2012-06-28,3,103.2682571411,104.4242248535,-0.0229165567,0.0111938338,4.0000000000,0.0107938338,2012,paper_era_through_2013
2012-07,2012-07-31,Tuesday,False,3,T+3,-4,2012-07-25,2012-07-30,3,105.3443298340,109.0560836792,-0.0248232100,0.0352344910,4.0000000000,0.0348344910,2012,paper_era_through_2013
2012-08,2012-08-31,Friday,True,3,T+3,-4,2012-08-27,2012-08-30,3,111.3051223755,110.4794311523,-0.0045716471,-0.0074182680,4.0000000000,-0.0078182680,2012,paper_era_through_2013
2012-09,2012-09-28,Friday,True,3,T+3,-4,2012-09-24,2012-09-27,3,115.1486053467,114.3501281738,-0.0021295253,-0.0069343191,4.0000000000,-0.0073343191,2012,paper_era_through_2013
2012-10,2012-10-31,Wednesday,False,3,T+3,-4,2012-10-23,2012-10-26,3,111.8044281006,111.7490844727,-0.0283084549,-0.0004950039,4.0000000000,-0.0008950039,2012,paper_era_through_2013
2012-11,2012-11-30,Friday,True,3,T+3,-4,2012-11-26,2012-11-29,3,111.5119018555,112.3578186035,0.0343184893,0.0075858876,4.0000000000,0.0071858876,2012,paper_era_through_2013
2012-12,2012-12-31,Monday,False,3,T+3,-4,2012-12-24,2012-12-28,3,113.3378524780,111.4906845093,-0.0028548223,-0.0162978910,4.0000000000,-0.0166978910,2012,paper_era_through_2013
2013-01,2013-01-31,Thursday,False,3,T+3,-4,2013-01-25,2013-01-30,3,119.6277694702,119.4844970703,0.0152028065,-0.0011976517,4.0000000000,-0.0015976517,2013,paper_era_through_2013
2013-02,2013-02-28,Thursday,False,3,T+3,-4,2013-02-22,2013-02-27,3,120.9334945679,120.9495010376,-0.0026263573,0.0001323576,4.0000000000,-0.0002676424,2013,paper_era_through_2013
2013-03,2013-03-28,Thursday,False,3,T+3,-4,2013-03-22,2013-03-27,3,124.4383621216,124.9102478027,-0.0014759563,0.0037921239,4.0000000000,0.0033921239,2013,paper_era_through_2013
2013-04,2013-04-30,Tuesday,False,3,T+3,-4,2013-04-24,2013-04-29,3,126.2617874146,127.3974380493,0.0178582016,0.0089944128,4.0000000000,0.0085944128,2013,paper_era_through_2013
2013-05,2013-05-31,Friday,True,3,T+3,-4,2013-05-24,2013-05-30,3,132.2037658691,132.6196746826,-0.0097643990,0.0031459680,4.0000000000,0.0027459680,2013,paper_era_through_2013
2013-06,2013-06-28,Friday,True,3,T+3,-4,2013-06-24,2013-06-27,3,126.2706222534,129.5024719238,-0.0398255127,0.0255946285,4.0000000000,0.0251946285,2013,paper_era_through_2013
2013-07,2013-07-31,Wednesday,False,3,T+3,-4,2013-07-25,2013-07-30,3,135.8136901855,135.5403137207,0.0003553798,-0.0020128786,4.0000000000,-0.0024128786,2013,paper_era_through_2013
2013-08,2013-08-30,Friday,True,3,T+3,-4,2013-08-26,2013-08-29,3,133.4580993652,131.9867706299,0.0074650677,-0.0110246493,4.0000000000,-0.0114246493,2013,paper_era_through_2013
2013-09,2013-09-30,Monday,False,3,T+3,-4,2013-09-24,2013-09-27,3,136.9604034424,136.4595031738,-0.0041716601,-0.0036572634,4.0000000000,-0.0040572634,2013,paper_era_through_2013
2013-10,2013-10-31,Thursday,False,3,T+3,-4,2013-10-25,2013-10-30,3,142.1469879150,142.4217224121,0.0089453752,0.0019327493,4.0000000000,0.0015327493,2013,paper_era_through_2013
2013-11,2013-11-29,Friday,True,3,T+3,-4,2013-11-22,2013-11-27,3,146.0733489990,146.3238067627,0.0042212050,0.0017146027,4.0000000000,0.0013146027,2013,paper_era_through_2013
2013-12,2013-12-31,Tuesday,False,3,T+3,-4,2013-12-24,2013-12-30,3,148.5883789062,149.3112945557,0.0295168563,0.0048652233,4.0000000000,0.0044652233,2013,paper_era_through_2013
2014-01,2014-01-31,Friday,True,3,T+3,-4,2014-01-27,2014-01-30,3,144.5920104980,145.5829925537,-0.0306578067,0.0068536432,4.0000000000,0.0064536432,2014,holdout_2014_plus
2014-02,2014-02-28,Friday,True,3,T+3,-4,2014-02-24,2014-02-27,3,150.1967010498,150.9358215332,0.0048366094,0.0049210168,4.0000000000,0.0045210168,2014,holdout_2014_plus
2014-03,2014-03-31,Monday,False,3,T+3,-4,2014-03-25,2014-03-28,3,152.0018310547,151.3327789307,-0.0028121010,-0.0044016057,4.0000000000,-0.0048016057,2014,holdout_2014_plus
2014-04,2014-04-30,Wednesday,False,3,T+3,-4,2014-04-24,2014-04-29,3,153.2418975830,153.1765899658,0.0091336754,-0.0004261734,4.0000000000,-0.0008261734,2014,holdout_2014_plus
2014-05,2014-05-30,Friday,True,3,T+3,-4,2014-05-23,2014-05-29,3,155.2978363037,156.9458160400,0.0122304897,0.0106117366,4.0000000000,0.0102117366,2014,holdout_2014_plus
2014-06,2014-06-30,Monday,False,3,T+3,-4,2014-06-24,2014-06-27,3,159.6078948975,160.5260925293,0.0041209991,0.0057528334,4.0000000000,0.0053528334,2014,holdout_2014_plus
2014-07,2014-07-31,Thursday,False,3,T+3,-4,2014-07-25,2014-07-30,3,162.0836181641,161.4770050049,0.0000506507,-0.0037425939,4.0000000000,-0.0041425939,2014,holdout_2014_plus
2014-08,2014-08-29,Friday,True,3,T+3,-4,2014-08-25,2014-08-28,3,164.1166229248,164.0674133301,0.0143898333,-0.0002998453,4.0000000000,-0.0006998453,2014,holdout_2014_plus
2014-09,2014-09-30,Tuesday,False,3,T+3,-4,2014-09-24,2014-09-29,3,164.3566741943,162.6930389404,-0.0012813050,-0.0101221034,4.0000000000,-0.0105221034,2014,holdout_2014_plus
2014-10,2014-10-31,Friday,True,3,T+3,-4,2014-10-27,2014-10-30,3,161.5565185547,164.2084350586,0.0307935386,0.0164147911,4.0000000000,0.0160147911,2014,holdout_2014_plus
2014-11,2014-11-28,Friday,True,3,T+3,-4,2014-11-21,2014-11-26,3,170.2206726074,171.0113372803,0.0119464225,0.0046449392,4.0000000000,0.0042449392,2014,holdout_2014_plus
2014-12,2014-12-31,Wednesday,False,3,T+3,-4,2014-12-24,2014-12-30,3,172.0628509521,171.9220581055,0.0353178153,-0.0008182641,4.0000000000,-0.0012182641,2014,holdout_2014_plus
2015-01,2015-01-30,Friday,True,3,T+3,-4,2015-01-26,2015-01-29,3,170.1415557861,167.2762145996,0.0189454044,-0.0168409250,4.0000000000,-0.0172409250,2015,holdout_2014_plus
2015-02,2015-02-27,Friday,True,3,T+3,-4,2015-02-23,2015-02-26,3,174.9116210938,175.0524291992,0.0068168029,0.0008050243,4.0000000000,0.0004050243,2015,holdout_2014_plus
2015-03,2015-03-31,Tuesday,False,3,T+3,-4,2015-03-25,2015-03-30,3,171.1589202881,173.2301788330,-0.0179679989,0.0121013766,4.0000000000,0.0117013766,2015,holdout_2014_plus
2015-04,2015-04-30,Thursday,False,3,T+3,-4,2015-04-24,2015-04-29,3,176.0584411621,175.1600341797,0.0177926795,-0.0051028907,4.0000000000,-0.0055028907,2015,holdout_2014_plus
2015-05,2015-05-29,Friday,True,3,T+3,-4,2015-05-22,2015-05-28,3,177.1731567383,176.7322540283,0.0025891887,-0.0024885413,4.0000000000,-0.0028885413,2015,holdout_2014_plus
2015-06,2015-06-30,Tuesday,False,3,T+3,-4,2015-06-24,2015-06-29,3,175.9535522461,171.7072753906,0.0044348714,-0.0241329419,4.0000000000,-0.0245329419,2015,holdout_2014_plus
2015-07,2015-07-31,Friday,True,3,T+3,-4,2015-07-27,2015-07-30,3,172.8524169922,176.2210388184,-0.0272826630,0.0194884277,4.0000000000,0.0190884277,2015,holdout_2014_plus
2015-08,2015-08-31,Monday,False,3,T+3,-4,2015-08-25,2015-08-28,3,156.5359497070,166.5749359131,-0.1081530302,0.0641321449,4.0000000000,0.0637321449,2015,holdout_2014_plus
2015-09,2015-09-30,Wednesday,False,3,T+3,-4,2015-09-24,2015-09-29,3,162.0803222656,158.0639648438,-0.0291745847,-0.0247800434,4.0000000000,-0.0251800434,2015,holdout_2014_plus
2015-10,2015-10-30,Friday,True,3,T+3,-4,2015-10-26,2015-10-29,3,173.9275054932,175.4651336670,0.0178492433,0.0088406268,4.0000000000,0.0084406268,2015,holdout_2014_plus
2015-11,2015-11-30,Monday,False,3,T+3,-4,2015-11-23,2015-11-27,3,175.6667938232,176.0784912109,0.0167785925,0.0023436267,4.0000000000,0.0019436267,2015,holdout_2014_plus
2015-12,2015-12-31,Thursday,False,3,T+3,-4,2015-12-24,2015-12-30,3,173.8469085693,174.0582427979,0.0099777717,0.0012156341,4.0000000000,0.0008156341,2015,holdout_2014_plus
2016-01,2016-01-29,Friday,True,3,T+3,-4,2016-01-25,2016-01-28,3,158.5989532471,159.8414916992,-0.0009050925,0.0078344682,4.0000000000,0.0074344682,2016,holdout_2014_plus
2016-02,2016-02-29,Monday,False,3,T+3,-4,2016-02-23,2016-02-26,3,162.5546569824,164.8959655762,0.0133842823,0.0144032084,4.0000000000,0.0140032084,2016,holdout_2014_plus
2016-03,2016-03-31,Thursday,False,3,T+3,-4,2016-03-24,2016-03-30,3,172.5686340332,175.0324249268,-0.0022597122,0.0142771652,4.0000000000,0.0138771652,2016,holdout_2014_plus
2016-04,2016-04-29,Friday,True,3,T+3,-4,2016-04-25,2016-04-28,3,177.2328643799,176.2473297119,-0.0030108470,-0.0055606767,4.0000000000,-0.0059606767,2016,holdout_2014_plus
2016-05,2016-05-31,Tuesday,False,3,T+3,-4,2016-05-24,2016-05-27,3,176.6041717529,178.6176452637,0.0147425240,0.0114010529,4.0000000000,0.0110010529,2016,holdout_2014_plus
2016-06,2016-06-30,Thursday,False,3,T+3,-4,2016-06-24,2016-06-29,3,173.5684814453,176.4892272949,-0.0158825107,0.0168276281,4.0000000000,0.0164276281,2016,holdout_2014_plus
2016-07,2016-07-29,Friday,True,3,T+3,-4,2016-07-25,2016-07-28,3,185.0207672119,185.1232299805,0.0011089747,0.0005537906,4.0000000000,0.0001537906,2016,holdout_2014_plus
2016-08,2016-08-31,Wednesday,False,3,T+3,-4,2016-08-25,2016-08-30,3,185.9174804688,186.1736602783,-0.0053004217,0.0013779221,4.0000000000,0.0009779221,2016,holdout_2014_plus
2016-09,2016-09-30,Friday,True,3,T+3,-4,2016-09-26,2016-09-29,3,183.8868560791,184.2644653320,0.0038893687,0.0020534869,4.0000000000,0.0016534869,2016,holdout_2014_plus
2016-10,2016-10-31,Monday,False,3,T+3,-4,2016-10-25,2016-10-28,3,183.8267059326,182.4276733398,0.0021520795,-0.0076106058,4.0000000000,-0.0080106058,2016,holdout_2014_plus
2016-11,2016-11-30,Wednesday,False,3,T+3,-4,2016-11-23,2016-11-29,3,189.4315490723,189.6118469238,0.0129892150,0.0009517837,4.0000000000,0.0005517837,2016,holdout_2014_plus
2016-12,2016-12-30,Friday,True,3,T+3,-4,2016-12-23,2016-12-29,3,194.8736572266,193.6994628906,0.0029773047,-0.0060254134,4.0000000000,-0.0064254134,2016,holdout_2014_plus
2017-01,2017-01-31,Tuesday,False,3,T+3,-4,2017-01-25,2017-01-30,3,198.2062683105,196.4622802734,0.0124366304,-0.0087988541,4.0000000000,-0.0091988541,2017,holdout_2014_plus
2017-02,2017-02-28,Tuesday,False,3,T+3,-4,2017-02-22,2017-02-27,3,203.9995422363,204.7161712646,0.0110393466,0.0035128953,4.0000000000,0.0031128953,2017,holdout_2014_plus
2017-03,2017-03-31,Friday,True,3,T+3,-4,2017-03-27,2017-03-30,3,202.5805053711,204.8957214355,-0.0133040988,0.0114286222,4.0000000000,0.0110286222,2017,holdout_2014_plus
2017-04,2017-04-28,Friday,True,3,T+3,-4,2017-04-24,2017-04-27,3,205.6588592529,206.8988494873,0.0110845226,0.0060293548,4.0000000000,0.0056293548,2017,holdout_2014_plus
2017-05,2017-05-31,Wednesday,False,3,T+3,-4,2017-05-24,2017-05-30,3,208.6417999268,209.4134979248,0.0203120733,0.0036986740,4.0000000000,0.0032986740,2017,holdout_2014_plus
2017-06,2017-06-30,Friday,True,3,T+3,-4,2017-06-26,2017-06-29,3,211.9944763184,210.3040313721,-0.0055995403,-0.0079740047,4.0000000000,-0.0083740047,2017,holdout_2014_plus
2017-07,2017-07-31,Monday,False,3,T+3,-4,2017-07-25,2017-07-28,3,215.5932464600,215.1488647461,0.0071643576,-0.0020612042,4.0000000000,-0.0024612042,2017,holdout_2014_plus
2017-08,2017-08-31,Thursday,False,3,T+3,-4,2017-08-25,2017-08-30,3,213.1011657715,214.3646087646,0.0076223556,0.0059288413,4.0000000000,0.0055288413,2017,holdout_2014_plus
2017-09,2017-09-29,Friday,True,2,T+2,-3,2017-09-26,2017-09-29,3,218.1168365479,219.9995574951,-0.0035603995,0.0086317085,4.0000000000,0.0082317085,2017,holdout_2014_plus
2017-10,2017-10-31,Tuesday,False,2,T+2,-3,2017-10-26,2017-10-31,3,223.8437957764,225.1836242676,-0.0006645285,0.0059855512,4.0000000000,0.0055855512,2017,holdout_2014_plus
2017-11,2017-11-30,Thursday,False,2,T+2,-3,2017-11-27,2017-11-30,3,227.8807525635,232.0665893555,0.0091910054,0.0183685403,4.0000000000,0.0179685403,2017,holdout_2014_plus
2017-12,2017-12-29,Friday,True,2,T+2,-3,2017-12-26,2017-12-29,3,235.1715087891,234.8810577393,-0.0037656935,-0.0012350605,4.0000000000,-0.0016350605,2017,holdout_2014_plus
2018-01,2018-01-31,Wednesday,False,2,T+2,-3,2018-01-26,2018-01-31,3,252.2378540039,248.1186676025,0.0220033545,-0.0163305639,4.0000000000,-0.0167305639,2018,holdout_2014_plus
2018-02,2018-02-28,Wednesday,False,2,T+2,-3,2018-02-23,2018-02-28,3,241.7903594971,239.0970001221,0.0061531264,-0.0111392339,4.0000000000,-0.0115392339,2018,holdout_2014_plus
2018-03,2018-03-29,Thursday,False,2,T+2,-3,2018-03-26,2018-03-29,3,234.2752838135,232.5433044434,-0.0198897685,-0.0073929240,4.0000000000,-0.0077929240,2018,holdout_2014_plus
2018-04,2018-04-30,Monday,False,2,T+2,-3,2018-04-25,2018-04-30,3,232.9674530029,233.7451629639,-0.0250008158,0.0033382773,4.0000000000,0.0029382773,2018,holdout_2014_plus
2018-05,2018-05-31,Thursday,False,2,T+2,-3,2018-05-25,2018-05-31,3,240.4965057373,239.4272003174,0.0030223333,-0.0044462410,4.0000000000,-0.0048462410,2018,holdout_2014_plus
2018-06,2018-06-29,Friday,True,2,T+2,-3,2018-06-26,2018-06-29,3,241.0882110596,240.8041534424,-0.0141560095,-0.0011782311,4.0000000000,-0.0015782311,2018,holdout_2014_plus
2018-07,2018-07-31,Tuesday,False,2,T+2,-3,2018-07-26,2018-07-31,3,251.5093078613,249.7251586914,0.0119283293,-0.0070937699,4.0000000000,-0.0074937699,2018,holdout_2014_plus
2018-08,2018-08-31,Friday,True,2,T+2,-3,2018-08-28,2018-08-31,3,257.3501281738,257.6963500977,0.0125027660,0.0013453342,4.0000000000,0.0009453342,2018,holdout_2014_plus
2018-09,2018-09-28,Friday,True,2,T+2,-3,2018-09-25,2018-09-28,3,259.2552185059,259.2284545898,0.0039747605,-0.0001032339,4.0000000000,-0.0005032339,2018,holdout_2014_plus
2018-10,2018-10-31,Wednesday,False,2,T+2,-3,2018-10-26,2018-10-31,3,236.5886688232,241.3146362305,-0.0395298012,0.0199754596,4.0000000000,0.0195754596,2018,holdout_2014_plus
2018-11,2018-11-30,Friday,True,2,T+2,-3,2018-11-27,2018-11-30,3,239.3262634277,245.7907562256,-0.0026010169,0.0270112135,4.0000000000,0.0266112135,2018,holdout_2014_plus
2018-12,2018-12-31,Monday,False,2,T+2,-3,2018-12-26,2018-12-31,3,220.7950134277,224.1493530273,-0.0292550030,0.0151920985,4.0000000000,0.0147920985,2018,holdout_2014_plus
2019-01,2019-01-31,Thursday,False,2,T+2,-3,2019-01-28,2019-01-31,3,236.5622406006,242.0960388184,-0.0101325881,0.0233925677,4.0000000000,0.0229925677,2019,holdout_2014_plus
2019-02,2019-02-28,Thursday,False,2,T+2,-3,2019-02-25,2019-02-28,3,250.6971893311,249.9436645508,0.0077517378,-0.0030057169,4.0000000000,-0.0034057169,2019,holdout_2014_plus
2019-03,2019-03-29,Friday,True,2,T+2,-3,2019-03-26,2019-03-29,3,253.2426757812,254.4678039551,-0.0045326078,0.0048377635,4.0000000000,0.0044377635,2019,holdout_2014_plus
2019-04,2019-04-30,Tuesday,False,2,T+2,-3,2019-04-25,2019-04-30,3,263.0888977051,264.8634033203,0.0089831117,0.0067448898,4.0000000000,0.0063448898,2019,holdout_2014_plus
2019-05,2019-05-31,Friday,True,2,T+2,-3,2019-05-28,2019-05-31,3,252.3688507080,247.9727630615,-0.0133831675,-0.0174192957,4.0000000000,-0.0178192957,2019,holdout_2014_plus
2019-06,2019-06-28,Friday,True,2,T+2,-3,2019-06-25,2019-06-28,3,263.2007141113,265.2283935547,-0.0007721962,0.0077039284,4.0000000000,0.0073039284,2019,holdout_2014_plus
2019-07,2019-07-31,Wednesday,False,2,T+2,-3,2019-07-26,2019-07-31,3,273.3843688965,269.2384338379,0.0162870089,-0.0151652235,4.0000000000,-0.0155652235,2019,holdout_2014_plus
2019-08,2019-08-30,Friday,True,2,T+2,-3,2019-08-27,2019-08-30,3,259.6793518066,264.7305603027,-0.0110998847,0.0194517141,4.0000000000,0.0190517141,2019,holdout_2014_plus
2019-09,2019-09-30,Monday,False,2,T+2,-3,2019-09-25,2019-09-30,3,270.6546020508,269.8815307617,-0.0069929616,-0.0028563020,4.0000000000,-0.0032563020,2019,holdout_2014_plus
2019-10,2019-10-31,Thursday,False,2,T+2,-3,2019-10-28,2019-10-31,3,275.8199768066,275.8472290039,0.0110336963,0.0000988043,4.0000000000,-0.0003011957,2019,holdout_2014_plus
2019-11,2019-11-29,Friday,True,2,T+2,-3,2019-11-25,2019-11-29,3,284.9775085449,285.8324890137,0.0043260213,0.0030001682,4.0000000000,0.0026001682,2019,holdout_2014_plus
2019-12,2019-12-31,Tuesday,False,2,T+2,-3,2019-12-26,2019-12-31,3,295.1243591309,294.1374511719,0.0154497837,-0.0033440410,4.0000000000,-0.0037440410,2019,holdout_2014_plus
2020-01,2020-01-31,Friday,True,2,T+2,-3,2020-01-28,2020-01-31,3,298.7342529297,294.0187683105,-0.0133110802,-0.0157848810,4.0000000000,-0.0161848810,2020,holdout_2014_plus
2020-02,2020-02-28,Friday,True,2,T+2,-3,2020-02-25,2020-02-28,3,285.7207641602,270.7424621582,-0.0715114359,-0.0524228683,4.0000000000,-0.0528228683,2020,holdout_2014_plus
2020-03,2020-03-31,Tuesday,False,2,T+2,-3,2020-03-26,2020-03-31,3,240.1058654785,236.9344787598,0.0924116453,-0.0132082851,4.0000000000,-0.0136082851,2020,holdout_2014_plus
2020-04,2020-04-30,Thursday,False,2,T+2,-3,2020-04-27,2020-04-30,3,263.8682250977,267.0212707520,0.0193897150,0.0119493192,4.0000000000,0.0115493192,2020,holdout_2014_plus
2020-05,2020-05-29,Friday,True,2,T+2,-3,2020-05-26,2020-05-29,3,274.9267578125,279.7436218262,0.0138306725,0.0175205355,4.0000000000,0.0171205355,2020,holdout_2014_plus
2020-06,2020-06-30,Tuesday,False,2,T+2,-3,2020-06-25,2020-06-30,3,283.7720947266,284.7047424316,-0.0098711079,0.0032866082,4.0000000000,0.0028866082,2020,holdout_2014_plus
2020-07,2020-07-31,Friday,True,2,T+2,-3,2020-07-28,2020-07-31,3,296.5320129395,301.4715576172,-0.0118149847,0.0166577114,4.0000000000,0.0162577114,2020,holdout_2014_plus
2020-08,2020-08-31,Monday,False,2,T+2,-3,2020-08-26,2020-08-31,3,320.9067382812,322.5132751465,0.0306615649,0.0050062422,4.0000000000,0.0046062422,2020,holdout_2014_plus
2020-09,2020-09-30,Wednesday,False,2,T+2,-3,2020-09-25,2020-09-30,3,304.7270202637,310.4371948242,-0.0058065752,0.0187386552,4.0000000000,0.0183386552,2020,holdout_2014_plus
2020-10,2020-10-30,Friday,True,2,T+2,-3,2020-10-27,2020-10-30,3,313.5240478516,302.6968994141,-0.0150270002,-0.0345337097,4.0000000000,-0.0349337097,2020,holdout_2014_plus
2020-11,2020-11-30,Monday,False,2,T+2,-3,2020-11-24,2020-11-30,3,336.6986389160,335.6232910156,0.0072099933,-0.0031937994,4.0000000000,-0.0035937994,2020,holdout_2014_plus
2020-12,2020-12-31,Thursday,False,2,T+2,-3,2020-12-28,2020-12-31,3,346.4657287598,348.0576782227,0.0080991652,0.0045948252,4.0000000000,0.0041948252,2020,holdout_2014_plus
2021-01,2021-01-29,Friday,True,2,T+2,-3,2021-01-26,2021-01-29,3,357.2831726074,344.5107727051,0.0135746367,-0.0357486747,4.0000000000,-0.0361486747,2021,holdout_2014_plus
2021-02,2021-02-26,Friday,True,2,T+2,-3,2021-02-23,2021-02-26,3,360.7369384766,354.0899963379,-0.0122355123,-0.0184260092,4.0000000000,-0.0188260092,2021,holdout_2014_plus
2021-03,2021-03-31,Wednesday,False,2,T+2,-3,2021-03-26,2021-03-31,3,369.8385620117,370.1654052734,0.0166890130,0.0008837458,4.0000000000,0.0004837458,2021,holdout_2014_plus
2021-04,2021-04-30,Friday,True,2,T+2,-3,2021-04-27,2021-04-30,3,389.9565124512,389.7510986328,0.0129798875,-0.0005267608,4.0000000000,-0.0009267608,2021,holdout_2014_plus
2021-05,2021-05-28,Friday,True,2,T+2,-3,2021-05-25,2021-05-28,3,390.6290283203,392.3102111816,0.0152935743,0.0043037837,4.0000000000,0.0039037837,2021,holdout_2014_plus
2021-06,2021-06-30,Wednesday,False,2,T+2,-3,2021-06-25,2021-06-30,3,399.7500305176,401.1087646484,0.0281741824,0.0033989594,4.0000000000,0.0029989594,2021,holdout_2014_plus
2021-07,2021-07-30,Friday,True,2,T+2,-3,2021-07-27,2021-07-30,3,411.3693237305,410.9007873535,0.0184429999,-0.0011389677,4.0000000000,-0.0015389677,2021,holdout_2014_plus
2021-08,2021-08-31,Tuesday,False,2,T+2,-3,2021-08-26,2021-08-31,3,418.1629028320,423.1291809082,0.0145501394,0.0118764196,4.0000000000,0.0114764196,2021,holdout_2014_plus
2021-09,2021-09-30,Thursday,False,2,T+2,-3,2021-09-27,2021-09-30,3,416.0996093750,403.4090270996,0.0198139963,-0.0304989046,4.0000000000,-0.0308989046,2021,holdout_2014_plus
2021-10,2021-10-29,Friday,True,2,T+2,-3,2021-10-26,2021-10-29,3,428.6208801270,431.7135925293,0.0118053390,0.0072154964,4.0000000000,0.0068154964,2021,holdout_2014_plus
2021-11,2021-11-30,Tuesday,False,2,T+2,-3,2021-11-24,2021-11-30,3,441.2926330566,428.2449035645,0.0027769316,-0.0295670685,4.0000000000,-0.0299670685,2021,holdout_2014_plus
2021-12,2021-12-31,Friday,True,2,T+2,-3,2021-12-28,2021-12-31,3,449.8520202637,448.0502319336,0.0481120049,-0.0040052912,4.0000000000,-0.0044052912,2021,holdout_2014_plus
2022-01,2022-01-31,Monday,False,2,T+2,-3,2022-01-26,2022-01-31,3,408.8260498047,424.4194946289,-0.0406639009,0.0381420040,4.0000000000,0.0377420040,2022,holdout_2014_plus
2022-02,2022-02-28,Monday,False,2,T+2,-3,2022-02-23,2022-02-28,3,398.0436096191,411.8919372559,-0.0541358509,0.0347909809,4.0000000000,0.0343909809,2022,holdout_2014_plus
2022-03,2022-03-31,Thursday,False,2,T+2,-3,2022-03-28,2022-03-31,3,431.4155883789,427.3750305176,0.0259230032,-0.0093658133,4.0000000000,-0.0097658133,2022,holdout_2014_plus
2022-04,2022-04-29,Friday,True,2,T+2,-3,2022-04-26,2022-04-29,3,393.7444458008,389.8647155762,-0.0650279400,-0.0098534221,4.0000000000,-0.0102534221,2022,holdout_2014_plus
2022-05,2022-05-31,Tuesday,False,2,T+2,-3,2022-05-25,2022-05-31,3,376.0207824707,390.7448120117,0.0140611186,0.0391574887,4.0000000000,0.0387574887,2022,holdout_2014_plus
2022-06,2022-06-30,Thursday,False,2,T+2,-3,2022-06-27,2022-06-30,3,369.3009338379,358.5238037109,0.0621277781,-0.0291825152,4.0000000000,-0.0295825152,2022,holdout_2014_plus
2022-07,2022-07-29,Friday,True,2,T+2,-3,2022-07-26,2022-07-29,3,371.4867858887,391.5393981934,-0.0035177246,0.0539793421,4.0000000000,0.0535793421,2022,holdout_2014_plus
2022-08,2022-08-31,Wednesday,False,2,T+2,-3,2022-08-26,2022-08-31,3,385.1909179688,375.5638122559,-0.0398684076,-0.0249930755,4.0000000000,-0.0253930755,2022,holdout_2014_plus
2022-09,2022-09-30,Friday,True,2,T+2,-3,2022-09-27,2022-09-30,3,346.7609558105,340.8444824219,-0.0539196058,-0.0170621095,4.0000000000,-0.0174621095,2022,holdout_2014_plus
2022-10,2022-10-31,Monday,False,2,T+2,-3,2022-10-26,2022-10-31,3,364.5483703613,368.5468139648,0.0366892133,0.0109682114,4.0000000000,0.0105682114,2022,holdout_2014_plus
2022-11,2022-11-30,Wednesday,False,2,T+2,-3,2022-11-25,2022-11-30,3,383.9296264648,389.0348815918,0.0205208916,0.0132973722,4.0000000000,0.0128973722,2022,holdout_2014_plus
2022-12,2022-12-30,Friday,True,2,T+2,-3,2022-12-27,2022-12-30,3,365.6280517578,366.6154479980,0.0036314825,0.0027005484,4.0000000000,0.0023005484,2022,holdout_2014_plus
2023-01,2023-01-31,Tuesday,False,2,T+2,-3,2023-01-26,2023-01-31,3,388.0124511719,389.6709594727,0.0414520182,0.0042743688,4.0000000000,0.0038743688,2023,holdout_2014_plus
2023-02,2023-02-28,Tuesday,False,2,T+2,-3,2023-02-23,2023-02-28,3,384.0916442871,379.8735961914,-0.0321753502,-0.0109818793,4.0000000000,-0.0113818793,2023,holdout_2014_plus
2023-03,2023-03-31,Friday,True,2,T+2,-3,2023-03-28,2023-03-31,3,380.6882324219,393.9584045410,-0.0082977131,0.0348583723,4.0000000000,0.0344583723,2023,holdout_2014_plus
2023-04,2023-04-28,Friday,True,2,T+2,-3,2023-04-25,2023-04-28,3,390.7731933594,400.2519226074,-0.0196276503,0.0242563446,4.0000000000,0.0238563446,2023,holdout_2014_plus
2023-05,2023-05-31,Wednesday,False,2,T+2,-3,2023-05-25,2023-05-31,3,399.0202026367,402.0995483398,-0.0109246090,0.0077172677,4.0000000000,0.0073172677,2023,holdout_2014_plus
2023-06,2023-06-30,Friday,True,2,T+2,-3,2023-06-27,2023-06-30,3,421.2881164551,428.1555175781,-0.0023102992,0.0163009609,4.0000000000,0.0159009609,2023,holdout_2014_plus
2023-07,2023-07-31,Monday,False,2,T+2,-3,2023-07-26,2023-07-31,3,439.9683227539,442.1704406738,0.0006811240,0.0050051738,4.0000000000,0.0046051738,2023,holdout_2014_plus
2023-08,2023-08-31,Thursday,False,2,T+2,-3,2023-08-28,2023-08-31,3,427.6532897949,434.9842834473,0.0077844825,0.0171423764,4.0000000000,0.0167423764,2023,holdout_2014_plus
2023-09,2023-09-29,Friday,True,2,T+2,-3,2023-09-26,2023-09-29,3,412.8001403809,414.3510131836,-0.0380159994,0.0037569580,4.0000000000,0.0033569580,2023,holdout_2014_plus
2023-10,2023-10-31,Tuesday,False,2,T+2,-3,2023-10-26,2023-10-31,3,399.8796081543,405.3560485840,-0.0325491446,0.0136952231,4.0000000000,0.0132952231,2023,holdout_2014_plus
2023-11,2023-11-30,Thursday,False,2,T+2,-3,2023-11-27,2023-11-30,3,440.5217895508,442.3828430176,0.0081856752,0.0042246570,4.0000000000,0.0038246570,2023,holdout_2014_plus
2023-12,2023-12-29,Friday,True,2,T+2,-3,2023-12-26,2023-12-29,3,462.9108581543,462.5799865723,0.0077970637,-0.0007147631,4.0000000000,-0.0011147631,2023,holdout_2014_plus
2024-01,2024-01-31,Wednesday,False,2,T+2,-3,2024-01-26,2024-01-31,3,474.3559265137,469.9472351074,0.0103227974,-0.0092940578,4.0000000000,-0.0096940578,2024,holdout_2014_plus
2024-02,2024-02-29,Thursday,False,2,T+2,-3,2024-02-26,2024-02-29,3,492.4382629395,494.4722900391,0.0129726046,0.0041305220,4.0000000000,0.0037305220,2024,holdout_2014_plus
2024-03,2024-03-28,Thursday,False,2,T+2,-3,2024-03-25,2024-03-28,3,507.4209289551,510.6425476074,0.0134735078,0.0063490063,4.0000000000,0.0059490063,2024,holdout_2014_plus
2024-04,2024-04-30,Tuesday,False,2,T+2,-3,2024-04-25,2024-04-30,3,491.5276794434,490.0535888672,0.0079475539,-0.0029989981,4.0000000000,-0.0033989981,2024,holdout_2014_plus
2024-05,2024-05-31,Friday,True,1,T+1,-2,2024-05-29,2024-06-03,3,513.6004638672,515.2600708008,-0.0098993242,0.0032313190,4.0000000000,0.0028313190,2024,holdout_2014_plus
2024-06,2024-06-28,Friday,True,1,T+1,-2,2024-06-26,2024-07-01,3,534.2675170898,534.1009521484,-0.0022244503,-0.0003117632,4.0000000000,-0.0007117632,2024,holdout_2014_plus
2024-07,2024-07-31,Wednesday,False,1,T+1,-2,2024-07-29,2024-08-01,3,533.5329589844,531.8189697266,-0.0178310316,-0.0032125274,4.0000000000,-0.0036125274,2024,holdout_2014_plus
2024-08,2024-08-30,Friday,True,1,T+1,-2,2024-08-28,2024-09-03,3,546.7938842773,540.7019653320,-0.0041382194,-0.0111411615,4.0000000000,-0.0115411615,2024,holdout_2014_plus
2024-09,2024-09-30,Monday,False,1,T+1,-2,2024-09-26,2024-10-01,3,562.2244873047,558.6093139648,0.0053861888,-0.0064301243,4.0000000000,-0.0068301243,2024,holdout_2014_plus
2024-10,2024-10-31,Thursday,False,1,T+1,-2,2024-10-29,2024-11-01,3,571.5277709961,560.9866943359,-0.0026572981,-0.0184436823,4.0000000000,-0.0188436823,2024,holdout_2014_plus
2024-11,2024-11-29,Friday,True,1,T+1,-2,2024-11-26,2024-12-02,3,590.0754394531,593.0029296875,0.0175335636,0.0049612135,4.0000000000,0.0045612135,2024,holdout_2014_plus
2024-12,2024-12-31,Tuesday,False,1,T+1,-2,2024-12-27,2025-01-02,3,586.5020141602,576.2803344727,0.0186190771,-0.0174282090,4.0000000000,-0.0178282090,2024,holdout_2014_plus
2025-01,2025-01-31,Friday,True,1,T+1,-2,2025-01-29,2025-02-03,3,593.2047729492,589.2225952148,-0.0076348996,-0.0067129900,4.0000000000,-0.0071129900,2025,holdout_2014_plus
2025-02,2025-02-28,Friday,True,1,T+1,-2,2025-02-26,2025-03-03,3,586.0387573242,575.4227905273,-0.0300034762,-0.0181147862,4.0000000000,-0.0185147862,2025,holdout_2014_plus
2025-03,2025-03-31,Monday,False,1,T+1,-2,2025-03-27,2025-04-01,3,560.6529541016,554.6121215820,0.0058285188,-0.0107746378,4.0000000000,-0.0111746378,2025,holdout_2014_plus
2025-04,2025-04-30,Wednesday,False,1,T+1,-2,2025-04-28,2025-05-01,3,544.6068725586,552.1405029297,0.0719429283,0.0138331533,4.0000000000,0.0134331533,2025,holdout_2014_plus
2025-05,2025-05-30,Friday,True,1,T+1,-2,2025-05-28,2025-06-02,3,581.0688476562,585.9924926758,-0.0086363167,0.0084734280,4.0000000000,0.0080734280,2025,holdout_2014_plus
2025-06,2025-06-30,Monday,False,1,T+1,-2,2025-06-26,2025-07-01,3,606.7236328125,612.4550781250,0.0271806235,0.0094465503,4.0000000000,0.0090465503,2025,holdout_2014_plus
2025-07,2025-07-31,Thursday,False,1,T+1,-2,2025-07-29,2025-08-01,3,629.9168701172,616.4907226562,0.0101770817,-0.0213141576,4.0000000000,-0.0217141576,2025,holdout_2014_plus
2025-08,2025-08-29,Friday,True,1,T+1,-2,2025-08-27,2025-09-02,3,641.1912841797,634.8847656250,0.0133519696,-0.0098356274,4.0000000000,-0.0102356274,2025,holdout_2014_plus
2025-09,2025-09-30,Tuesday,False,1,T+1,-2,2025-09-26,2025-10-01,3,658.0729980469,664.6654663086,-0.0028325562,0.0100178374,4.0000000000,0.0096178374,2025,holdout_2014_plus
2025-10,2025-10-31,Friday,True,1,T+1,-2,2025-10-29,2025-11-03,3,683.4981689453,679.4711303711,0.0293350972,-0.0058918059,4.0000000000,-0.0062918059,2025,holdout_2014_plus
2025-11,2025-11-28,Friday,True,1,T+1,-2,2025-11-25,2025-12-01,3,671.1981811523,676.4185180664,0.0226335170,0.0077776386,4.0000000000,0.0073776386,2025,holdout_2014_plus
2025-12,2025-12-31,Wednesday,False,1,T+1,-2,2025-12-29,2026-01-02,3,685.9765625000,681.3093261719,0.0106671360,-0.0068037840,4.0000000000,-0.0072037840,2025,holdout_2014_plus
2026-01,2026-01-30,Friday,True,1,T+1,-2,2026-01-28,2026-02-02,3,693.5259399414,693.5159912109,0.0146191507,-0.0000143451,4.0000000000,-0.0004143451,2026,holdout_2014_plus
2026-02,2026-02-27,Friday,True,1,T+1,-2,2026-02-25,2026-03-02,3,689.4859008789,682.7516479492,0.0074005103,-0.0097670640,4.0000000000,-0.0101670640,2026,holdout_2014_plus
2026-03,2026-03-31,Tuesday,False,1,T+1,-2,2026-03-27,2026-04-01,3,632.4606323242,653.5562744141,-0.0223260677,0.0333548699,4.0000000000,0.0329548699,2026,holdout_2014_plus
2026-04,2026-04-30,Thursday,False,1,T+1,-2,2026-04-28,2026-05-01,3,709.8612060547,718.7982177734,0.0108083562,0.0125898016,4.0000000000,0.0121898016,2026,holdout_2014_plus
2026-05,2026-05-29,Friday,True,1,T+1,-2,2026-05-27,2026-06-01,3,748.5316162109,756.5908203125,0.0228013046,0.0107666850,4.0000000000,0.0103666850,2026,holdout_2014_plus
2026-06,2026-06-30,Tuesday,False,1,T+1,-2,2026-06-26,2026-07-01,3,728.9899902344,745.7600097656,-0.0237699872,0.0230044579,4.0000000000,0.0226044579,2026,holdout_2014_plus
2026-07,2026-07-31,Friday,True,1,T+1,-2,2026-07-29,2026-08-03,3,729.4600219727,757.6699829102,-0.0240162051,0.0386723879,4.0000000000,0.0382723879,2026,holdout_2014_plus
