signal_date,ticker,t_clean,tier,close,atr,nearest_type,nearest_level,nearest_date,nearest_source_age_bars,high_age,low_age,high_expired,low_expired,distance_atr,matched_rule,proposed_action,proposed_offset_atr,affected,staged_with,staged_without
2021-07-19,ADM,ADM,Liquid,50.22582244873047,0.902979987008231,High,44.46493148803711,2020-10-23,183.0,183.0,333.0,False,True,6.379865604530664,above_high_gt5,skip,0.25,True,False,True
2025-01-07,AEP,AEP,Liquid,86.11212158203125,1.3563581194196428,Low,73.55506896972656,2024-04-16,183.0,78.0,183.0,False,False,9.257918268427211,default,stage,0.25,False,True,True
2026-07-31,AEP,AEP,Liquid,126.88397979736328,2.762542724609375,Low,122.85465240478516,2026-06-01,42.0,78.0,42.0,False,False,1.4585574936756405,default,stage,0.25,False,True,True
2009-10-28,AIG,AIG,Liquid,22.076221466064453,1.6049912316458566,High,31.386592864990234,2009-08-28,42.0,42.0,78.0,False,False,-5.800886145264704,default,stage,0.25,False,True,True
2009-10-30,AIG,AIG,Liquid,21.00771141052246,1.6897926330566406,High,31.386592864990234,2009-08-28,44.0,44.0,80.0,False,False,-6.142103623504128,default,stage,0.25,False,True,True
2010-01-27,AIG,AIG,Liquid,15.565201759338379,0.8846193041120257,Low,5.923649787902832,2009-07-09,139.0,103.0,139.0,False,False,10.89909741582416,default,stage,0.25,False,True,True
2010-01-29,AIG,AIG,Liquid,15.140303611755371,0.8908683231898716,Low,5.923649787902832,2009-07-09,141.0,105.0,141.0,False,False,10.34569709567301,default,stage,0.25,False,True,True
2010-02-04,AIG,AIG,Liquid,14.1155366897583,0.8489136695861816,Low,5.923649787902832,2009-07-09,145.0,109.0,145.0,False,False,9.64984685174024,default,stage,0.25,False,True,True
2010-02-05,AIG,AIG,Liquid,14.003056526184082,0.8698910985674176,Low,5.923649787902832,2009-07-09,146.0,110.0,146.0,False,False,9.287837008088532,default,stage,0.25,False,True,True
2010-02-08,AIG,AIG,Liquid,13.846844673156738,0.8127612386431012,Low,5.923649787902832,2009-07-09,147.0,111.0,147.0,False,False,9.74849009591257,default,stage,0.25,False,True,True
2025-12-17,AMD,AMD,Liquid,198.11000061035156,7.973570687430246,Low,78.20999908447266,2025-04-08,175.0,299.0,175.0,True,False,15.03717797534454,default,stage,0.25,False,True,True
2018-04-06,AMGN,AMGN,Liquid,131.86801147460938,4.3459963117327005,Low,130.9486846923828,2017-11-15,96.0,47.0,96.0,False,False,0.21153418371403016,default,stage,0.25,False,True,True
2021-07-14,AON,AON,Liquid,222.96177673339844,3.6042676653180803,High,250.141357421875,2021-05-07,46.0,46.0,173.0,False,False,-7.540944017563118,default,stage,0.25,False,True,True
2025-01-03,AON,AON,Liquid,350.9294738769531,4.959749494280134,High,328.834228515625,2024-03-27,194.0,194.0,151.0,False,False,4.454911560918474,above_high_4_5,stage,0.75,True,True,True
2025-01-06,AON,AON,Liquid,345.46697998046875,5.133237566266741,High,328.834228515625,2024-03-27,195.0,195.0,152.0,False,False,3.2402068383015203,default,stage,0.25,False,True,True
2025-01-07,AON,AON,Liquid,345.4372253417969,5.070210048130581,High,328.834228515625,2024-03-27,196.0,196.0,153.0,False,False,3.2746171595580162,default,stage,0.25,False,True,True
2023-08-17,AVGO,AVGO,Liquid,79.90596008300781,2.0362565176827565,Low,58.63505172729492,2023-05-04,72.0,253.0,72.0,True,False,10.446084847855522,default,stage,0.25,False,True,True
2025-02-24,AVGO,AVGO,Liquid,205.6365203857422,8.701521737234932,High,246.58181762695312,2024-12-16,45.0,45.0,57.0,False,False,-4.705532949024391,default,stage,0.25,False,True,True
2025-02-25,AVGO,AVGO,Liquid,200.3059539794922,8.70081547328404,Low,157.48687744140625,2024-11-27,58.0,46.0,58.0,False,False,4.921271652014967,default,stage,0.25,False,True,True
2018-03-02,BDX,BDX,Liquid,147.25042724609375,3.0014550345284596,High,138.13372802734375,2017-07-24,153.0,153.0,111.0,False,False,3.0374265527460316,default,stage,0.25,False,True,True
2015-03-11,CAG,CAG,Liquid,17.69594955444336,0.25972420828683035,High,19.517024993896484,2014-12-11,60.0,60.0,178.0,False,False,-7.01157374379978,default,stage,0.25,False,True,True
2025-01-07,CL,CL,Liquid,84.28373718261719,1.294436318533761,High,104.38202667236328,2024-09-04,86.0,86.0,311.0,False,True,-15.526673040595698,default,stage,0.25,False,True,True
2016-08-16,CPB,CPB,Liquid,43.037872314453125,0.476994378226144,Low,42.62535858154297,2016-04-21,81.0,384.0,81.0,True,False,0.8648188568683354,default,stage,0.25,False,True,True
2021-04-12,CVX,CVX,Liquid,82.64947509765625,1.7482060023716517,High,76.5650405883789,2020-11-24,93.0,93.0,112.0,False,False,3.4803876093681616,default,stage,0.25,False,True,True
2026-03-19,D,D,Liquid,60.41505432128906,1.219219480242048,High,60.80593490600586,2025-11-28,75.0,75.0,49.0,False,False,-0.32059903163554815,default,stage,0.25,False,True,True
2026-08-24,D,D,Liquid,66.61000061035156,1.1350010463169642,High,65.15625762939453,2026-02-13,131.0,131.0,157.0,False,False,1.2808296394742302,default,stage,0.25,False,True,True
2026-08-28,D,D,Liquid,65.55000305175781,0.9507152012416294,High,65.15625762939453,2026-02-13,135.0,135.0,161.0,False,False,0.4141570702236081,default,stage,0.25,False,True,True
2023-10-18,ECL,ECL,Liquid,157.72731018066406,3.2128775460379466,High,184.9775390625,2023-07-25,60.0,60.0,239.0,False,False,-8.481564731727902,default,stage,0.25,False,True,True
2025-01-07,EMR,EMR,Liquid,117.72877502441406,2.8248999459402904,High,114.90701293945312,2024-07-16,121.0,121.0,84.0,False,False,0.9988892134095361,default,stage,0.25,False,True,True
2025-01-08,EMR,EMR,Liquid,117.35807037353516,2.7691557747977122,High,114.90701293945312,2024-07-16,122.0,122.0,85.0,False,False,0.8851280438570062,default,stage,0.25,False,True,True
2015-03-03,ETR,ETR,Liquid,25.099498748779297,0.47157628195626394,Low,22.2226505279541,2014-08-06,143.0,43.0,143.0,False,False,6.1004938774507895,default,stage,0.25,False,True,True
2015-03-04,ETR,ETR,Liquid,24.78203010559082,0.4741215024675642,Low,22.2226505279541,2014-08-06,144.0,44.0,144.0,False,False,5.398151242490446,default,stage,0.25,False,True,True
2015-03-06,ETR,ETR,Liquid,24.189208984375,0.4789795194353376,Low,22.2226505279541,2014-08-06,146.0,46.0,146.0,False,False,4.105725561584026,default,stage,0.25,False,True,True
2026-08-24,ETR,ETR,Liquid,105.79000091552734,2.1442053658621654,Low,104.34709167480469,2026-06-01,58.0,94.0,58.0,False,False,0.6729342551302103,default,stage,0.25,False,True,True
2026-03-19,GILD,GILD,Liquid,140.18865966796875,3.4167633056640625,High,125.68519592285156,2025-11-19,81.0,81.0,215.0,False,False,4.2447961557870855,above_high_4_5,stage,0.75,True,True,True
2026-05-18,ITA,ITA,Liquid,220.07550048828125,4.752378191266741,Low,197.96246337890625,2025-11-21,120.0,54.0,120.0,False,False,4.653046584131554,default,stage,0.25,False,True,True
2015-01-06,JNJ,JNJ,Liquid,75.6404800415039,1.2277842930385046,High,76.95171356201172,2014-07-07,127.0,127.0,55.0,False,False,-1.0679673359094608,default,stage,0.25,False,True,True
2017-09-08,KEY,KEY,Liquid,11.378039360046387,0.21950980595179967,Low,11.446918487548828,2017-03-21,119.0,40.0,119.0,False,False,-0.31378610720272787,default,stage,0.25,False,True,True
2016-05-18,KMB,KMB,Liquid,89.25582122802734,1.3689062935965401,High,81.3570327758789,2015-08-05,198.0,198.0,184.0,False,False,5.770145472409129,above_high_gt5,skip,0.25,True,False,True
2012-11-09,KO,KO,Liquid,23.877729415893555,0.37410150255475727,High,26.507083892822266,2012-07-30,71.0,71.0,240.0,False,False,-7.028452061733839,default,stage,0.25,False,True,True
2025-01-10,KRE,KRE,Liquid,56.491756439208984,1.4573544093540736,High,56.61689758300781,2024-07-26,115.0,115.0,185.0,False,False,-0.0858687104492949,default,stage,0.25,False,True,True
2025-01-13,KRE,KRE,Liquid,57.33462905883789,1.4051475524902344,High,56.61689758300781,2024-07-26,116.0,116.0,186.0,False,False,0.5107872654071796,default,stage,0.25,False,True,True
2018-03-28,LIN,LIN,Liquid,125.62012481689453,3.2379651750837053,Low,110.76160430908203,2017-08-11,157.0,42.0,157.0,False,False,4.588845062988792,default,stage,0.25,False,True,True
2021-04-06,LLY,LLY,Liquid,173.90753173828125,3.0429720197405135,High,201.5303955078125,2021-01-26,48.0,48.0,106.0,False,False,-9.077593743989393,default,stage,0.25,False,True,True
2021-04-07,LLY,LLY,Liquid,173.4508514404297,2.8812408447265625,High,201.5303955078125,2021-01-26,49.0,49.0,107.0,False,False,-9.745642790943995,default,stage,0.25,False,True,True
2026-04-10,LMT,LMT,Liquid,609.7283935546875,16.203216552734375,High,504.3875732421875,2025-10-06,128.0,128.0,89.0,False,False,6.501228936221506,above_high_gt5,skip,0.25,True,False,True
2026-04-15,LMT,LMT,Liquid,607.1254272460938,14.828639439174108,High,504.3875732421875,2025-10-06,131.0,131.0,92.0,False,False,6.92833988076443,above_high_gt5,skip,0.25,True,False,True
2026-04-21,LMT,LMT,Liquid,568.2301025390625,14.3311767578125,High,504.3875732421875,2025-10-06,135.0,135.0,96.0,False,False,4.454800214648938,above_high_4_5,stage,0.75,True,True,True
2026-08-17,LUV,LUV,Liquid,43.349998474121094,1.4721429007393974,Low,36.13221740722656,2026-03-30,96.0,124.0,96.0,False,False,4.902907906066275,default,stage,0.25,False,True,True
2026-08-18,LUV,LUV,Liquid,42.4900016784668,1.397857393537249,Low,36.13221740722656,2026-03-30,97.0,125.0,97.0,False,False,4.548235249628715,default,stage,0.25,False,True,True
2026-08-19,LUV,LUV,Liquid,41.41999816894531,1.3885718754359655,Low,36.13221740722656,2026-03-30,98.0,126.0,98.0,False,False,3.8080713395254113,default,stage,0.25,False,True,True
2026-08-20,LUV,LUV,Liquid,39.88999938964844,1.4335716792515345,Low,36.13221740722656,2026-03-30,99.0,127.0,99.0,False,False,2.6212724740654805,default,stage,0.25,False,True,True
2026-08-21,LUV,LUV,Liquid,40.380001068115234,1.315000261579241,Low,36.13221740722656,2026-03-30,100.0,40.0,100.0,False,False,3.2302530919555283,default,stage,0.25,False,True,True
2016-08-19,MCD,MCD,Liquid,90.99849700927734,0.9104701450892857,High,103.36510467529297,2016-05-10,71.0,71.0,249.0,False,False,-13.582661367554108,default,stage,0.25,False,True,True
2016-08-22,MCD,MCD,Liquid,91.3228988647461,0.881082262311663,High,103.36510467529297,2016-05-10,72.0,72.0,250.0,False,False,-13.66751587865608,default,stage,0.25,False,True,True
2025-01-07,MO,MO,Liquid,46.53121566772461,0.7098475864955357,High,47.591636657714844,2024-09-04,86.0,86.0,53.0,False,False,-1.4938713748756312,default,stage,0.25,False,True,True
2025-01-08,MO,MO,Liquid,46.558349609375,0.699145998273577,High,47.591636657714844,2024-09-04,87.0,87.0,54.0,False,False,-1.4779274298806997,default,stage,0.25,False,True,True
2013-08-15,MSFT,MSFT,Liquid,26.117584228515625,0.5288457870483398,High,25.06361961364746,2012-09-20,225.0,225.0,175.0,False,False,1.9929526540254447,default,stage,0.25,False,True,True
2018-04-23,MU,MU,Liquid,47.808570861816406,2.459813254220145,High,48.45226287841797,2017-11-24,101.0,101.0,53.0,False,False,-0.26168328652478845,default,stage,0.25,False,True,True
2025-01-07,NEE,NEE,Liquid,67.34368896484375,1.2396207536969865,High,81.142578125,2024-10-02,66.0,66.0,226.0,False,False,-11.131540932178726,default,stage,0.25,False,True,True
2026-03-16,NUE,NUE,Liquid,161.7895050048828,5.134431021554129,High,148.70645141601562,2025-08-27,137.0,137.0,101.0,False,False,2.5481019287132436,above_high_2_3,stage,0.5,True,True,True
2024-04-19,ORCL,ORCL,Liquid,112.48265075683594,2.4312379019601003,High,113.90470123291016,2023-12-01,95.0,95.0,86.0,False,False,-0.5849079906691733,default,stage,0.25,False,True,True
2024-04-22,ORCL,ORCL,Liquid,112.13995361328125,2.4282014029366628,High,113.90470123291016,2023-12-01,96.0,96.0,87.0,False,False,-0.7267715180028409,default,stage,0.25,False,True,True
2025-11-06,ORCL,ORCL,Liquid,242.31094360351562,9.921883719308036,Low,221.25404357910156,2025-09-04,45.0,41.0,45.0,False,False,2.1222683736392947,default,stage,0.25,False,True,True
2025-11-07,ORCL,ORCL,Liquid,237.7986602783203,9.598866053989955,Low,221.25404357910156,2025-09-04,46.0,42.0,46.0,False,False,1.7236011635292754,default,stage,0.25,False,True,True
2026-01-08,ORCL,ORCL,Liquid,188.49166870117188,5.832726614815848,Low,221.25404357910156,2025-09-04,87.0,83.0,87.0,False,False,-5.616991338957872,default,stage,0.25,False,True,True
2026-05-08,OXY,OXY,Liquid,52.78618240356445,1.8222972324916296,High,47.37734603881836,2025-09-29,153.0,153.0,98.0,False,False,2.9681416776068876,above_high_2_3,stage,0.5,True,True,True
2026-06-18,OXY,OXY,Liquid,51.81999969482422,1.9986201695033483,Low,38.5579833984375,2025-12-16,126.0,56.0,126.0,False,False,6.6355861402531,default,stage,0.25,False,True,True
2026-06-22,OXY,OXY,Liquid,52.0,1.850405011858259,Low,38.5579833984375,2025-12-16,127.0,57.0,127.0,False,False,7.264364566362382,default,stage,0.25,False,True,True
2026-06-24,OXY,OXY,Liquid,51.09000015258789,1.8413876124790736,Low,38.5579833984375,2025-12-16,129.0,59.0,129.0,False,False,6.805746204232603,default,stage,0.25,False,True,True
2026-06-25,OXY,OXY,Liquid,51.209999084472656,1.8275980268205916,Low,38.5579833984375,2025-12-16,130.0,60.0,130.0,False,False,6.922756262790142,default,stage,0.25,False,True,True
2026-06-26,OXY,OXY,Liquid,49.9900016784668,1.779696328299386,Low,38.5579833984375,2025-12-16,131.0,61.0,131.0,False,False,6.423578055562616,default,stage,0.25,False,True,True
2026-06-29,OXY,OXY,Liquid,49.09000015258789,1.789386204310826,Low,38.5579833984375,2025-12-16,132.0,62.0,132.0,False,False,5.8858265078704735,default,stage,0.25,False,True,True
2026-06-30,OXY,OXY,Liquid,48.56999969482422,1.7400005885532923,Low,38.5579833984375,2025-12-16,133.0,63.0,133.0,False,False,5.754030407950102,default,stage,0.25,False,True,True
2023-10-20,PCG,PCG,Liquid,15.791085243225098,0.3766818046569824,Low,15.06165885925293,2023-02-23,166.0,71.0,166.0,False,False,1.9364523981624362,default,stage,0.25,False,True,True
2023-10-23,PCG,PCG,Liquid,15.515085220336914,0.3569676535470145,Low,15.06165885925293,2023-02-23,167.0,72.0,167.0,False,False,1.2702169414469533,default,stage,0.25,False,True,True
2015-01-05,PEP,PEP,Liquid,66.7776107788086,0.9256728036063058,Low,64.2610092163086,2014-10-16,54.0,291.0,54.0,True,False,2.7186728968331297,default,stage,0.25,False,True,True
2015-01-06,PEP,PEP,Liquid,66.27176666259766,0.9165126255580357,Low,64.2610092163086,2014-10-16,55.0,292.0,55.0,True,False,2.1939222550968958,default,stage,0.25,False,True,True
2021-10-04,PFE,PFE,Liquid,33.674644470214844,0.7439398084368024,High,32.79901885986328,2020-12-08,206.0,206.0,152.0,False,False,1.1770113662709674,default,stage,0.25,False,True,True
2021-10-05,PFE,PFE,Liquid,33.59526062011719,0.7218257359095982,High,32.79901885986328,2020-12-08,207.0,207.0,153.0,False,False,1.1030941689139606,default,stage,0.25,False,True,True
2021-10-12,PFE,PFE,Liquid,33.2221565246582,0.6356381007603237,High,32.79901885986328,2020-12-08,212.0,212.0,158.0,False,False,0.6656895870288176,default,stage,0.25,False,True,True
2021-10-13,PFE,PFE,Liquid,32.880802154541016,0.6469789232526507,Low,26.089962005615234,2021-02-26,159.0,40.0,159.0,False,False,10.496230873774385,default,stage,0.25,False,True,True
2016-12-01,PG,PG,Liquid,63.292030334472656,0.7185009547642299,Low,60.560203552246094,2016-04-26,153.0,349.0,153.0,True,False,3.8021199054954473,default,stage,0.25,False,True,True
2025-01-07,PG,PG,Liquid,154.87403869628906,2.2261973789760043,Low,153.4532928466797,2024-07-31,110.0,82.0,110.0,False,False,0.6381940177572587,default,stage,0.25,False,True,True
2023-10-02,PNW,PNW,Liquid,63.47329330444336,1.270383017403739,Low,67.04887390136719,2023-06-01,84.0,50.0,84.0,False,False,-2.8145689512059002,default,stage,0.25,False,True,True
2025-01-06,PNW,PNW,Liquid,78.34983825683594,1.281740461077009,Low,79.8003158569336,2024-10-10,59.0,266.0,59.0,True,False,-1.1316468849542773,default,stage,0.25,False,True,True
2025-01-07,PNW,PNW,Liquid,78.45355987548828,1.2521051679338728,Low,79.8003158569336,2024-10-10,60.0,267.0,60.0,True,False,-1.0755933414663763,default,stage,0.25,False,True,True
2025-01-10,PNW,PNW,Liquid,77.09571838378906,1.2393090384347099,Low,79.8003158569336,2024-10-10,62.0,269.0,62.0,True,False,-2.1823430550950644,default,stage,0.25,False,True,True
2025-01-13,PNW,PNW,Liquid,77.83123016357422,1.2251641409737724,Low,79.8003158569336,2024-10-10,63.0,270.0,63.0,True,False,-1.6072015393744112,default,stage,0.25,False,True,True
2025-01-06,PPL,PPL,Liquid,30.26178550720215,0.45642621176583426,High,27.758773803710938,2024-05-21,157.0,157.0,130.0,False,False,5.483935056681978,above_high_gt5,skip,0.25,True,False,True
2026-07-16,QCOM,QCOM,Liquid,170.61000061035156,10.215715680803571,High,180.6189422607422,2026-01-06,131.0,131.0,69.0,False,False,-0.9797592222734334,default,stage,0.25,False,True,True
2026-07-17,QCOM,QCOM,Liquid,171.77999877929688,9.140000479561943,High,180.6189422607422,2026-01-06,132.0,132.0,70.0,False,False,-0.9670615993084654,default,stage,0.25,False,True,True
2026-09-03,RTX,RTX,Liquid,202.1300048828125,4.3996429443359375,High,211.27992248535156,2026-03-02,129.0,129.0,76.0,False,False,-2.0796954930896354,default,stage,0.25,False,True,True
2021-07-16,SLB,SLB,Liquid,25.105247497558594,1.0796715872628349,Low,22.65441131591797,2021-04-22,59.0,233.0,59.0,False,False,2.2699830305379654,default,stage,0.25,False,True,True
2021-12-15,SLB,SLB,Liquid,26.63188934326172,1.1213294437953405,Low,23.817102432250977,2021-08-19,82.0,136.0,82.0,False,False,2.510222955961623,default,stage,0.25,False,True,True
2021-12-20,SLB,SLB,Liquid,25.868642807006836,1.0014399119785853,Low,23.817102432250977,2021-08-19,85.0,42.0,85.0,False,False,2.048590584633828,default,stage,0.25,False,True,True
2026-09-02,SNA,SNA,Liquid,380.5899963378906,5.792214529854911,High,386.9490661621094,2026-03-02,128.0,128.0,108.0,False,False,-1.0978650378783603,default,stage,0.25,False,True,True
2024-04-30,SPG,SPG,Liquid,126.02155303955078,2.5640880039760043,High,107.65111541748047,2023-08-01,188.0,188.0,144.0,False,False,7.1645113559223335,above_high_gt5,skip,0.25,True,False,True
2026-08-27,SPG,SPG,Liquid,214.88999938964844,3.3000008719308034,High,181.2855987548828,2025-09-30,228.0,228.0,108.0,False,False,10.183149016898279,above_high_gt5,skip,0.25,True,False,True
2026-08-28,SPG,SPG,Liquid,214.55999755859375,3.105715070452009,High,181.2855987548828,2025-09-30,229.0,229.0,109.0,False,False,10.713925150534864,above_high_gt5,skip,0.25,True,False,True
2026-08-31,SPG,SPG,Liquid,212.32000732421875,3.100714547293527,High,181.2855987548828,2025-09-30,230.0,230.0,110.0,False,False,10.00879252055771,above_high_gt5,skip,0.25,True,False,True
2026-09-01,SPG,SPG,Liquid,211.8699951171875,3.095715114048549,High,181.2855987548828,2025-09-30,231.0,231.0,111.0,False,False,9.87959009002824,above_high_gt5,skip,0.25,True,False,True
2023-08-18,SYK,SYK,Liquid,270.61859130859375,5.323704310825893,Low,263.7066650390625,2023-05-30,56.0,82.0,56.0,False,False,1.298330235110103,default,stage,0.25,False,True,True
2023-03-02,T,T,Liquid,15.638410568237305,0.2645910808018276,High,17.0784912109375,2022-05-26,191.0,191.0,96.0,False,False,-5.44266510547565,default,stage,0.25,False,True,True
2014-08-01,TAP,TAP,Liquid,50.712791442871094,0.8514973776681083,High,39.07408905029297,2013-08-08,247.0,247.0,123.0,False,False,13.668512314684532,above_high_gt5,skip,0.25,True,False,True
2023-08-17,TAP,TAP,Liquid,56.093441009521484,1.4268602643694197,High,50.012962341308594,2022-12-02,176.0,176.0,101.0,False,False,4.261439483634419,above_high_4_5,stage,0.75,True,True,True
2026-08-18,UNH,UNH,Liquid,393.92999267578125,9.747144426618304,High,351.50408935546875,2026-01-23,142.0,142.0,98.0,False,False,4.352649500550371,above_high_4_5,stage,0.75,True,True,True
2026-08-19,UNH,UNH,Liquid,388.6099853515625,9.348573957170759,High,351.50408935546875,2026-01-23,143.0,143.0,99.0,False,False,3.969150392999986,default,stage,0.25,False,True,True
2026-08-20,UNH,UNH,Liquid,384.8500061035156,9.357860020228795,High,351.50408935546875,2026-01-23,144.0,144.0,100.0,False,False,3.5634126473321177,default,stage,0.25,False,True,True
2026-08-31,UNH,UNH,Liquid,389.4100036621094,7.643574305943081,High,351.50408935546875,2026-01-23,151.0,151.0,107.0,False,False,4.959186996738918,above_high_4_5,stage,0.75,True,True,True
2005-05-12,UNP,UNP,Liquid,10.212289810180664,0.2042121206011091,Low,9.530679702758789,2005-02-08,65.0,90.0,65.0,False,False,3.3377553957890447,default,stage,0.25,False,True,True
2015-01-07,UNP,UNP,Liquid,87.7043228149414,1.7780636378696986,Low,75.91632843017578,2014-10-13,59.0,360.0,59.0,True,False,6.629680813274402,default,stage,0.25,False,True,True
2025-01-10,USB,USB,Liquid,44.91387939453125,0.9268150329589844,High,40.96110534667969,2024-03-28,197.0,197.0,146.0,False,False,4.264900662251655,above_high_4_5,stage,0.75,True,True,True
2025-01-07,VMC,VMC,Liquid,249.15602111816406,5.339479718889509,Low,228.84185791015625,2024-09-09,83.0,110.0,83.0,False,False,3.804521091473066,default,stage,0.25,False,True,True
2013-08-27,VZ,VZ,Liquid,24.35074234008789,0.36416830335344585,Low,24.799442291259766,2013-06-05,58.0,83.0,58.0,False,False,-1.2321224748008517,default,stage,0.25,False,True,True
2026-04-08,VZ,VZ,Liquid,46.53486251831055,0.9333823067801339,High,42.8978385925293,2025-08-20,158.0,158.0,55.0,False,False,3.8966068880476237,default,stage,0.25,False,True,True
2017-04-10,WFC,WFC,Liquid,42.52595520019531,0.7162298474993024,High,39.01750946044922,2016-08-31,152.0,152.0,129.0,False,False,4.89849138791931,above_high_4_5,stage,0.75,True,True,True
2026-07-20,XLK,XLK,Liquid,175.7100067138672,5.3335723876953125,High,149.044677734375,2026-01-28,118.0,118.0,76.0,False,False,4.999525091477109,above_high_4_5,stage,0.75,True,True,True
2026-07-29,XLK,XLK,Liquid,166.57000732421875,4.903569902692523,High,149.044677734375,2026-01-28,125.0,125.0,83.0,False,False,3.573994036512193,default,stage,0.25,False,True,True
2013-08-21,XLP,XLP,Liquid,28.393733978271484,0.22874368940080916,Low,27.756099700927734,2013-06-20,43.0,68.0,43.0,False,False,2.7875491516903654,default,stage,0.25,False,True,True
2005-05-12,XOM,XOM,Liquid,27.31572151184082,0.6426620483398438,High,31.51517677307129,2005-03-04,48.0,48.0,286.0,False,True,-6.534469044933816,default,stage,0.25,False,True,True
2005-05-13,XOM,XOM,Liquid,26.757654190063477,0.6560196195329938,High,31.51517677307129,2005-03-04,49.0,49.0,287.0,False,True,-7.252104116024136,default,stage,0.25,False,True,True
2011-06-28,CEF,CEF,Liquid,20.014711380004883,0.4599531718662807,Low,17.97442626953125,2011-01-27,105.0,43.0,105.0,False,False,4.435853985298295,default,stage,0.25,False,True,True
2026-05-27,GLD,GLD,Liquid,408.489990234375,6.642859322684152,Low,400.6400146484375,2026-03-26,42.0,81.0,42.0,False,False,1.1817163670968112,default,stage,0.25,False,True,True
2021-08-04,OIH,OIH,Liquid,166.63238525390625,8.027728489467076,Low,162.15548706054688,2021-04-22,72.0,42.0,72.0,False,False,0.5576793235139141,default,stage,0.25,False,True,True
2021-08-05,OIH,OIH,Liquid,169.28504943847656,7.719252450125558,Low,162.15548706054688,2021-04-22,73.0,43.0,73.0,False,False,0.9236078783527439,default,stage,0.25,False,True,True
2026-07-13,SLV,SLV,Liquid,52.15999984741211,2.249999455043248,Low,60.77000045776367,2026-03-26,73.0,40.0,73.0,False,False,-3.8266678647644685,default,stage,0.25,False,True,True
2026-07-14,SLV,SLV,Liquid,53.16999816894531,2.1314280373709544,Low,60.77000045776367,2026-03-26,74.0,41.0,74.0,False,False,-3.5656856133846815,default,stage,0.25,False,True,True
2026-07-16,SLV,SLV,Liquid,50.38999938964844,1.9207136971609933,Low,60.77000045776367,2026-03-26,76.0,43.0,76.0,False,False,-5.404241706329222,default,stage,0.25,False,True,True
2026-07-17,SLV,SLV,Liquid,50.779998779296875,1.899285180228097,Low,60.77000045776367,2026-03-26,77.0,44.0,77.0,False,False,-5.259874495133499,default,stage,0.25,False,True,True
2026-06-16,USO,USO,Liquid,115.47000122070312,5.770714351109096,High,83.12000274658203,2025-06-20,248.0,248.0,124.0,False,False,5.605891490349651,above_high_gt5,skip,0.25,True,False,True
2026-06-17,USO,USO,Liquid,114.2300033569336,5.7564288548060825,High,83.12000274658203,2025-06-20,249.0,249.0,125.0,False,False,5.404392444523588,above_high_gt5,skip,0.25,True,False,True
2026-06-23,USO,USO,Liquid,111.26000213623047,5.305000305175781,High,83.12000274658203,2025-06-20,252.0,252.0,128.0,False,False,5.304429363028287,above_high_gt5,skip,0.25,True,False,True
2026-06-24,USO,USO,Liquid,106.29000091552734,5.4092864990234375,Low,66.16999816894531,2025-12-16,129.0,253.0,129.0,True,False,7.416875174540131,default,stage,0.25,False,True,True
2026-06-25,USO,USO,Liquid,109.30999755859375,5.290000370570591,Low,66.16999816894531,2025-12-16,130.0,254.0,130.0,True,False,8.15500876514972,default,stage,0.25,False,True,True
2026-06-29,USO,USO,Liquid,107.08000183105469,5.271428789411273,Low,66.16999816894531,2025-12-16,132.0,256.0,132.0,True,False,7.760704980836574,default,stage,0.25,False,True,True
2026-07-01,USO,USO,Liquid,103.2699966430664,4.845714569091797,Low,66.16999816894531,2025-12-16,134.0,258.0,134.0,True,False,7.6562492373698605,default,stage,0.25,False,True,True
2026-07-02,USO,USO,Liquid,103.9800033569336,4.412143707275391,Low,66.16999816894531,2025-12-16,135.0,259.0,135.0,True,False,8.569531660004998,default,stage,0.25,False,True,True
2011-06-13,AA,AA,Overflow,32.432674407958984,0.8806209564208984,Low,33.576290130615234,2011-03-16,61.0,46.0,61.0,False,False,-1.298646953967845,default,stage,0.25,False,True,True
2026-08-19,ACHC,ACHC,Overflow,27.360000610351562,1.6057145254952567,High,28.260000228881836,2026-04-29,77.0,77.0,147.0,False,False,-0.5604978993714235,default,stage,0.25,False,True,True
2026-07-28,ACLS,ACLS,Overflow,120.02999877929688,9.789286477225167,High,100.44000244140625,2025-09-22,212.0,212.0,107.0,False,False,2.0011669270755195,above_high_2_3,stage,0.5,True,True,True
2026-07-29,ACLS,ACLS,Overflow,112.05000305175781,9.73142841884068,High,100.44000244140625,2025-09-22,213.0,213.0,108.0,False,False,1.193041772559704,default,stage,0.25,False,True,True
2023-04-06,ACM,ACM,Overflow,77.88838958740234,1.713360377720424,High,74.95282745361328,2022-08-25,154.0,154.0,132.0,False,False,1.7133360686761896,default,stage,0.25,False,True,True
2013-02-14,AEM,AEM,Overflow,34.6800537109375,0.9407013484409877,Low,28.874391555786133,2012-07-23,141.0,55.0,141.0,False,False,6.17163158612775,default,stage,0.25,False,True,True
2021-10-27,AEO,AEO,Overflow,21.149272918701172,0.7003702436174665,High,32.77252197265625,2021-06-24,87.0,87.0,383.0,False,True,-16.5958636305279,default,stage,0.25,False,True,True
2026-06-18,AKAM,AKAM,Overflow,124.91000366210938,7.759286608014788,Low,88.83999633789062,2026-04-14,46.0,226.0,46.0,False,False,4.64862417724859,default,stage,0.25,False,True,True
2021-05-12,AMKR,AMKR,Overflow,16.870162963867188,1.0315322875976562,High,13.328685760498047,2020-07-28,199.0,199.0,170.0,False,False,3.4332199252986206,default,stage,0.25,False,True,True
2026-08-24,AMKR,AMKR,Overflow,47.812015533447266,3.4458015986851285,Low,41.20363998413086,2026-03-30,101.0,44.0,101.0,False,False,1.9178050041645094,default,stage,0.25,False,True,True
2021-08-04,AMSC,AMSC,Overflow,12.989999771118164,0.859285695212228,Low,12.760000228881836,2021-06-03,43.0,144.0,43.0,False,False,0.2676636461165834,default,stage,0.25,False,True,True
2021-08-05,AMSC,AMSC,Overflow,12.539999961853027,0.8607142312186105,Low,12.760000228881836,2021-06-03,44.0,145.0,44.0,False,False,-0.25560198617528296,default,stage,0.25,False,True,True
2016-05-04,ANF,ANF,Overflow,21.840288162231445,0.6911108834402901,Low,19.53951644897461,2016-02-10,58.0,215.0,58.0,False,False,3.329092000119856,default,stage,0.25,False,True,True
2020-09-08,ANGI,ANGI,Overflow,121.5999984741211,7.542854309082031,High,93.5999984741211,2020-01-15,163.0,163.0,106.0,False,False,3.712122606728117,default,stage,0.25,False,True,True
2026-07-28,APH,APH,Overflow,71.92500305175781,3.126764569963728,High,82.54761505126953,2026-01-27,125.0,125.0,82.0,False,False,-3.3973175024286997,default,stage,0.25,False,True,True
2020-08-24,APO,APO,Overflow,40.05595779418945,1.0868173326764787,High,47.27752685546875,2020-06-18,46.0,46.0,107.0,False,False,-6.644694415661291,default,stage,0.25,False,True,True
2020-08-25,APO,APO,Overflow,40.170249938964844,1.0811996459960938,High,47.27752685546875,2020-06-18,47.0,47.0,108.0,False,False,-6.573510214162227,default,stage,0.25,False,True,True
2025-01-10,APO,APO,Overflow,151.9694061279297,4.72228022984096,Low,96.29881286621094,2024-08-05,109.0,325.0,109.0,True,False,11.78892199364324,default,stage,0.25,False,True,True
2025-01-13,APO,APO,Overflow,151.39239501953125,4.480579921177456,Low,96.29881286621094,2024-08-05,110.0,326.0,110.0,True,False,12.296082900546102,default,stage,0.25,False,True,True
2025-02-25,APO,APO,Overflow,142.5067596435547,5.116288321358817,High,174.67823791503906,2024-12-11,49.0,49.0,139.0,False,False,-6.288050291688813,default,stage,0.25,False,True,True
2018-03-02,APTV,APTV,Overflow,87.24781036376953,2.2765982491629466,High,84.93151092529297,2017-09-25,109.0,109.0,75.0,False,False,1.0174388209813536,default,stage,0.25,False,True,True
2018-03-20,APTV,APTV,Overflow,86.4994888305664,2.0276282174246654,High,84.93151092529297,2017-09-25,121.0,121.0,87.0,False,False,0.77330641376897,default,stage,0.25,False,True,True
2025-01-10,ASB,ASB,Overflow,22.019500732421875,0.6214199066162109,Low,18.5897216796875,2024-06-26,136.0,43.0,136.0,False,False,5.51926163970252,default,stage,0.25,False,True,True
2021-07-06,ASH,ASH,Overflow,78.55867004394531,1.3896293640136719,High,71.76712799072266,2020-07-27,237.0,237.0,196.0,False,False,4.887304650505239,above_high_4_5,stage,0.75,True,True,True
2010-01-27,ATO,ATO,Overflow,17.617156982421875,0.3302991049630301,High,15.959589958190918,2009-05-04,185.0,185.0,226.0,False,False,5.018381822186548,above_high_gt5,skip,0.25,True,False,True
2010-01-29,ATO,ATO,Overflow,17.353267669677734,0.3118987764630999,High,15.959589958190918,2009-05-04,187.0,187.0,228.0,False,False,4.468365433462031,above_high_4_5,stage,0.75,True,True,True
2010-02-01,ATO,ATO,Overflow,17.340696334838867,0.317284311567034,High,15.959589958190918,2009-05-04,188.0,188.0,229.0,False,False,4.352898414128355,above_high_4_5,stage,0.75,True,True,True
2025-01-07,ATO,ATO,Overflow,132.1357879638672,2.4205245971679688,High,114.41596984863281,2024-05-08,167.0,167.0,153.0,False,False,7.320651951220281,above_high_gt5,skip,0.25,True,False,True
2023-07-06,AU,AU,Overflow,17.908672332763672,0.537928717476981,Low,15.054450035095215,2023-02-28,88.0,42.0,88.0,False,False,5.305948920250004,default,stage,0.25,False,True,True
2025-09-05,AVAV,AVAV,Overflow,226.0800018310547,9.987856183733259,High,284.95001220703125,2025-06-30,47.0,47.0,105.0,False,False,-5.894158795743907,default,stage,0.25,False,True,True
2025-12-01,AVAV,AVAV,Overflow,257.79998779296875,14.772142682756696,High,284.95001220703125,2025-06-30,107.0,107.0,60.0,False,False,-1.8379205371306304,default,stage,0.25,False,True,True
2026-04-09,AVAV,AVAV,Overflow,177.6999969482422,10.739288330078125,Low,229.10000610351562,2025-12-17,76.0,56.0,76.0,False,False,-4.786165300294114,default,stage,0.25,False,True,True
2026-04-10,AVAV,AVAV,Overflow,179.72000122070312,9.986431666782924,Low,229.10000610351562,2025-12-17,77.0,57.0,77.0,False,False,-4.9447096350802955,default,stage,0.25,False,True,True
2021-05-18,AWK,AWK,Overflow,137.05374145507812,2.7228197370256697,High,149.08975219726562,2021-02-05,70.0,70.0,53.0,False,False,-4.420421439773789,default,stage,0.25,False,True,True
2007-12-11,B,B,Overflow,28.498884201049805,1.1069511686052596,High,22.663677215576172,2007-05-08,151.0,151.0,190.0,False,False,5.271422218945664,above_high_gt5,skip,0.25,True,False,True
2015-01-28,BALL,BALL,Overflow,28.253549575805664,0.5832437787737165,Low,27.494739532470703,2014-10-13,73.0,454.0,73.0,True,False,1.3010169520031172,default,stage,0.25,False,True,True
2011-05-23,BC,BC,Overflow,16.494972229003906,0.6100615092686245,Low,9.887964248657227,2010-07-06,223.0,269.0,223.0,True,False,10.830068574999146,default,stage,0.25,False,True,True
2021-07-14,BEP,BEP,Overflow,30.34479522705078,0.7050296238490513,Low,28.078277587890625,2021-05-12,43.0,119.0,43.0,False,False,3.2147835530460256,default,stage,0.25,False,True,True
2021-07-15,BEP,BEP,Overflow,30.075824737548828,0.6631122316632952,Low,28.078277587890625,2021-05-12,44.0,120.0,44.0,False,False,3.0123816969078114,default,stage,0.25,False,True,True
2021-07-16,BEP,BEP,Overflow,30.02692222595215,0.630509785243443,Low,28.078277587890625,2021-05-12,45.0,121.0,45.0,False,False,3.0905858777578556,default,stage,0.25,False,True,True
2021-04-15,BIDU,BIDU,Overflow,210.22999572753906,11.85214342389788,High,132.92999267578125,2020-07-06,196.0,196.0,271.0,False,True,6.522027306545683,above_high_gt5,skip,0.25,True,False,True
2021-04-20,BIDU,BIDU,Overflow,207.99000549316406,8.140714372907366,High,339.9100036621094,2021-02-19,41.0,41.0,274.0,False,True,-16.204965820687743,default,stage,0.25,False,True,True
2021-05-06,BIDU,BIDU,Overflow,192.3300018310547,7.207857404436384,High,339.9100036621094,2021-02-19,53.0,53.0,286.0,False,True,-20.474878115682515,default,stage,0.25,False,True,True
2021-05-07,BIDU,BIDU,Overflow,191.5500030517578,7.167143685477121,High,339.9100036621094,2021-02-19,54.0,54.0,287.0,False,True,-20.700017625009448,default,stage,0.25,False,True,True
2021-05-10,BIDU,BIDU,Overflow,183.44000244140625,7.416429792131696,High,339.9100036621094,2021-02-19,55.0,55.0,288.0,False,True,-21.09775263924249,default,stage,0.25,False,True,True
2021-05-13,BIDU,BIDU,Overflow,179.3000030517578,8.072858537946429,High,339.9100036621094,2021-02-19,58.0,58.0,291.0,False,True,-19.895059458233426,default,stage,0.25,False,True,True
2006-08-14,BKR,BKR,Overflow,35.81294250488281,1.245810100010463,Low,31.125446319580078,2006-03-20,102.0,50.0,102.0,False,False,3.7626089122759288,default,stage,0.25,False,True,True
2021-07-08,BKR,BKR,Overflow,19.557710647583008,0.7038937977382115,Low,17.245410919189453,2021-04-20,55.0,93.0,55.0,False,False,3.285012221763507,default,stage,0.25,False,True,True
2006-08-08,BLK,BLK,Overflow,77.93502807617188,2.029564993722098,High,96.82222747802734,2006-04-19,77.0,77.0,331.0,False,True,-9.30603329298536,default,stage,0.25,False,True,True
2014-08-21,BMA,BMA,Overflow,22.761566162109375,1.2621544429234095,High,20.895885467529297,2013-10-21,210.0,210.0,137.0,False,False,1.4781714750048953,default,stage,0.25,False,True,True
2026-06-18,BP,BP,Overflow,38.625282287597656,1.1459173474993025,Low,32.51199722290039,2025-12-18,124.0,44.0,124.0,False,False,5.33483944373308,default,stage,0.25,False,True,True
2011-03-14,BPOP,BPOP,Overflow,22.48172950744629,0.7119216918945312,High,22.107032775878906,2010-09-14,125.0,125.0,174.0,False,False,0.5263173405634799,default,stage,0.25,False,True,True
2017-05-30,BPOP,BPOP,Overflow,29.066112518310547,0.6643466949462891,Low,27.20442008972168,2016-11-02,142.0,72.0,142.0,False,False,2.8022904949340957,default,stage,0.25,False,True,True
2013-06-14,BYD,BYD,Overflow,10.812294960021973,0.4656552587236677,High,6.687534332275391,2012-09-27,177.0,177.0,79.0,False,False,8.857970677819244,above_high_gt5,skip,0.25,True,False,True
2021-08-04,CBRL,CBRL,Overflow,109.01042938232422,3.8022798810686385,Low,89.0235824584961,2020-10-28,192.0,80.0,192.0,False,False,5.256542797741333,default,stage,0.25,False,True,True
2021-09-14,CBSH,CBSH,Overflow,50.37437438964844,0.9367640359061105,High,60.81772232055664,2021-05-06,90.0,90.0,245.0,False,False,-11.148322876002164,default,stage,0.25,False,True,True
2025-01-10,CBSH,CBSH,Overflow,56.57378387451172,1.3593294961111886,High,56.88732147216797,2024-07-26,115.0,115.0,68.0,False,False,-0.23065606871124916,default,stage,0.25,False,True,True
2021-07-08,CCJ,CCJ,Overflow,17.86842155456543,0.7598626273018974,High,11.909416198730469,2020-07-27,239.0,239.0,168.0,False,False,7.842214028862111,above_high_gt5,skip,0.25,True,False,True
2021-07-09,CCJ,CCJ,Overflow,18.105480194091797,0.7521017619541713,High,11.909416198730469,2020-07-27,240.0,240.0,169.0,False,False,8.238331976862035,above_high_gt5,skip,0.25,True,False,True
2021-07-13,CCJ,CCJ,Overflow,17.53258514404297,0.6744928359985352,High,11.909416198730469,2020-07-27,242.0,242.0,171.0,False,False,8.336884611958595,above_high_gt5,skip,0.25,True,False,True
2021-12-09,CCJ,CCJ,Overflow,22.37183380126953,1.304183006286621,High,21.36505889892578,2021-06-10,127.0,127.0,78.0,False,False,0.7719583045406516,default,stage,0.25,False,True,True
2021-12-14,CCJ,CCJ,Overflow,20.965545654296875,1.2030373982020788,High,21.36505889892578,2021-06-10,130.0,130.0,81.0,False,False,-0.332087136464729,default,stage,0.25,False,True,True
2024-12-31,CCJ,CCJ,Overflow,51.29013442993164,1.6966964176722936,High,55.29438400268555,2024-05-31,147.0,147.0,103.0,False,False,-2.360027127450034,default,stage,0.25,False,True,True
2023-08-18,CCL,CCL,Overflow,15.423796653747559,0.5992568561008998,High,12.133910179138184,2023-02-15,127.0,127.0,106.0,False,False,5.489943821444474,above_high_gt5,skip,0.25,True,False,True
2026-07-20,CDE,CDE,Overflow,14.15999984741211,0.9199998719351632,Low,16.15186309814453,2026-03-26,78.0,97.0,78.0,False,False,-2.165069052175692,default,stage,0.25,False,True,True
2023-10-23,CE,CE,Overflow,109.8382568359375,3.3456513541085378,High,120.89840698242188,2023-02-02,181.0,181.0,147.0,False,False,-3.3058286640962313,default,stage,0.25,False,True,True
2017-10-13,CENX,CENX,Overflow,15.350000381469727,0.6592860903058734,High,16.059999465942383,2017-02-07,173.0,173.0,49.0,False,False,-1.0769210740412478,default,stage,0.25,False,True,True
2017-10-16,CENX,CENX,Overflow,15.5,0.642857415335519,High,16.059999465942383,2017-02-07,174.0,174.0,50.0,False,False,-0.871109911130307,default,stage,0.25,False,True,True
2026-07-24,CEVA,CEVA,Overflow,36.349998474121094,3.109285627092634,High,30.65999984741211,2025-10-09,197.0,197.0,80.0,False,False,1.8300019069105173,default,stage,0.25,False,True,True
2026-07-27,CEVA,CEVA,Overflow,35.16999816894531,3.034285409109933,High,30.65999984741211,2025-10-09,198.0,198.0,81.0,False,False,1.4863461123309922,default,stage,0.25,False,True,True
2020-08-31,CG,CG,Overflow,21.702024459838867,0.5717699868338448,High,25.778844833374023,2020-06-18,51.0,51.0,115.0,False,False,-7.130175538087262,default,stage,0.25,False,True,True
2021-07-15,CHDN,CHDN,Overflow,90.51446533203125,2.9529947553362166,High,125.0980453491211,2021-03-12,86.0,86.0,334.0,False,True,-11.711358428454876,default,stage,0.25,False,True,True
2021-07-16,CHDN,CHDN,Overflow,89.05851745605469,2.977940150669643,High,125.0980453491211,2021-03-12,87.0,87.0,335.0,False,True,-12.102166621771186,default,stage,0.25,False,True,True
2021-07-19,CHDN,CHDN,Overflow,87.20415496826172,2.780137198311942,High,125.0980453491211,2021-03-12,88.0,88.0,336.0,False,True,-13.630223142896684,default,stage,0.25,False,True,True
2005-12-30,CHRW,CHRW,Overflow,23.979656219482422,0.6855027335030692,High,17.740663528442383,2005-03-07,208.0,208.0,173.0,False,False,9.10133889497044,above_high_gt5,skip,0.25,True,False,True
2006-01-03,CHRW,CHRW,Overflow,24.154497146606445,0.7183437347412109,High,17.740663528442383,2005-03-07,209.0,209.0,174.0,False,False,8.928641412143307,above_high_gt5,skip,0.25,True,False,True
2015-04-17,CHRW,CHRW,Overflow,52.96373748779297,0.8810890742710659,Low,53.547210693359375,2015-01-06,70.0,77.0,70.0,False,False,-0.6622181827065778,default,stage,0.25,False,True,True
2026-08-21,CHRW,CHRW,Overflow,141.6300048828125,4.690714154924665,Low,159.23468017578125,2026-05-14,68.0,135.0,68.0,False,False,-3.753090619364652,default,stage,0.25,False,True,True
2016-10-26,CHTR,CHTR,Overflow,248.63999938964844,4.637142726353237,Low,159.52999877929688,2016-02-11,179.0,278.0,179.0,True,False,19.2165749188466,default,stage,0.25,False,True,True
2026-08-19,CINF,CINF,Overflow,168.49000549316406,3.4935706002371654,High,171.6368865966797,2026-02-06,133.0,133.0,55.0,False,False,-0.9007635635879221,default,stage,0.25,False,True,True
2026-08-20,CINF,CINF,Overflow,168.19000244140625,3.2964281354631697,High,171.6368865966797,2026-02-06,134.0,134.0,56.0,False,False,-1.0456421355562564,default,stage,0.25,False,True,True
2019-05-29,CLH,CLH,Overflow,64.04000091552734,1.5107135772705078,High,72.02999877929688,2018-09-07,180.0,180.0,106.0,False,False,-5.28888995504066,default,stage,0.25,False,True,True
2019-05-30,CLH,CLH,Overflow,63.849998474121094,1.467142105102539,High,72.02999877929688,2018-09-07,181.0,181.0,107.0,False,False,-5.575465578096866,default,stage,0.25,False,True,True
2026-08-21,CMI,CMI,Overflow,587.6799926757812,20.683384486607142,Low,510.097900390625,2026-03-30,100.0,40.0,100.0,False,False,3.7509379732022112,default,stage,0.25,False,True,True
2024-04-15,COHR,COHR,Overflow,52.119998931884766,2.1464285169328963,High,55.310001373291016,2023-06-20,206.0,206.0,141.0,False,False,-1.4861908590203374,default,stage,0.25,False,True,True
2024-04-19,COHR,COHR,Overflow,49.2599983215332,1.987142835344587,High,55.310001373291016,2023-06-20,210.0,210.0,145.0,False,False,-3.044573819329244,default,stage,0.25,False,True,True
2025-06-18,CRH,CRH,Overflow,88.39599609375,1.9602268763950892,Low,79.46762084960938,2025-04-08,49.0,84.0,49.0,False,False,4.5547662628522625,default,stage,0.25,False,True,True
2025-06-20,CRH,CRH,Overflow,87.52227020263672,1.8864697047642298,Low,79.46762084960938,2025-04-08,50.0,85.0,50.0,False,False,4.269694515997547,default,stage,0.25,False,True,True
2011-06-03,CRL,CRL,Overflow,37.380001068115234,0.6542846134730748,High,33.47999954223633,2010-10-01,169.0,169.0,191.0,False,False,5.96071105077179,above_high_gt5,skip,0.25,True,False,True
2026-08-21,CRS,CRS,Overflow,492.1736145019531,23.746475219726562,Low,231.96612548828125,2025-09-25,227.0,275.0,227.0,True,False,10.957731057176582,default,stage,0.25,False,True,True
2012-11-12,CSGS,CSGS,Overflow,14.123249053955078,0.47799757548740934,High,13.2162504196167,2012-02-07,192.0,192.0,138.0,False,False,1.8974963072009758,default,stage,0.25,False,True,True
2012-11-13,CSGS,CSGS,Overflow,14.092766761779785,0.4905193873814174,High,13.2162504196167,2012-02-07,193.0,193.0,139.0,False,False,1.7869147779097374,default,stage,0.25,False,True,True
2023-08-18,CUK,CUK,Overflow,14.094303131103516,0.5310959815979004,High,10.939010620117188,2023-02-15,127.0,127.0,106.0,False,False,5.9410965631730965,above_high_gt5,skip,0.25,True,False,True
2023-08-18,DAL,DAL,Overflow,40.23154830932617,1.0091468266078405,High,38.71110916137695,2023-02-02,136.0,136.0,101.0,False,False,1.5066580083891687,default,stage,0.25,False,True,True
2024-07-19,DBA,DBA,Overflow,21.92095947265625,0.3563413619995117,High,24.61008071899414,2024-04-24,59.0,59.0,133.0,False,False,-7.546475186738427,default,stage,0.25,False,True,True
2026-06-15,DBC,DBC,Overflow,28.219999313354492,0.47928524017333984,High,22.50265121459961,2025-06-20,247.0,247.0,206.0,False,False,11.928905001721164,above_high_gt5,skip,0.25,True,False,True
2026-06-16,DBC,DBC,Overflow,27.899999618530273,0.4671422413417271,High,22.50265121459961,2025-06-20,248.0,248.0,207.0,False,False,11.553972058763915,above_high_gt5,skip,0.25,True,False,True
2026-06-24,DBC,DBC,Overflow,26.450000762939453,0.4907138007027762,Low,20.91604995727539,2025-08-19,212.0,253.0,212.0,True,False,11.277349032651232,default,stage,0.25,False,True,True
2026-06-29,DBC,DBC,Overflow,26.559999465942383,0.45999949319022043,Low,20.91604995727539,2025-08-19,215.0,256.0,215.0,True,False,12.269468971638819,default,stage,0.25,False,True,True
2010-01-27,DCI,DCI,Overflow,15.45592212677002,0.317868777683803,High,17.490924835205078,2009-11-19,45.0,45.0,79.0,False,False,-6.4020213726664235,default,stage,0.25,False,True,True
2010-01-28,DCI,DCI,Overflow,15.220677375793457,0.3248701776776995,High,17.490924835205078,2009-11-19,46.0,46.0,80.0,False,False,-6.988168245051755,default,stage,0.25,False,True,True
2010-01-29,DCI,DCI,Overflow,14.993269920349121,0.3394331932067871,Low,12.857178688049316,2009-10-02,81.0,47.0,81.0,False,False,6.293112385736743,default,stage,0.25,False,True,True
2010-02-04,DCI,DCI,Overflow,15.012873649597168,0.3710789680480957,Low,12.857178688049316,2009-10-02,85.0,51.0,85.0,False,False,5.809262036291022,default,stage,0.25,False,True,True
2021-02-23,DD,DD,Overflow,77.70186614990234,2.4918616158621654,High,63.87810134887695,2020-06-08,179.0,179.0,232.0,False,False,5.547565207084131,above_high_gt5,skip,0.25,True,False,True
2024-05-01,DKS,DKS,Overflow,188.3540496826172,4.7711911882672995,High,138.00364685058594,2023-08-15,179.0,179.0,127.0,False,False,10.553004657588758,above_high_gt5,skip,0.25,True,False,True
2021-08-17,DQ,DQ,Overflow,48.720001220703125,3.904285430908203,Low,62.15999984741211,2021-03-29,98.0,131.0,98.0,False,False,-3.442370918968036,default,stage,0.25,False,True,True
2021-07-16,EPC,EPC,Overflow,37.275543212890625,0.8868566240583148,High,33.43912124633789,2020-12-10,149.0,149.0,93.0,False,False,4.3258649284221535,above_high_4_5,stage,0.75,True,True,True
2012-01-03,EQT,EQT,Overflow,26.656362533569336,0.7078969138009208,Low,23.4575252532959,2011-08-08,102.0,48.0,102.0,False,False,4.518789696508035,default,stage,0.25,False,True,True
2021-07-16,EQT,EQT,Overflow,17.750333786010742,0.9995852879115513,Low,15.736443519592285,2021-04-12,67.0,42.0,67.0,False,False,2.0147257975616153,default,stage,0.25,False,True,True
2021-07-19,EQT,EQT,Overflow,17.60982894897461,0.9467291150774274,Low,15.736443519592285,2021-04-12,68.0,43.0,68.0,False,False,1.9787977358540527,default,stage,0.25,False,True,True
2026-04-15,EQT,EQT,Overflow,56.423526763916016,1.9494857788085938,High,60.826656341552734,2025-12-03,90.0,90.0,61.0,False,False,-2.2586107708503738,default,stage,0.25,False,True,True
2015-03-09,ES,ES,Overflow,33.43691635131836,0.7622449057442802,High,31.572357177734375,2014-06-30,173.0,173.0,147.0,False,False,2.4461418627171665,above_high_2_3,stage,0.5,True,True,True
2015-01-07,ET,ET,Overflow,10.438677787780762,0.484170709337507,Low,9.399348258972168,2014-10-13,59.0,82.0,59.0,False,False,2.1466179361215656,default,stage,0.25,False,True,True
2024-10-24,EWJ,EWJ,Overflow,62.94472122192383,0.7772091456821987,High,66.76777648925781,2024-03-21,150.0,150.0,56.0,False,False,-4.918953011004883,default,stage,0.25,False,True,True
2026-06-04,EWZ,EWZ,Overflow,34.45201873779297,0.751417704990932,Low,34.72937774658203,2026-03-20,52.0,449.0,52.0,True,False,-0.3691142848336394,default,stage,0.25,False,True,True
2026-06-05,EWZ,EWZ,Overflow,33.68927764892578,0.7217006683349609,Low,34.72937774658203,2026-03-20,53.0,450.0,53.0,True,False,-1.4411793466339304,default,stage,0.25,False,True,True
2026-06-08,EWZ,EWZ,Overflow,33.37229537963867,0.7245306287493024,Low,34.72937774658203,2026-03-20,54.0,451.0,54.0,True,False,-1.8730503764705972,default,stage,0.25,False,True,True
2006-08-24,EXPD,EXPD,Overflow,31.34769630432129,1.2629352297101701,High,28.582826614379883,2005-11-22,189.0,189.0,155.0,False,False,2.1892410829143736,above_high_2_3,stage,0.5,True,True,True
2006-08-25,EXPD,EXPD,Overflow,30.69048309326172,1.2606727055140905,High,28.582826614379883,2005-11-22,190.0,190.0,156.0,False,False,1.671850647406817,default,stage,0.25,False,True,True
2018-03-01,EXTR,EXTR,Overflow,11.15999984741211,0.5378570556640625,Low,8.479999542236328,2017-08-10,139.0,67.0,139.0,False,False,4.982737098924792,default,stage,0.25,False,True,True
2025-01-07,FIS,FIS,Overflow,75.8747787475586,1.3323157174246651,Low,69.18075561523438,2024-08-05,107.0,54.0,107.0,False,False,5.0243519946335296,default,stage,0.25,False,True,True
2025-01-10,FIS,FIS,Overflow,73.92901611328125,1.271383558000837,Low,69.18075561523438,2024-08-05,109.0,56.0,109.0,False,False,3.7347191318984705,default,stage,0.25,False,True,True
2021-07-19,FIX,FIX,Overflow,70.86518859863281,1.9786981855119978,High,84.94217681884766,2021-05-07,49.0,49.0,180.0,False,False,-7.1142675135027496,default,stage,0.25,False,True,True
2025-02-25,FLEX,FLEX,Overflow,38.58000183105469,1.322857448032924,High,33.779998779296875,2024-05-30,184.0,184.0,137.0,False,False,3.6285111890894743,default,stage,0.25,False,True,True
2019-11-25,FLG,FLG,Overflow,27.077983856201172,0.4878906522478376,High,27.412111282348633,2019-03-01,187.0,187.0,110.0,False,False,-0.6848408031759781,default,stage,0.25,False,True,True
2019-11-26,FLG,FLG,Overflow,26.87421989440918,0.4851527895246233,High,27.412111282348633,2019-03-01,188.0,188.0,111.0,False,False,-1.1087051328026079,default,stage,0.25,False,True,True
2018-04-24,FNF,FNF,Overflow,25.794286727905273,0.5156315394810268,Low,24.98763656616211,2018-02-08,51.0,67.0,51.0,False,False,1.5643925942835883,default,stage,0.25,False,True,True
2018-04-25,FNF,FNF,Overflow,25.54725456237793,0.4989666257585798,Low,24.98763656616211,2018-02-08,52.0,68.0,52.0,False,False,1.121553962381817,default,stage,0.25,False,True,True
2025-10-13,FTI,FTI,Overflow,35.90520477294922,1.1348612649100167,High,32.435585021972656,2025-04-02,133.0,133.0,129.0,False,False,3.057307406867631,default,stage,0.25,False,True,True
2018-07-27,GAP,GAP,Overflow,22.50210189819336,0.5860092980521066,Low,21.224756240844727,2018-05-31,40.0,130.0,40.0,False,False,2.179736160491867,default,stage,0.25,False,True,True
2025-01-08,GBCI,GBCI,Overflow,47.3442268371582,1.4620906284877233,Low,32.7996826171875,2024-04-17,183.0,266.0,183.0,True,False,9.947772003035466,default,stage,0.25,False,True,True
2005-09-01,GDEN,GDEN,Overflow,17.87095832824707,0.4697931834629604,Low,17.783063888549805,2005-05-25,69.0,135.0,69.0,False,False,0.18709177312743072,default,stage,0.25,False,True,True
2005-09-02,GDEN,GDEN,Overflow,17.72447395324707,0.45933001382010324,Low,17.783063888549805,2005-05-25,70.0,40.0,70.0,False,False,-0.12755520767184428,default,stage,0.25,False,True,True
2023-08-17,GDX,GDX,Overflow,26.655166625976562,0.6757916041782924,Low,25.757328033447266,2023-03-09,111.0,87.0,111.0,False,False,1.3285731680863297,default,stage,0.25,False,True,True
2019-08-06,GEN,GEN,Overflow,10.258328437805176,0.29545906611851286,Low,8.979214668273926,2019-06-03,45.0,76.0,45.0,False,False,4.329241902559115,default,stage,0.25,False,True,True
2021-08-04,GEN,GEN,Overflow,21.935226440429688,0.4677118573869978,High,21.553552627563477,2020-08-26,236.0,236.0,62.0,False,False,0.8160447652504209,default,stage,0.25,False,True,True
2021-08-05,GEN,GEN,Overflow,21.72692108154297,0.4845314025878906,High,21.553552627563477,2020-08-26,237.0,237.0,63.0,False,False,0.35780643535904644,default,stage,0.25,False,True,True
2025-01-07,GEN,GEN,Overflow,26.230873107910156,0.561117444719587,High,23.042993545532227,2024-01-29,237.0,237.0,171.0,False,False,5.681305388698156,above_high_gt5,skip,0.25,True,False,True
2023-07-07,GFI,GFI,Overflow,12.132658004760742,0.3475636754717146,High,15.944730758666992,2023-05-04,43.0,43.0,84.0,False,False,-10.967983776591417,default,stage,0.25,False,True,True
2024-07-18,GGAL,GGAL,Overflow,24.96193504333496,1.2869984763009208,High,32.81821823120117,2024-05-20,40.0,40.0,183.0,False,False,-6.104345368338483,default,stage,0.25,False,True,True
2026-06-17,GLNG,GLNG,Overflow,49.21226119995117,1.2668805803571428,High,44.79655838012695,2025-08-26,203.0,203.0,140.0,False,False,3.485492546250413,default,stage,0.25,False,True,True
2025-02-24,GM,GM,Overflow,45.884342193603516,1.1738880702427454,Low,39.17546844482422,2024-08-05,138.0,59.0,138.0,False,False,5.715088106647157,default,stage,0.25,False,True,True
2025-02-04,GME,GME,Overflow,25.899999618530273,1.075000217982701,Low,19.510000228881836,2024-09-19,93.0,181.0,93.0,False,False,5.944184273413112,default,stage,0.25,False,True,True
2025-02-05,GME,GME,Overflow,24.93000030517578,1.0400002343314034,Low,19.510000228881836,2024-09-19,94.0,182.0,94.0,False,False,5.211537360641425,default,stage,0.25,False,True,True
2025-02-06,GME,GME,Overflow,24.799999237060547,1.049285888671875,Low,19.510000228881836,2024-09-19,95.0,183.0,95.0,False,False,5.041523063723352,default,stage,0.25,False,True,True
2021-04-19,GSAT,GSAT,Overflow,13.5,1.5642859595162528,Low,4.5,2020-11-05,111.0,42.0,111.0,False,False,5.753423755579321,default,stage,0.25,False,True,True
2021-04-20,GSAT,GSAT,Overflow,13.050000190734863,1.4571431023733956,Low,4.5,2020-11-05,112.0,43.0,112.0,False,False,5.867646202221743,default,stage,0.25,False,True,True
2026-04-15,HCA,HCA,Overflow,487.6027526855469,12.758714948381696,Low,462.7628479003906,2026-01-20,59.0,95.0,59.0,False,False,1.946897072757858,default,stage,0.25,False,True,True
2021-07-13,HE,HE,Overflow,38.02178192138672,0.7038421630859375,High,40.983394622802734,2021-05-10,44.0,44.0,113.0,False,False,-4.207779608472261,default,stage,0.25,False,True,True
2021-07-14,HE,HE,Overflow,38.249454498291016,0.6674142565046038,High,40.983394622802734,2021-05-10,45.0,45.0,114.0,False,False,-4.096316639728327,default,stage,0.25,False,True,True
2024-08-27,HE,HE,Overflow,10.899999618530273,0.8642856734139579,Low,9.520000457763672,2024-04-16,92.0,164.0,92.0,False,False,1.5966933193692288,default,stage,0.25,False,True,True
2026-03-10,HE,HE,Overflow,14.770000457763672,0.6435715811593192,High,12.960000038146973,2025-08-29,131.0,131.0,102.0,False,False,2.812430617828392,above_high_2_3,stage,0.5,True,True,True
2026-03-11,HE,HE,Overflow,14.720000267028809,0.6264286722455706,High,12.960000038146973,2025-08-29,132.0,132.0,103.0,False,False,2.809578020387748,above_high_2_3,stage,0.5,True,True,True
2026-03-17,HE,HE,Overflow,14.489999771118164,0.6271429061889648,High,12.960000038146973,2025-08-29,136.0,136.0,107.0,False,False,2.439634918728055,above_high_2_3,stage,0.5,True,True,True
2026-03-18,HE,HE,Overflow,14.510000228881836,0.6235714639936175,High,12.960000038146973,2025-08-29,137.0,137.0,108.0,False,False,2.485681722521427,above_high_2_3,stage,0.5,True,True,True
2026-03-19,HE,HE,Overflow,14.199999809265137,0.6528572354997907,High,12.960000038146973,2025-08-29,138.0,138.0,109.0,False,False,1.8993429247496816,default,stage,0.25,False,True,True
2026-07-20,HMY,HMY,Overflow,14.329999923706055,0.632857118334089,Low,13.068588256835938,2026-03-20,82.0,118.0,82.0,False,False,1.993201356714788,default,stage,0.25,False,True,True
2021-04-09,HP,HP,Overflow,21.115406036376953,1.0567046574183874,High,22.293127059936523,2020-06-08,211.0,211.0,130.0,False,False,-1.1145224120018884,default,stage,0.25,False,True,True
2021-04-12,HP,HP,Overflow,21.205366134643555,1.0082210813249861,High,22.293127059936523,2020-06-08,212.0,212.0,131.0,False,False,-1.0788912724017363,default,stage,0.25,False,True,True
2021-04-20,HP,HP,Overflow,20.853715896606445,0.9106698717389788,High,22.293127059936523,2020-06-08,218.0,218.0,137.0,False,False,-1.580606988327654,default,stage,0.25,False,True,True
2021-04-21,HP,HP,Overflow,21.074522018432617,0.9457180840628487,High,22.293127059936523,2020-06-08,219.0,219.0,138.0,False,False,-1.288550004530655,default,stage,0.25,False,True,True
2021-07-19,HP,HP,Overflow,22.968976974487305,1.1308879852294922,Low,20.657445907592773,2021-04-22,60.0,92.0,60.0,False,False,2.043996485138579,default,stage,0.25,False,True,True
2021-08-02,HP,HP,Overflow,23.117477416992188,1.1874607631138392,Low,20.657445907592773,2021-04-22,70.0,102.0,70.0,False,False,2.0716739329967875,default,stage,0.25,False,True,True
2021-08-04,HP,HP,Overflow,21.657169342041016,1.1998364584786552,Low,20.657445907592773,2021-04-22,72.0,104.0,72.0,False,False,0.8332164166071864,default,stage,0.25,False,True,True
2021-08-05,HP,HP,Overflow,21.83867835998535,1.1568168912615096,Low,20.657445907592773,2021-04-22,73.0,105.0,73.0,False,False,1.0211058131286823,default,stage,0.25,False,True,True
2021-08-20,HP,HP,Overflow,20.090269088745117,0.9805081231253487,Low,20.657445907592773,2021-04-22,84.0,46.0,84.0,False,False,-0.578451932697704,default,stage,0.25,False,True,True
2018-07-17,HTHT,HTHT,Overflow,35.625396728515625,1.7148737226213728,High,36.30035400390625,2018-01-22,122.0,122.0,77.0,False,False,-0.3935900740019963,default,stage,0.25,False,True,True
2026-08-18,HUN,HUN,Overflow,10.050000190734863,0.5357142857142857,Low,10.351799011230469,2026-03-20,103.0,44.0,103.0,False,False,-0.5633577982584635,default,stage,0.25,False,True,True
2017-08-09,HWC,HWC,Overflow,35.35975646972656,0.6714662824358258,Low,33.53815841674805,2017-04-13,81.0,42.0,81.0,False,False,2.7128660077620674,default,stage,0.25,False,True,True
2017-08-10,HWC,HWC,Overflow,34.14449691772461,0.6854678562709263,Low,33.53815841674805,2017-04-13,82.0,43.0,82.0,False,False,0.8845615376848707,default,stage,0.25,False,True,True
2017-09-07,HWC,HWC,Overflow,32.4789924621582,0.7331055232456752,Low,33.53815841674805,2017-04-13,101.0,62.0,101.0,False,False,-1.444766027543487,default,stage,0.25,False,True,True
2021-04-12,IBN,IBN,Overflow,13.8954496383667,0.37850236892700195,Low,8.992879867553711,2020-09-24,136.0,292.0,136.0,True,False,12.95254712595603,default,stage,0.25,False,True,True
2009-11-20,IMO,IMO,Overflow,27.95229721069336,0.6493904931204659,High,31.16493034362793,2009-06-01,122.0,122.0,190.0,False,False,-4.9471514704460064,default,stage,0.25,False,True,True
2025-01-07,INGR,INGR,Overflow,128.36569213867188,2.10943603515625,Low,127.6576156616211,2024-10-31,45.0,42.0,45.0,False,False,0.335670987529296,default,stage,0.25,False,True,True
2026-07-17,INOD,INOD,Overflow,60.810001373291016,4.669285910470145,Low,34.45000076293945,2026-03-30,75.0,193.0,75.0,False,False,5.645402983621837,default,stage,0.25,False,True,True
2026-07-24,INOD,INOD,Overflow,55.88999938964844,3.90642820085798,Low,34.45000076293945,2026-03-30,80.0,198.0,80.0,False,False,5.488389271304169,default,stage,0.25,False,True,True
2026-07-29,INOD,INOD,Overflow,55.400001525878906,3.8171424865722656,Low,34.45000076293945,2026-03-30,83.0,201.0,83.0,False,False,5.488398936281843,default,stage,0.25,False,True,True
2024-10-31,JHX,JHX,Overflow,31.899999618530273,1.030714443751744,Low,30.270000457763672,2024-06-11,99.0,165.0,99.0,False,False,1.5814265247254071,default,stage,0.25,False,True,True
2024-11-01,JHX,JHX,Overflow,31.270000457763672,0.9950001580374581,Low,30.270000457763672,2024-06-11,100.0,166.0,100.0,False,False,1.005024965998401,default,stage,0.25,False,True,True
2018-02-27,KBH,KBH,Overflow,25.77110481262207,0.9457759857177734,High,21.689342498779297,2017-07-10,160.0,160.0,109.0,False,False,4.3157813007326675,above_high_4_5,stage,0.75,True,True,True
2018-02-28,KBH,KBH,Overflow,24.96154022216797,0.9483460017613002,High,21.689342498779297,2017-07-10,161.0,161.0,110.0,False,False,3.450426023109114,default,stage,0.25,False,True,True
2018-03-01,KBH,KBH,Overflow,25.069482803344727,0.8969451359340123,High,21.689342498779297,2017-07-10,162.0,162.0,111.0,False,False,3.768502853907114,default,stage,0.25,False,True,True
2018-09-04,KDP,KDP,Overflow,18.745115280151367,0.30621188027518137,High,16.128387451171875,2018-04-16,98.0,98.0,207.0,False,False,8.545481078748267,above_high_gt5,skip,0.25,True,False,True
2006-08-22,KEX,KEX,Overflow,30.149999618530273,1.0714285714285714,Low,22.375,2005-09-13,237.0,73.0,237.0,False,False,7.256666310628256,default,stage,0.25,False,True,True
2006-08-23,KEX,KEX,Overflow,29.649999618530273,0.9614285060337612,Low,22.375,2005-09-13,238.0,74.0,238.0,False,False,7.566864902458808,default,stage,0.25,False,True,True
2006-08-24,KEX,KEX,Overflow,28.959999084472656,0.9042855671473912,Low,22.375,2005-09-13,239.0,75.0,239.0,False,False,7.28199069376428,default,stage,0.25,False,True,True
2025-12-31,KSS,KSS,Overflow,20.051565170288086,0.9248959677559989,Low,5.866079807281494,2025-04-16,178.0,314.0,178.0,True,False,15.337384806016292,default,stage,0.25,False,True,True
2026-01-28,KSS,KSS,Overflow,16.917585372924805,0.9894557680402484,Low,5.866079807281494,2025-04-16,196.0,332.0,196.0,True,False,11.169277013294206,default,stage,0.25,False,True,True
2026-01-29,KSS,KSS,Overflow,16.603206634521484,0.8919135502406529,Low,5.866079807281494,2025-04-16,197.0,333.0,197.0,True,False,12.0383044122863,default,stage,0.25,False,True,True
2024-12-31,KT,KT,Overflow,15.017837524414062,0.2750872884477888,High,13.957249641418457,2024-02-20,218.0,218.0,178.0,False,False,3.8554594397294504,default,stage,0.25,False,True,True
2026-05-14,KT,KT,Overflow,19.709999084472656,0.4064286095755441,Low,17.670000076293945,2025-11-20,119.0,58.0,119.0,False,False,5.019329250244452,default,stage,0.25,False,True,True
2026-05-15,KT,KT,Overflow,19.579999923706055,0.39642865317208426,Low,17.670000076293945,2025-11-20,120.0,59.0,120.0,False,False,4.8180166396373085,default,stage,0.25,False,True,True
2025-02-04,LBTYA,LBTYA,Overflow,11.220000267028809,0.27357135500226704,High,14.130000114440918,2024-11-29,43.0,43.0,171.0,False,False,-10.63707802078911,default,stage,0.25,False,True,True
2025-02-10,LBTYA,LBTYA,Overflow,11.09000015258789,0.2850001198904855,Low,8.155590057373047,2024-05-29,175.0,47.0,175.0,False,False,10.296171441410003,default,stage,0.25,False,True,True
2025-01-08,LBTYK,LBTYK,Overflow,12.850000381469727,0.3221430097307478,High,11.324606895446777,2024-01-29,238.0,238.0,154.0,False,False,4.735143833472895,above_high_4_5,stage,0.75,True,True,True
2025-01-10,LBTYK,LBTYK,Overflow,12.210000038146973,0.3450001989092146,High,11.324606895446777,2024-01-29,239.0,239.0,155.0,False,False,2.5663554557346298,above_high_2_3,stage,0.5,True,True,True
2025-01-13,LBTYK,LBTYK,Overflow,12.09000015258789,0.3542859213692801,High,11.324606895446777,2024-01-29,240.0,240.0,156.0,False,False,2.160382930777898,above_high_2_3,stage,0.5,True,True,True
2025-01-14,LBTYK,LBTYK,Overflow,11.920000076293945,0.3478574071611677,High,11.324606895446777,2024-01-29,241.0,241.0,157.0,False,False,1.7116012727919665,default,stage,0.25,False,True,True
2019-10-21,LDOS,LDOS,Overflow,74.1823501586914,1.2027713230678014,Low,45.77620315551758,2018-12-24,207.0,293.0,207.0,True,False,23.61724665227369,default,stage,0.25,False,True,True
2019-10-22,LDOS,LDOS,Overflow,72.7600326538086,1.160820552280971,Low,45.77620315551758,2018-12-24,208.0,294.0,208.0,True,False,23.245478765230988,default,stage,0.25,False,True,True
2019-10-23,LDOS,LDOS,Overflow,72.71414947509766,1.1490222385951452,Low,45.77620315551758,2018-12-24,209.0,295.0,209.0,True,False,23.44423407550042,default,stage,0.25,False,True,True
2026-04-10,LDOS,LDOS,Overflow,152.3418731689453,4.141088213239398,High,197.1530303955078,2026-01-09,62.0,62.0,284.0,False,True,-10.821106655805488,default,stage,0.25,False,True,True
2025-01-07,LNT,LNT,Overflow,54.686912536621094,0.9084529876708984,Low,53.61910629272461,2024-11-07,40.0,267.0,40.0,True,False,1.175411670596337,default,stage,0.25,False,True,True
2015-07-23,LPX,LPX,Overflow,13.186896324157715,0.34969520568847656,Low,13.371145248413086,2015-04-30,58.0,104.0,58.0,False,False,-0.5268843302916424,default,stage,0.25,False,True,True
2020-09-24,LRN,LRN,Overflow,26.350000381469727,1.9964279447283064,Low,15.859999656677246,2020-02-10,158.0,364.0,158.0,True,False,5.2543848389279395,default,stage,0.25,False,True,True
2020-09-25,LRN,LRN,Overflow,26.510000228881836,1.836428097316197,Low,15.859999656677246,2020-02-10,159.0,365.0,159.0,True,False,5.799301692110229,default,stage,0.25,False,True,True
2021-05-12,LRN,LRN,Overflow,26.649999618530273,1.1035717555454798,Low,20.889999389648438,2021-01-06,87.0,193.0,87.0,False,False,5.219416136683155,default,stage,0.25,False,True,True
2018-02-27,LTBR,LTBR,Overflow,16.68000030517578,1.32857118334089,Low,11.760000228881836,2017-12-04,57.0,186.0,57.0,False,False,3.7032265474265915,default,stage,0.25,False,True,True
2018-02-28,LTBR,LTBR,Overflow,16.200000762939453,1.3028568540300642,Low,11.760000228881836,2017-12-04,58.0,187.0,58.0,False,False,3.407895902242505,default,stage,0.25,False,True,True
2026-06-04,LYB,LYB,Overflow,65.50379180908203,2.2659361703055247,High,81.52714538574219,2026-03-30,46.0,46.0,143.0,False,False,-7.071405535002191,default,stage,0.25,False,True,True
2026-06-05,LYB,LYB,Overflow,63.84096145629883,2.2652857644217357,High,81.52714538574219,2026-03-30,47.0,47.0,144.0,False,False,-7.807484692315695,default,stage,0.25,False,True,True
2026-06-08,LYB,LYB,Overflow,63.77167510986328,2.1564407348632812,High,81.52714538574219,2026-03-30,48.0,48.0,145.0,False,False,-8.233692671829726,default,stage,0.25,False,True,True
2021-07-13,LZB,LZB,Overflow,31.426227569580078,0.983992304120745,Low,32.847660064697266,2021-02-01,112.0,84.0,112.0,False,False,-1.4445565165139387,default,stage,0.25,False,True,True
2016-05-18,MAT,MAT,Overflow,27.958595275878906,0.5206575393676758,Low,17.856151580810547,2015-10-01,158.0,269.0,158.0,True,False,19.403240962067887,default,stage,0.25,False,True,True
2021-10-26,MCHP,MCHP,Overflow,66.89430236816406,1.7457575116838728,High,73.8216323852539,2021-04-05,143.0,143.0,70.0,False,False,-3.968094062736169,default,stage,0.25,False,True,True
2021-10-27,MCHP,MCHP,Overflow,65.60700225830078,1.785905020577567,Low,59.64125061035156,2021-07-19,71.0,144.0,71.0,False,False,3.340464122789619,default,stage,0.25,False,True,True
2019-12-19,MCK,MCK,Overflow,130.15438842773438,2.8559984479631697,High,129.25596618652344,2019-02-19,212.0,212.0,52.0,False,False,0.3145737848182904,default,stage,0.25,False,True,True
2021-07-13,MD,MD,Overflow,28.979999542236328,0.7928575788225446,High,28.600000381469727,2021-01-27,115.0,115.0,100.0,False,False,0.4792779572479208,default,stage,0.25,False,True,True
2021-07-14,MD,MD,Overflow,28.1299991607666,0.840714727129255,High,28.600000381469727,2021-01-27,116.0,116.0,101.0,False,False,-0.5590495866630216,default,stage,0.25,False,True,True
2021-07-15,MD,MD,Overflow,27.8700008392334,0.8400004250662667,High,28.600000381469727,2021-01-27,117.0,117.0,102.0,False,False,-0.8690466343260949,default,stage,0.25,False,True,True
2025-01-07,MD,MD,Overflow,12.609999656677246,0.46999992643083843,High,16.079999923706055,2024-11-06,41.0,41.0,126.0,False,False,-7.382980447209553,default,stage,0.25,False,True,True
2025-01-10,MD,MD,Overflow,12.4399995803833,0.41642842973981586,High,16.079999923706055,2024-11-06,43.0,43.0,128.0,False,False,-8.740998652750541,default,stage,0.25,False,True,True
2025-07-31,MD,MD,Overflow,12.25,0.3799997738429478,Low,12.0,2025-04-21,70.0,48.0,70.0,False,False,0.6578951283884813,default,stage,0.25,False,True,True
2025-08-01,MD,MD,Overflow,11.979999542236328,0.37214265550885883,Low,12.0,2025-04-21,71.0,49.0,71.0,False,False,-0.053744061497932115,default,stage,0.25,False,True,True
2026-07-30,MDU,MDU,Overflow,19.969999313354492,0.42785726274762836,Low,19.519866943359375,2026-03-20,90.0,55.0,90.0,False,False,1.0520620056895653,default,stage,0.25,False,True,True
2023-10-20,MFC,MFC,Overflow,15.805631637573242,0.3434873989650181,Low,15.941728591918945,2023-08-22,42.0,58.0,42.0,False,False,-0.3962210979377549,default,stage,0.25,False,True,True
2023-10-23,MFC,MFC,Overflow,15.887289047241211,0.3415431295122419,Low,15.941728591918945,2023-08-22,43.0,59.0,43.0,False,False,-0.1593928847448331,default,stage,0.25,False,True,True
2023-10-02,MGA,MGA,Overflow,47.71708679199219,1.367342812674386,Low,43.2889518737793,2023-05-31,85.0,44.0,85.0,False,False,3.238496503705534,default,stage,0.25,False,True,True
2023-10-03,MGA,MGA,Overflow,46.958953857421875,1.2551705496651786,Low,43.2889518737793,2023-05-31,86.0,45.0,86.0,False,False,2.923907021736261,default,stage,0.25,False,True,True
2011-05-05,MLKN,MLKN,Overflow,17.764799118041992,0.5754195622035435,Low,11.809146881103516,2010-08-31,171.0,262.0,171.0,True,False,10.350103868786755,default,stage,0.25,False,True,True
2011-05-24,MLKN,MLKN,Overflow,16.36439323425293,0.5986223220825195,Low,11.809146881103516,2010-08-31,184.0,275.0,184.0,True,False,7.609549769715199,default,stage,0.25,False,True,True
2018-02-28,MLKN,MLKN,Overflow,29.015335083007812,0.8850084032331195,High,29.352357864379883,2017-10-02,102.0,102.0,74.0,False,False,-0.3808130862270416,default,stage,0.25,False,True,True
2024-04-17,MLKN,MLKN,Overflow,22.572328567504883,1.2450971603393555,High,27.11016273498535,2023-12-14,84.0,84.0,151.0,False,False,-3.644562297647251,default,stage,0.25,False,True,True
2014-04-10,MNRO,MNRO,Overflow,40.67110824584961,0.931995119367327,High,36.884456634521484,2013-07-10,190.0,190.0,176.0,False,False,4.062952190027181,above_high_4_5,stage,0.75,True,True,True
2012-07-19,MNST,MNST,Overflow,11.305000305175781,0.3801189831324986,Low,5.742499828338623,2011-08-08,239.0,561.0,239.0,True,False,14.633577178907242,default,stage,0.25,False,True,True
2026-08-20,MOD,MOD,Overflow,190.74000549316406,11.862144470214844,Low,119.68000030517578,2026-01-07,155.0,55.0,155.0,False,False,5.9904855624053335,default,stage,0.25,False,True,True
2021-05-10,MPWR,MPWR,Overflow,310.3356018066406,13.89817374093192,Low,290.72174072265625,2021-03-08,44.0,75.0,44.0,False,False,1.41125456118159,default,stage,0.25,False,True,True
2021-05-13,MRVL,MRVL,Overflow,40.80146789550781,1.7290197099958147,Low,39.24422073364258,2021-03-08,47.0,76.0,47.0,False,False,0.9006532157282371,default,stage,0.25,False,True,True
2023-08-16,MSTR,MSTR,Overflow,36.96699905395508,1.8757141658238001,High,34.071998596191406,2023-04-13,86.0,86.0,109.0,False,False,1.5434123762093617,default,stage,0.25,False,True,True
2012-12-04,MTB,MTB,Overflow,66.92527770996094,1.0128304617745536,High,59.41111373901367,2012-04-20,156.0,156.0,125.0,False,False,7.418975094589767,above_high_gt5,skip,0.25,True,False,True
2018-08-14,NFLX,NFLX,Overflow,33.749000549316406,1.000500270298549,High,20.26799964904785,2017-10-16,208.0,208.0,174.0,False,False,13.474260128131528,above_high_gt5,skip,0.25,True,False,True
2018-08-15,NFLX,NFLX,Overflow,32.63999938964844,1.0546430860246931,High,20.26799964904785,2017-10-16,209.0,209.0,175.0,False,False,11.730982646683668,above_high_gt5,skip,0.25,True,False,True
2018-08-16,NFLX,NFLX,Overflow,32.24399948120117,1.0161432538713728,High,20.26799964904785,2017-10-16,210.0,210.0,176.0,False,False,11.785739645002147,above_high_gt5,skip,0.25,True,False,True
2018-08-17,NFLX,NFLX,Overflow,31.67799949645996,0.9462862014770508,High,20.26799964904785,2017-10-16,211.0,211.0,177.0,False,False,12.057662713037905,above_high_gt5,skip,0.25,True,False,True
2020-05-26,NGG,NGG,Overflow,37.88325500488281,0.9194586617606026,Low,31.402034759521484,2020-03-23,44.0,65.0,44.0,False,False,7.048952296507735,default,stage,0.25,False,True,True
2020-09-04,NGG,NGG,Overflow,39.82634353637695,0.6875253404889788,High,47.605079650878906,2020-02-21,137.0,137.0,116.0,False,False,-11.314108231951995,default,stage,0.25,False,True,True
2020-09-08,NGG,NGG,Overflow,39.618656158447266,0.6680864606584821,High,47.605079650878906,2020-02-21,138.0,138.0,117.0,False,False,-11.954176536611786,default,stage,0.25,False,True,True
2016-08-16,NJR,NJR,Overflow,24.301868438720703,0.4619978496006557,Low,24.662200927734375,2016-05-18,62.0,329.0,62.0,True,False,-0.7799440826946231,default,stage,0.25,False,True,True
2016-08-17,NJR,NJR,Overflow,24.468271255493164,0.45476300375802176,Low,24.662200927734375,2016-05-18,63.0,330.0,63.0,True,False,-0.4264411806559366,default,stage,0.25,False,True,True
2016-08-26,NJR,NJR,Overflow,24.16440773010254,0.4320246832711356,Low,24.662200927734375,2016-05-18,70.0,337.0,70.0,True,False,-1.1522332332095584,default,stage,0.25,False,True,True
2016-08-29,NJR,NJR,Overflow,24.468271255493164,0.44907842363630024,Low,24.662200927734375,2016-05-18,71.0,338.0,71.0,True,False,-0.43183921122487673,default,stage,0.25,False,True,True
2021-04-09,NOV,NOV,Overflow,12.015205383300781,0.4720588411603655,High,12.11617374420166,2020-08-12,165.0,165.0,50.0,False,False,-0.21388935466750095,default,stage,0.25,False,True,True
2021-04-20,NOV,NOV,Overflow,11.712303161621094,0.4759924752371652,High,12.11617374420166,2020-08-12,172.0,172.0,57.0,False,False,-0.8484810235273913,default,stage,0.25,False,True,True
2007-07-17,NYT,NYT,Overflow,19.340282440185547,0.3349849155970982,Low,18.446636199951172,2007-01-30,116.0,104.0,116.0,False,False,2.6677208394338705,default,stage,0.25,False,True,True
2019-09-03,NYT,NYT,Overflow,26.878129959106445,0.6847079140799386,High,32.657718658447266,2019-05-09,80.0,80.0,167.0,False,False,-8.440955012338389,default,stage,0.25,False,True,True
2013-06-03,OGE,OGE,Overflow,20.320833206176758,0.4150172642299107,High,17.251407623291016,2012-11-01,145.0,145.0,233.0,False,False,7.395898550344031,above_high_gt5,skip,0.25,True,False,True
2013-06-04,OGE,OGE,Overflow,20.188644409179688,0.39956678662981304,High,17.251407623291016,2012-11-01,146.0,146.0,234.0,False,False,7.351053401267649,above_high_gt5,skip,0.25,True,False,True
2021-07-14,OI,OI,Overflow,15.680000305175781,0.4928572518484933,High,12.020000457763672,2020-09-15,208.0,208.0,202.0,False,False,7.426085004704792,above_high_gt5,skip,0.25,True,False,True
2021-07-15,OI,OI,Overflow,15.539999961853027,0.48357152938842773,High,12.020000457763672,2020-09-15,209.0,209.0,203.0,False,False,7.279170278161525,above_high_gt5,skip,0.25,True,False,True
2021-07-16,OI,OI,Overflow,15.050000190734863,0.5014286722455706,High,12.020000457763672,2020-09-15,210.0,210.0,204.0,False,False,6.042733295249765,above_high_gt5,skip,0.25,True,False,True
2021-07-19,OI,OI,Overflow,14.489999771118164,0.5292858396257673,High,12.020000457763672,2020-09-15,211.0,211.0,205.0,False,False,4.666664264248805,above_high_4_5,stage,0.75,True,True,True
2019-08-06,OMC,OMC,Overflow,60.33302307128906,1.0779307229178292,Low,56.08401107788086,2019-03-25,93.0,76.0,93.0,False,False,3.941822886267345,default,stage,0.25,False,True,True
2026-08-21,ON,ON,Overflow,74.20999908447266,3.586427961077009,Low,55.65999984741211,2026-03-30,100.0,55.0,100.0,False,False,5.172277106463881,default,stage,0.25,False,True,True
2026-08-24,ON,ON,Overflow,71.93000030517578,3.4657135009765625,Low,55.65999984741211,2026-03-30,101.0,56.0,101.0,False,False,4.69456013983243,default,stage,0.25,False,True,True
2007-05-17,PAAS,PAAS,Overflow,20.479528427124023,0.7330683299473354,High,18.11888313293457,2006-09-06,174.0,174.0,155.0,False,False,3.220225452051714,default,stage,0.25,False,True,True
2024-04-02,PANW,PANW,Overflow,136.6999969482422,3.590002877371652,High,128.94000244140625,2023-07-05,187.0,187.0,156.0,False,False,2.161556625970523,above_high_2_3,stage,0.5,True,True,True
2024-04-03,PANW,PANW,Overflow,134.77000427246094,3.3603602818080356,High,128.94000244140625,2023-07-05,188.0,188.0,157.0,False,False,1.7349335613257117,default,stage,0.25,False,True,True
2024-04-04,PANW,PANW,Overflow,132.60000610351562,3.3250034877232144,High,128.94000244140625,2023-07-05,189.0,189.0,158.0,False,False,1.1007518264636622,default,stage,0.25,False,True,True
2024-05-23,PARR,PARR,Overflow,27.639999389648438,0.9214288166591099,Low,31.549999237060547,2023-10-25,145.0,62.0,145.0,False,False,-4.243409557765812,default,stage,0.25,False,True,True
2024-05-29,PARR,PARR,Overflow,26.690000534057617,0.7657143729073661,Low,31.549999237060547,2023-10-25,148.0,65.0,148.0,False,False,-6.34701250878946,default,stage,0.25,False,True,True
2024-05-30,PARR,PARR,Overflow,26.34000015258789,0.7357142312186105,Low,31.549999237060547,2023-10-25,149.0,66.0,149.0,False,False,-7.0815526781954485,default,stage,0.25,False,True,True
2017-05-30,PB,PB,Overflow,48.57292556762695,1.1601527077811105,High,59.18617630004883,2017-03-01,62.0,62.0,232.0,False,False,-9.14814977480043,default,stage,0.25,False,True,True
2025-01-07,PB,PB,Overflow,70.09259033203125,1.8086803981236048,High,60.97758483886719,2024-03-28,195.0,195.0,141.0,False,False,5.0395888088466725,above_high_gt5,skip,0.25,True,False,True
2026-06-03,PBR,PBR,Overflow,17.67168426513672,0.5040761402675084,High,12.910507202148438,2025-11-11,139.0,139.0,101.0,False,False,9.445352958903332,above_high_gt5,skip,0.25,True,False,True
2026-06-04,PBR,PBR,Overflow,17.545387268066406,0.49874210357666016,High,12.910507202148438,2025-11-11,140.0,140.0,102.0,False,False,9.293139746332956,above_high_gt5,skip,0.25,True,False,True
2026-06-05,PBR,PBR,Overflow,17.244220733642578,0.49756104605538504,High,12.910507202148438,2025-11-11,141.0,141.0,103.0,False,False,8.709913217385877,above_high_gt5,skip,0.25,True,False,True
2026-06-17,PBR,PBR,Overflow,16.31157684326172,0.4225705010550363,High,12.910507202148438,2025-11-11,149.0,149.0,111.0,False,False,8.048525944479783,above_high_gt5,skip,0.25,True,False,True
2023-04-06,PCAR,PCAR,Overflow,61.308197021484375,1.455883571079799,High,61.333831787109375,2022-11-22,92.0,92.0,132.0,False,False,-0.017607703070642675,default,stage,0.25,False,True,True
2026-09-02,PCAR,PCAR,Overflow,122.12999725341797,2.606427328927176,High,129.0790557861328,2026-02-11,140.0,140.0,71.0,False,False,-2.6661240294680018,default,stage,0.25,False,True,True
2014-04-25,PFS,PFS,Overflow,10.095519065856934,0.2469946997506278,Low,9.676396369934082,2014-02-07,53.0,84.0,53.0,False,False,1.6968894326315853,default,stage,0.25,False,True,True
2025-01-07,PFS,PFS,Overflow,17.17624855041504,0.5702841622488839,Low,11.979228973388672,2024-06-25,135.0,259.0,135.0,True,False,9.113035081549889,default,stage,0.25,False,True,True
2025-01-10,PM,PM,Overflow,112.15106201171875,1.8792163303920202,Low,81.11698150634766,2024-02-15,226.0,253.0,226.0,True,False,16.51437357342309,default,stage,0.25,False,True,True
2025-01-07,PNR,PNR,Overflow,97.1472396850586,1.9288537161690849,High,83.43311309814453,2024-03-28,195.0,195.0,135.0,False,False,7.109987902116197,above_high_gt5,skip,0.25,True,False,True
2025-01-10,PNR,PNR,Overflow,95.46382141113281,1.7270382472446986,High,83.43311309814453,2024-03-28,197.0,197.0,137.0,False,False,6.966092576225203,above_high_gt5,skip,0.25,True,False,True
2026-07-24,POWI,POWI,Overflow,63.19512176513672,4.0821748461042136,High,48.191402435302734,2025-10-15,193.0,193.0,167.0,False,False,3.675423002557729,default,stage,0.25,False,True,True
2026-07-27,POWI,POWI,Overflow,63.14533233642578,3.880164555140904,High,48.191402435302734,2025-10-15,194.0,194.0,168.0,False,False,3.8539421946191172,default,stage,0.25,False,True,True
2026-07-28,POWI,POWI,Overflow,58.952903747558594,4.135523114885602,High,48.191402435302734,2025-10-15,195.0,195.0,169.0,False,False,2.6022104128786974,above_high_2_3,stage,0.5,True,True,True
2026-07-29,POWI,POWI,Overflow,56.33388137817383,4.023848669869559,High,48.191402435302734,2025-10-15,196.0,196.0,170.0,False,False,2.023554962153944,above_high_2_3,stage,0.5,True,True,True
2026-08-19,POWI,POWI,Overflow,55.55713653564453,3.5579449789864674,Low,30.515628814697266,2025-11-20,185.0,41.0,185.0,False,False,7.038194201665452,default,stage,0.25,False,True,True
2026-08-20,POWI,POWI,Overflow,54.61110305786133,3.5174001966203963,Low,30.515628814697266,2025-11-20,186.0,42.0,186.0,False,False,6.850364728561618,default,stage,0.25,False,True,True
2026-08-24,POWI,POWI,Overflow,52.958030700683594,3.30187497820173,Low,30.515628814697266,2025-11-20,188.0,44.0,188.0,False,False,6.796866033434412,default,stage,0.25,False,True,True
2021-08-04,PPLI,PPLI,Overflow,110.13125610351562,3.2707132611955916,Low,112.43577575683594,2021-03-30,88.0,68.0,88.0,False,False,-0.7045923837658297,default,stage,0.25,False,True,True
2021-08-10,PPLI,PPLI,Overflow,104.23297882080078,3.307042258126395,Low,112.43577575683594,2021-03-30,92.0,72.0,92.0,False,False,-2.480402817919373,default,stage,0.25,False,True,True
2021-08-11,PPLI,PPLI,Overflow,103.24856567382812,3.385561261858259,Low,112.43577575683594,2021-03-30,93.0,73.0,93.0,False,False,-2.7136446138225123,default,stage,0.25,False,True,True
2020-10-19,PPLT,PPLT,Overflow,80.36000061035156,1.939286368233817,High,93.83999633789062,2020-08-06,51.0,51.0,148.0,False,False,-6.95100834427863,default,stage,0.25,False,True,True
2025-01-10,PRU,PRU,Overflow,105.97460174560547,2.1592565264020647,High,115.30451202392578,2024-07-17,122.0,122.0,109.0,False,False,-4.320890160219451,default,stage,0.25,False,True,True
2021-08-03,PSKY,PSKY,Overflow,34.3173713684082,1.2227527073451452,Low,33.63503646850586,2021-04-20,73.0,93.0,73.0,False,False,0.5580318046351639,default,stage,0.25,False,True,True
2021-08-04,PSKY,PSKY,Overflow,34.60282516479492,1.1934424809047155,Low,33.63503646850586,2021-04-20,74.0,94.0,74.0,False,False,0.8109219436829572,default,stage,0.25,False,True,True
2025-10-22,PSKY,PSKY,Overflow,16.343421936035156,0.6974735260009766,High,11.841052055358887,2025-03-07,158.0,158.0,51.0,False,False,6.455255594418024,above_high_gt5,skip,0.25,True,False,True
2025-10-28,PSKY,PSKY,Overflow,15.98834228515625,0.6094087873186383,High,11.841052055358887,2025-03-07,162.0,162.0,55.0,False,False,6.805432274853122,above_high_gt5,skip,0.25,True,False,True
2025-10-29,PSKY,PSKY,Overflow,15.662856101989746,0.5896822384425572,High,11.841052055358887,2025-03-07,163.0,163.0,56.0,False,False,6.481124574355233,above_high_gt5,skip,0.25,True,False,True
2025-10-30,PSKY,PSKY,Overflow,15.2485990524292,0.5403659684317452,High,11.841052055358887,2025-03-07,164.0,164.0,57.0,False,False,6.305998519780446,above_high_gt5,skip,0.25,True,False,True
2025-10-31,PSKY,PSKY,Overflow,15.179556846618652,0.5276844842093331,High,11.841052055358887,2025-03-07,165.0,165.0,58.0,False,False,6.326706376940536,above_high_gt5,skip,0.25,True,False,True
2025-11-04,PSKY,PSKY,Overflow,14.637077331542969,0.5164119856698173,High,11.841052055358887,2025-03-07,167.0,167.0,60.0,False,False,5.414330716118972,above_high_gt5,skip,0.25,True,False,True
2025-11-05,PSKY,PSKY,Overflow,14.883658409118652,0.5051397596086774,High,11.841052055358887,2025-03-07,168.0,168.0,61.0,False,False,6.023296119309273,above_high_gt5,skip,0.25,True,False,True
2026-01-06,PSKY,PSKY,Overflow,12.376312255859375,0.3886270523071289,Low,9.955057144165039,2025-08-11,102.0,72.0,102.0,False,False,6.230279383075055,default,stage,0.25,False,True,True
2026-01-28,PSKY,PSKY,Overflow,11.227790832519531,0.28500849860055105,Low,9.955057144165039,2025-08-11,117.0,87.0,117.0,False,False,4.465599077234083,default,stage,0.25,False,True,True
2026-02-03,PSKY,PSKY,Overflow,10.703035354614258,0.30763966696602957,Low,9.955057144165039,2025-08-11,121.0,91.0,121.0,False,False,2.4313451442261917,default,stage,0.25,False,True,True
2011-01-04,PVH,PVH,Overflow,60.16344451904297,1.3435938698904855,High,65.41233825683594,2010-04-22,178.0,178.0,127.0,False,False,-3.906607387410006,default,stage,0.25,False,True,True
2023-03-08,PVH,PVH,Overflow,78.411376953125,2.1727676391601562,High,70.486572265625,2022-08-16,140.0,140.0,108.0,False,False,3.6473318843073295,default,stage,0.25,False,True,True
2018-03-01,RL,RL,Overflow,89.74247741699219,2.568462371826172,Low,72.21453857421875,2017-11-07,77.0,204.0,77.0,False,False,6.824292633226745,default,stage,0.25,False,True,True
2010-01-29,RRX,RRX,Overflow,37.24613571166992,0.9951378958565849,High,38.461666107177734,2009-08-04,123.0,123.0,81.0,False,False,-1.2214693064839224,default,stage,0.25,False,True,True
2012-07-24,SAIA,SAIA,Overflow,12.180000305175781,0.3614286014011928,High,9.84000015258789,2011-10-27,185.0,185.0,203.0,False,False,6.474308185672458,above_high_gt5,skip,0.25,True,False,True
2026-07-17,SANM,SANM,Overflow,197.24000549316406,13.238568987165179,High,182.5399932861328,2026-01-26,119.0,119.0,81.0,False,False,1.1103928393833913,default,stage,0.25,False,True,True
2021-08-19,SBH,SBH,Overflow,17.510000228881836,0.7200001307896206,High,25.290000915527344,2021-05-07,72.0,72.0,201.0,False,False,-10.805554546376568,default,stage,0.25,False,True,True
2024-06-27,SMTC,SMTC,Overflow,28.690000534057617,2.10428592136928,High,22.8799991607666,2023-12-14,133.0,133.0,163.0,False,False,2.761032288573403,above_high_2_3,stage,0.5,True,True,True
2012-04-23,SNX,SNX,Overflow,15.987218856811523,0.3426783425467355,Low,10.220542907714844,2011-08-19,169.0,287.0,169.0,True,False,16.828247464486914,default,stage,0.25,False,True,True
2021-11-26,SPSC,SPSC,Overflow,140.60000610351562,4.379285539899554,High,115.94999694824219,2021-01-07,224.0,224.0,123.0,False,False,5.628774130092195,above_high_gt5,skip,0.25,True,False,True
2018-03-01,ST,ST,Overflow,48.602874755859375,1.0124195643833704,High,42.180049896240234,2017-03-16,241.0,241.0,198.0,False,False,6.344034712062346,above_high_gt5,skip,0.25,True,False,True
2018-03-02,ST,ST,Overflow,48.90646743774414,0.9487195696149554,High,42.180049896240234,2017-03-16,242.0,242.0,199.0,False,False,7.089995565532469,above_high_gt5,skip,0.25,True,False,True
2013-02-25,STX,STX,Overflow,17.39219856262207,0.5784508841378349,High,19.63821029663086,2012-08-17,128.0,128.0,57.0,False,False,-3.8828045657781436,default,stage,0.25,False,True,True
2005-08-01,STZ,STZ,Overflow,23.01519775390625,0.5268581935337612,Low,21.790082931518555,2005-05-26,45.0,77.0,45.0,False,False,2.325321761004728,default,stage,0.25,False,True,True
2005-08-05,STZ,STZ,Overflow,22.761728286743164,0.4646970203944615,Low,21.790082931518555,2005-05-26,49.0,81.0,49.0,False,False,2.090922283942817,default,stage,0.25,False,True,True
2005-08-11,STZ,STZ,Overflow,22.38152313232422,0.4942685535975865,Low,21.790082931518555,2005-05-26,53.0,85.0,53.0,False,False,1.1965968631846056,default,stage,0.25,False,True,True
2024-04-08,SUN,SUN,Overflow,49.780723571777344,0.8121117183140346,High,37.69594955444336,2023-05-01,235.0,235.0,216.0,False,False,14.880679277011659,above_high_gt5,skip,0.25,True,False,True
2024-04-09,SUN,SUN,Overflow,48.951324462890625,0.8269222804478237,High,37.69594955444336,2023-05-01,236.0,236.0,217.0,False,False,13.611164162068368,above_high_gt5,skip,0.25,True,False,True
2023-10-03,TDS,TDS,Overflow,16.371545791625977,0.6831838062831334,High,12.833839416503906,2023-02-02,167.0,167.0,85.0,False,False,5.178264388860428,above_high_gt5,skip,0.25,True,False,True
2023-10-04,TDS,TDS,Overflow,16.081270217895508,0.6697068214416504,High,12.833839416503906,2023-02-02,168.0,168.0,86.0,False,False,4.849033483638394,above_high_4_5,stage,0.75,True,True,True
2023-10-05,TDS,TDS,Overflow,16.100618362426758,0.6614133971078056,High,12.833839416503906,2023-02-02,169.0,169.0,87.0,False,False,4.939087959523732,above_high_4_5,stage,0.75,True,True,True
2025-01-10,TFC,TFC,Overflow,39.936466217041016,0.8728523254394531,Low,31.062519073486328,2024-02-26,220.0,372.0,220.0,True,False,10.166607666522443,default,stage,0.25,False,True,True
2025-01-13,TFC,TFC,Overflow,40.253875732421875,0.8108389718191964,Low,31.062519073486328,2024-02-26,221.0,373.0,221.0,True,False,11.335612838531725,default,stage,0.25,False,True,True
2021-07-14,TRP,TRP,Overflow,38.83115768432617,0.5301260266985212,High,34.86974334716797,2020-12-04,151.0,151.0,170.0,False,False,7.472589794975358,above_high_gt5,skip,0.25,True,False,True
2026-07-02,TS,TS,Overflow,54.130001068115234,1.5414289746965681,High,38.09903335571289,2025-07-08,248.0,248.0,181.0,False,False,10.400069011001987,above_high_gt5,skip,0.25,True,False,True
2023-05-17,TTE,TTE,Overflow,51.08827209472656,1.1559189387730189,High,44.70430374145508,2022-08-23,184.0,184.0,161.0,False,False,5.522851247724964,above_high_gt5,skip,0.25,True,False,True
2012-04-19,UBSI,UBSI,Overflow,15.376697540283203,0.3803503172738211,High,13.720773696899414,2011-07-01,201.0,201.0,167.0,False,False,4.353680720585962,above_high_4_5,stage,0.75,True,True,True
2012-05-01,UBSI,UBSI,Overflow,14.978044509887695,0.3917405264718192,High,13.720773696899414,2011-07-01,209.0,209.0,175.0,False,False,3.209447907551955,default,stage,0.25,False,True,True
2012-05-07,UBSI,UBSI,Overflow,14.47118091583252,0.4006896700177874,High,13.720773696899414,2011-07-01,213.0,213.0,179.0,False,False,1.8727890312215771,default,stage,0.25,False,True,True
2025-11-13,UEC,UEC,Overflow,11.59000015258789,1.0157143047877721,High,8.600000381469727,2024-11-19,246.0,246.0,152.0,False,False,2.9437409289444907,above_high_2_3,stage,0.5,True,True,True
2025-11-14,UEC,UEC,Overflow,11.59000015258789,1.036428587777274,High,8.600000381469727,2024-11-19,247.0,247.0,153.0,False,False,2.8849066943729533,above_high_2_3,stage,0.5,True,True,True
2013-08-30,UGI,UGI,Overflow,16.96344566345215,0.2908643995012556,Low,16.028722763061523,2013-06-21,49.0,439.0,49.0,True,False,3.2136036654653917,default,stage,0.25,False,True,True
2021-09-15,UGI,UGI,Overflow,35.253196716308594,0.627641132899693,High,38.05257797241211,2021-06-08,69.0,69.0,246.0,False,False,-4.460162199966746,default,stage,0.25,False,True,True
2024-12-12,UHS,UHS,Overflow,185.2383575439453,4.8342405046735495,Low,152.2191162109375,2024-04-18,165.0,56.0,165.0,False,False,6.830285191869568,default,stage,0.25,False,True,True
2024-12-13,UHS,UHS,Overflow,186.19216918945312,4.678403581891741,Low,152.2191162109375,2024-04-18,166.0,57.0,166.0,False,False,7.261676420993679,default,stage,0.25,False,True,True
2024-12-17,UHS,UHS,Overflow,181.42311096191406,4.2904510498046875,Low,152.2191162109375,2024-04-18,168.0,59.0,168.0,False,False,6.806742324284531,default,stage,0.25,False,True,True
2021-11-30,UNM,UNM,Overflow,20.2045841217041,0.6822342191423688,Low,20.256874084472656,2021-09-21,49.0,122.0,49.0,False,False,-0.07664517742057557,default,stage,0.25,False,True,True
2025-11-20,UUUU,UUUU,Overflow,13.210000038146973,1.6321427481515067,High,7.289999961853027,2024-11-18,252.0,252.0,157.0,False,False,3.6271337681698967,default,stage,0.25,False,True,True
2025-11-21,UUUU,UUUU,Overflow,12.779999732971191,1.4907141413007463,Low,3.440000057220459,2025-04-08,158.0,253.0,158.0,True,False,6.2654531925221875,default,stage,0.25,False,True,True
2019-03-27,VICR,VICR,Overflow,30.139999389648438,1.211428233555385,Low,32.099998474121094,2018-11-19,86.0,43.0,86.0,False,False,-1.6179242238067317,default,stage,0.25,False,True,True
2014-03-27,VOD,VOD,Overflow,16.82996940612793,0.3317967823573521,High,13.851287841796875,2013-04-26,231.0,231.0,192.0,False,False,8.977427518037086,above_high_gt5,skip,0.25,True,False,True
2021-12-01,WAFD,WAFD,Overflow,27.859590530395508,0.8534652165004185,High,28.974815368652344,2021-05-21,134.0,134.0,102.0,False,False,-1.306702155747772,default,stage,0.25,False,True,True
2021-06-04,WBD,WBD,Overflow,31.549999237060547,1.5314280646187919,Low,19.270000457763672,2020-10-28,150.0,53.0,150.0,False,False,8.018658573005617,default,stage,0.25,False,True,True
2021-06-08,WBD,WBD,Overflow,30.040000915527344,1.0914278030395508,Low,19.270000457763672,2020-10-28,152.0,55.0,152.0,False,False,9.867808413685236,default,stage,0.25,False,True,True
2021-06-09,WBD,WBD,Overflow,30.559999465942383,1.086427961077009,Low,19.270000457763672,2020-10-28,153.0,56.0,153.0,False,False,10.39185239395587,default,stage,0.25,False,True,True
2021-06-17,WBD,WBD,Overflow,29.40999984741211,0.9642857142857143,Low,19.270000457763672,2020-10-28,159.0,62.0,159.0,False,False,10.51555492259838,default,stage,0.25,False,True,True
2021-06-18,WBD,WBD,Overflow,29.079999923706055,0.9600001743861607,Low,19.270000457763672,2020-10-28,160.0,63.0,160.0,False,False,10.218747587431483,default,stage,0.25,False,True,True
2025-09-02,WBD,WBD,Overflow,11.619999885559082,0.3935713768005371,High,11.460000038146973,2025-02-28,127.0,127.0,100.0,False,False,0.40653324109287975,default,stage,0.25,False,True,True
2011-03-15,WBS,WBS,Overflow,13.89901065826416,0.4519550459725516,High,14.320362091064453,2010-05-12,212.0,212.0,72.0,False,False,-0.9322861566764823,default,stage,0.25,False,True,True
2011-03-17,WBS,WBS,Overflow,13.634269714355469,0.4420272282191685,High,14.320362091064453,2010-05-12,214.0,214.0,74.0,False,False,-1.5521495801810699,default,stage,0.25,False,True,True
2017-08-11,WBS,WBS,Overflow,36.38707733154297,0.8706607818603516,Low,35.314334869384766,2017-04-13,83.0,43.0,83.0,False,False,1.2321015078525315,default,stage,0.25,False,True,True
2017-08-16,WBS,WBS,Overflow,36.622413635253906,0.8084820338657924,Low,35.314334869384766,2017-04-13,86.0,46.0,86.0,False,False,1.6179441361417821,default,stage,0.25,False,True,True
2017-08-17,WBS,WBS,Overflow,35.32423782348633,0.8532074519566127,Low,35.314334869384766,2017-04-13,87.0,47.0,87.0,False,False,0.01160673653148787,default,stage,0.25,False,True,True
2017-08-18,WBS,WBS,Overflow,35.301456451416016,0.8713833945138114,Low,35.314334869384766,2017-04-13,88.0,48.0,88.0,False,False,-0.014779278615856017,default,stage,0.25,False,True,True
2017-09-05,WBS,WBS,Overflow,34.6409912109375,0.7130772726876395,Low,35.314334869384766,2017-04-13,99.0,59.0,99.0,False,False,-0.9442786697006692,default,stage,0.25,False,True,True
2017-09-06,WBS,WBS,Overflow,34.656166076660156,0.7114500318254743,Low,35.314334869384766,2017-04-13,100.0,60.0,100.0,False,False,-0.925108951131602,default,stage,0.25,False,True,True
2017-09-07,WBS,WBS,Overflow,33.78311538696289,0.7054852076939174,Low,35.314334869384766,2017-04-13,101.0,61.0,101.0,False,False,-2.1704487432516255,default,stage,0.25,False,True,True
2025-01-10,WBS,WBS,Overflow,51.556373596191406,1.4112627846854073,High,47.31542205810547,2024-07-31,112.0,112.0,143.0,False,False,3.0050757265815045,default,stage,0.25,False,True,True
2013-06-21,WCC,WCC,Overflow,64.23335266113281,1.704251425606864,Low,64.30126953125,2013-04-15,48.0,69.0,48.0,False,False,-0.03985143805468908,default,stage,0.25,False,True,True
2012-08-31,WEC,WEC,Overflow,24.341053009033203,0.2267199925013951,High,22.080427169799805,2011-12-29,170.0,170.0,270.0,False,True,9.971003502126033,above_high_gt5,skip,0.25,True,False,True
2024-12-31,WEC,WEC,Overflow,89.41741943359375,1.3318612234933036,High,79.85874938964844,2024-05-16,157.0,157.0,125.0,False,False,7.176926450996246,above_high_gt5,skip,0.25,True,False,True
2026-08-25,WERN,WERN,Overflow,37.63999938964844,1.2650002070835658,High,37.70616149902344,2026-02-05,138.0,138.0,109.0,False,False,-0.05230205418506255,default,stage,0.25,False,True,True
2018-04-20,WGO,WGO,Overflow,30.569364547729492,1.2556374413626534,Low,20.98763084411621,2017-05-31,224.0,84.0,224.0,False,False,7.6309716387677256,default,stage,0.25,False,True,True
2026-06-05,WLK,WLK,Overflow,84.05020904541016,2.4444144112723216,Low,55.277687072753906,2025-11-20,134.0,42.0,134.0,False,False,11.770721789223991,default,stage,0.25,False,True,True
2013-08-30,WTRG,WTRG,Overflow,17.526935577392578,0.3259601593017578,Low,17.234691619873047,2013-06-21,49.0,284.0,49.0,True,False,0.8965634270935124,default,stage,0.25,False,True,True
2021-10-11,WTRG,WTRG,Overflow,40.34294891357422,0.6652807508196149,High,44.364097595214844,2021-08-05,46.0,46.0,153.0,False,False,-6.044288334942257,default,stage,0.25,False,True,True
2019-08-23,WWD,WWD,Overflow,99.1340560913086,2.9962098257882253,Low,65.96426391601562,2018-12-24,167.0,271.0,167.0,True,False,11.070583872264972,default,stage,0.25,False,True,True
2019-08-26,WWD,WWD,Overflow,99.97034454345703,2.76129150390625,Low,65.96426391601562,2018-12-24,168.0,272.0,168.0,True,False,12.315280939855441,default,stage,0.25,False,True,True
2026-08-21,WWD,WWD,Overflow,343.260009765625,11.643304007393974,Low,341.4561767578125,2026-06-01,57.0,40.0,57.0,False,False,0.15492449623122373,default,stage,0.25,False,True,True
2026-08-24,WWD,WWD,Overflow,333.1499938964844,11.159469604492188,Low,341.4561767578125,2026-06-01,58.0,41.0,58.0,False,False,-0.7443169931646674,default,stage,0.25,False,True,True
2011-08-01,WWW,WWW,Overflow,14.796126365661621,0.3829312324523926,,,,,321.0,271.0,True,True,,default,stage,0.25,False,True,True
2021-07-16,WWW,WWW,Overflow,27.426979064941406,0.8624367032732282,Low,25.166915893554688,2021-01-29,116.0,48.0,116.0,False,False,2.62055541329473,default,stage,0.25,False,True,True
2021-07-19,WWW,WWW,Overflow,26.95867347717285,0.891643932887486,Low,25.166915893554688,2021-01-29,117.0,49.0,117.0,False,False,2.0094989911676557,default,stage,0.25,False,True,True
2019-08-02,YPF,YPF,Overflow,15.880000114440918,0.49214301790509907,High,16.47364616394043,2019-02-04,125.0,125.0,104.0,False,False,-1.2062470214989125,default,stage,0.25,False,True,True
2025-02-12,YPF,YPF,Overflow,36.2599983215332,1.6249994550432478,High,24.459999084472656,2024-05-08,191.0,191.0,131.0,False,False,7.261540427252944,above_high_gt5,skip,0.25,True,False,True
2025-01-07,ZWS,ZWS,Overflow,35.79939270019531,0.8354601178850446,High,32.76668167114258,2024-03-28,195.0,195.0,126.0,False,False,3.6299889894564914,default,stage,0.25,False,True,True
