session_label,close_date,ticker,fired_olv,cache_rule,cache_distance,cache_nearest,cache_level,cache_age,yf_rule,yf_distance,yf_nearest,yf_level,yf_age,close_cache,close_yf,nondefault_cache,flip,nondefault_either
2026-09-03_scan_AM,2026-09-02,AAPL,False,above_high_gt5,5.842114080313302,High,285.6592712402344,188.0,above_high_gt5,5.878705377583083,High,285.4131164550781,188.0,324.9599914550781,324.9599914550781,True,False,True
2026-09-03_scan_AM,2026-09-02,ABT,False,default,-9.423290907656314,High,134.48593139648438,238.0,default,-9.049594271453769,High,133.53353881835938,238.0,110.47000122070312,110.47000122070312,False,False,False
2026-09-03_scan_AM,2026-09-02,ADBE,False,default,0.5913771008821814,High,274.0299987792969,65.0,default,0.5913771008821814,High,274.0299987792969,65.0,279.7900085449219,279.7900085449219,False,False,False
2026-09-03_scan_AM,2026-09-02,ADI,False,default,4.93839504894529,Low,302.2720642089844,108.0,default,5.023247744992067,Low,301.3538818359375,108.0,355.7099914550781,355.7099914550781,False,False,False
2026-09-03_scan_AM,2026-09-02,ADM,False,default,11.136428897703098,Low,54.75558853149414,203.0,default,11.262007359407818,Low,54.410255432128906,203.0,85.37999725341797,85.37999725341797,False,False,False
2026-09-03_scan_AM,2026-09-02,ADP,False,default,17.186923626620096,Low,187.36843872070312,100.0,default,17.186923626620096,Low,187.36843872070312,100.0,281.1600036621094,281.1600036621094,False,False,False
2026-09-03_scan_AM,2026-09-02,ADSK,False,default,5.43790115374258,Low,187.72000122070312,51.0,default,5.43790115374258,Low,187.72000122070312,51.0,241.72999572753906,241.72999572753906,False,False,False
2026-09-03_scan_AM,2026-09-02,AEP,False,default,0.34557836095456407,Low,122.85465240478516,65.0,default,0.34557836095456407,Low,122.85465240478516,65.0,123.56999969482422,123.56999969482422,False,False,False
2026-09-03_scan_AM,2026-09-02,AIG,False,default,3.2676881013520123,Low,72.07106018066406,63.0,default,3.2676881013520123,Low,72.07106018066406,63.0,76.12999725341797,76.12999725341797,False,False,False
2026-09-03_scan_AM,2026-09-02,ALL,False,above_high_gt5,10.025631307397934,High,211.45262145996094,232.0,above_high_gt5,10.209109814406848,High,210.57623291015625,232.0,259.3399963378906,259.3399963378906,True,False,True
2026-09-03_scan_AM,2026-09-02,AMAT,False,default,13.81327692894226,Low,155.55670166015625,251.0,default,13.821389741894366,Low,155.39051818847656,251.0,438.4599914550781,438.4599914550781,False,False,False
2026-09-03_scan_AM,2026-09-02,AMD,False,default,-6.636936490729665,High,580.9099731445312,45.0,default,-6.636936490729665,High,580.9099731445312,45.0,457.05999755859375,457.05999755859375,False,False,False
2026-09-03_scan_AM,2026-09-02,AMGN,False,above_high_gt5,6.230301117975979,High,385.25079345703125,129.0,above_high_gt5,6.472455680448569,High,383.012451171875,129.0,442.8399963378906,442.8399963378906,True,False,True
2026-09-03_scan_AM,2026-09-02,AMZN,False,default,-3.3935798461920945,High,274.989990234375,82.0,default,-3.3935798461920945,High,274.989990234375,82.0,254.97999572753906,254.97999572753906,False,False,False
2026-09-03_scan_AM,2026-09-02,AON,False,default,2.355337010597463,Low,307.56890869140625,82.0,default,2.355337010597463,Low,307.56890869140625,82.0,330.8800048828125,330.8800048828125,False,False,False
2026-09-03_scan_AM,2026-09-02,APD,False,default,-0.7822689353453904,High,314.19000244140625,43.0,default,-0.7822689353453904,High,314.19000244140625,43.0,309.45001220703125,309.45001220703125,False,False,False
2026-09-03_scan_AM,2026-09-02,AVGO,False,default,6.204431347105928,Low,292.94635009765625,108.0,default,6.204431347105928,Low,292.94635009765625,108.0,367.239990234375,367.239990234375,False,False,False
2026-09-03_scan_AM,2026-09-02,AXP,False,default,5.334353407092514,Low,299.7494812011719,63.0,default,5.334353407092514,Low,299.7494812011719,63.0,329.9800109863281,329.9800109863281,False,False,False
2026-09-03_scan_AM,2026-09-02,BA,False,default,4.824538063799673,Low,189.2100067138672,108.0,default,4.824538063799673,Low,189.2100067138672,108.0,208.8699951171875,208.8699951171875,False,False,False
2026-09-03_scan_AM,2026-09-02,BAC,False,above_high_gt5,5.4272278405710885,High,56.63391876220703,165.0,above_high_gt5,5.4272278405710885,High,56.63391876220703,165.0,62.599998474121094,62.599998474121094,True,False,True
2026-09-03_scan_AM,2026-09-02,BAX,False,above_high_gt5,5.004962209197259,High,22.247499465942383,140.0,above_high_gt5,5.017401611612192,High,22.23891830444336,140.0,25.700000762939453,25.700000762939453,True,False,True
2026-09-03_scan_AM,2026-09-02,BDX,False,default,1.1756746282888042,High,182.9239501953125,134.0,default,1.1756746282888042,High,182.9239501953125,134.0,187.52000427246094,187.52000427246094,False,False,False
2026-09-03_scan_AM,2026-09-02,BMY,False,above_high_4_5,4.016043876749525,High,61.73346710205078,129.0,above_high_4_5,4.482995063791821,High,61.04438018798828,129.0,67.66000366210938,67.66000366210938,True,False,True
2026-09-03_scan_AM,2026-09-02,BNY,False,default,16.749384696000128,Low,113.75389099121094,109.0,default,16.749384696000128,Low,113.75389099121094,109.0,162.0399932861328,162.0399932861328,False,False,False
2026-09-03_scan_AM,2026-09-02,C,False,default,-3.981308495438339,High,144.93312072753906,51.0,default,-3.981308495438339,High,144.93312072753906,51.0,134.33999633789062,134.33999633789062,False,False,False
2026-09-03_scan_AM,2026-09-02,CAG,False,default,-8.695034012895299,High,19.527589797973633,140.0,default,-8.122378834313222,High,19.307117462158203,140.0,16.18000030517578,16.18000030517578,False,False,False
2026-09-03_scan_AM,2026-09-02,CAT,False,default,-10.718133338121488,High,1062.92822265625,45.0,default,-10.718133338121488,High,1062.92822265625,45.0,792.280029296875,792.280029296875,False,False,False
2026-09-03_scan_AM,2026-09-02,CEF,False,default,1.0046668828476422,Low,43.36000061035156,110.0,default,1.0046668828476422,Low,43.36000061035156,110.0,44.59000015258789,44.59000015258789,False,False,False
2026-09-03_scan_AM,2026-09-02,CL,False,default,-2.75442361401455,High,94.58773803710938,43.0,default,-2.75442361401455,High,94.58773803710938,43.0,90.0999984741211,90.0999984741211,False,False,False
2026-09-03_scan_AM,2026-09-02,CMCSA,False,default,4.306089939958339,Low,24.229419708251953,193.0,default,4.849558479750858,Low,23.90372657775879,193.0,26.809999465942383,26.809999465942383,False,False,False
2026-09-03_scan_AM,2026-09-02,CMS,False,default,-1.5043629193669292,Low,69.65784454345703,63.0,default,-1.5043629193669292,Low,69.65784454345703,63.0,68.05999755859375,68.05999755859375,False,False,False
2026-09-03_scan_AM,2026-09-02,CNP,False,default,-2.033965974801954,Low,41.04471206665039,65.0,default,-2.033965004870734,Low,41.04471206665039,65.0,39.5099983215332,39.5099983215332,False,False,False
2026-09-03_scan_AM,2026-09-02,COP,False,default,1.5131047199095546,High,132.81297302246094,109.0,default,1.816612072762873,High,131.93299865722656,109.0,137.1999969482422,137.1999969482422,False,False,False
2026-09-03_scan_AM,2026-09-02,COST,False,default,4.667218527633263,Low,847.6104125976562,174.0,default,4.744868888150278,Low,846.2649536132812,174.0,928.47998046875,928.47998046875,False,False,False
2026-09-03_scan_AM,2026-09-02,CPB,False,default,6.821413462442417,Low,19.667661666870117,72.0,default,6.821413462442417,Low,19.667661666870117,72.0,23.780000686645508,23.780000686645508,False,False,False
2026-09-03_scan_AM,2026-09-02,CRM,False,above_high_4_5,4.244293705512511,High,209.0604248046875,65.0,above_high_4_5,4.244293705512511,High,209.0604248046875,65.0,256.92999267578125,256.92999267578125,True,False,True
2026-09-03_scan_AM,2026-09-02,CSCO,False,default,-8.922049488040129,High,129.51548767089844,62.0,default,-8.922049488040129,High,129.51548767089844,62.0,109.45999908447266,109.45999908447266,False,False,False
2026-09-03_scan_AM,2026-09-02,CSX,False,default,14.8988752124774,Low,33.34360122680664,195.0,default,14.987478971911498,Low,33.252567291259766,195.0,48.650001525878906,48.650001525878906,False,False,False
2026-09-03_scan_AM,2026-09-02,CVS,False,above_high_gt5,7.062520845608511,High,83.14026641845703,152.0,above_high_gt5,7.318937195613142,High,82.62871551513672,152.0,97.2300033569336,97.2300033569336,True,False,True
2026-09-03_scan_AM,2026-09-02,CVX,False,default,0.6737575624221552,High,209.23358154296875,109.0,default,1.1527221672245755,High,207.42337036132812,109.0,211.77999877929688,211.77999877929688,False,False,False
2026-09-03_scan_AM,2026-09-02,D,False,default,0.8707320970933476,High,65.15625762939453,138.0,default,0.8707320970933476,High,65.15625762939453,138.0,66.05000305175781,66.05000305175781,False,False,False
2026-09-03_scan_AM,2026-09-02,DE,False,default,1.6821893290399839,High,660.5579833984375,134.0,default,1.7581619901623022,High,658.8502807617188,134.0,698.3699951171875,698.3699951171875,False,False,False
2026-09-03_scan_AM,2026-09-02,DIA,False,above_high_gt5,8.094607353453245,High,499.709228515625,141.0,above_high_gt5,8.595843757301186,High,497.795166015625,141.0,530.6199951171875,530.6199951171875,True,False,True
2026-09-03_scan_AM,2026-09-02,DIS,False,default,0.06166188058535689,High,107.83373260498047,81.0,default,0.06166188058535689,High,107.83373260498047,81.0,107.9800033569336,107.9800033569336,False,False,False
2026-09-03_scan_AM,2026-09-02,DOV,False,default,7.407983766180342,Low,159.9496307373047,223.0,default,7.516132436355972,Low,159.5269775390625,223.0,188.89999389648438,188.89999389648438,False,False,False
2026-09-03_scan_AM,2026-09-02,DTE,False,default,-1.2701164359049095,Low,138.67642211914062,75.0,default,-1.2701164359049095,Low,138.67642211914062,75.0,136.0500030517578,136.0500030517578,False,False,False
2026-09-03_scan_AM,2026-09-02,DUK,False,default,0.9771543427180845,Low,118.8450927734375,65.0,default,0.9771543427180845,Low,118.8450927734375,65.0,120.55999755859375,120.55999755859375,False,False,False
2026-09-03_scan_AM,2026-09-02,ECL,False,default,-4.949978854774592,High,306.6899719238281,129.0,default,-4.949978854774592,High,306.6899719238281,129.0,279.8999938964844,279.8999938964844,False,False,False
2026-09-03_scan_AM,2026-09-02,ED,False,default,3.172697569049649,Low,102.6382064819336,63.0,default,3.1726973448436286,Low,102.6382064819336,63.0,107.66999816894531,107.66999816894531,False,False,False
2026-09-03_scan_AM,2026-09-02,EIX,False,default,-2.8186185280084426,Low,67.14295196533203,87.0,default,-2.8186185280084426,Low,67.14295196533203,87.0,55.189998626708984,55.189998626708984,False,False,False
2026-09-03_scan_AM,2026-09-02,EMR,False,default,-3.283412666145426,High,160.4226837158203,141.0,default,-3.1278342455043004,High,159.8804931640625,141.0,148.97999572753906,148.97999572753906,False,False,False
2026-09-03_scan_AM,2026-09-02,EOG,False,default,0.41303268056296544,High,147.6394805908203,108.0,default,0.41303745318990454,High,147.63946533203125,108.0,148.9600067138672,148.9600067138672,False,False,False
2026-09-03_scan_AM,2026-09-02,ETR,False,default,1.2144661008429516,Low,104.34709167480469,65.0,default,1.2144661008429516,Low,104.34709167480469,65.0,106.75,106.75,False,False,False
2026-09-03_scan_AM,2026-09-02,EXC,False,default,1.2426999617167775,Low,42.9758415222168,75.0,default,1.2426999617167775,Low,42.9758415222168,75.0,43.970001220703125,43.970001220703125,False,False,False
2026-09-03_scan_AM,2026-09-02,F,False,default,7.646549345511402,Low,11.070456504821777,108.0,default,-7.75515925849627,High,17.253143310546875,66.0,14.140000343322754,14.140000343322754,False,False,False
2026-09-03_scan_AM,2026-09-02,FCX,False,default,0.8049021731269654,High,71.54634094238281,64.0,default,0.8049021731269654,High,71.54634094238281,64.0,73.93000030517578,73.93000030517578,False,False,False
2026-09-03_scan_AM,2026-09-02,FDX,False,default,-2.5841951425243095,High,337.4830627441406,55.0,default,-2.5841951425243095,High,337.4830627441406,55.0,316.5400085449219,316.5400085449219,False,False,False
2026-09-03_scan_AM,2026-09-02,FE,False,default,3.7525113727027635,Low,43.38984680175781,75.0,default,3.7525113727027635,Low,43.38984680175781,75.0,46.290000915527344,46.290000915527344,False,False,False
2026-09-03_scan_AM,2026-09-02,GD,False,default,-0.24805167351732238,High,365.68145751953125,157.0,default,-0.0013998825601879037,High,364.0791015625,157.0,364.07000732421875,364.07000732421875,False,False,False
2026-09-03_scan_AM,2026-09-02,GE,False,default,-1.755673382614475,High,345.2370910644531,128.0,default,-1.7077226387889457,High,344.8072814941406,128.0,329.5,329.5,False,False,False
2026-09-03_scan_AM,2026-09-02,GILD,False,default,-1.156005692001741,High,153.90869140625,140.0,default,-1.156005692001741,High,153.90869140625,140.0,149.61000061035156,149.61000061035156,False,False,False
2026-09-03_scan_AM,2026-09-02,GIS,False,default,-6.937603511209428,High,48.19649887084961,140.0,default,-6.19062120500264,High,47.37641906738281,140.0,40.58000183105469,40.58000183105469,False,False,False
2026-09-03_scan_AM,2026-09-02,GLD,False,default,0.265812684371772,Low,400.6400146484375,110.0,default,0.265812684371772,Low,400.6400146484375,110.0,402.7799987792969,402.7799987792969,False,False,False
2026-09-03_scan_AM,2026-09-02,GLW,False,default,9.008223570576524,Low,77.76544952392578,195.0,default,9.028063911327292,Low,77.61929321289062,195.0,144.1300048828125,144.1300048828125,False,False,False
2026-09-03_scan_AM,2026-09-02,GOOG,False,default,9.828079890014875,Low,272.9757385253906,108.0,default,9.828079890014875,Low,272.9757385253906,108.0,333.7799987792969,333.7799987792969,False,False,False
2026-09-03_scan_AM,2026-09-02,GPC,False,default,-3.259348475265846,High,146.31109619140625,140.0,default,-3.259348475265846,High,146.31109619140625,140.0,137.14999389648438,137.14999389648438,False,False,False
2026-09-03_scan_AM,2026-09-02,GS,False,default,1.6302298475802854,High,966.4916381835938,158.0,default,1.8326936584772608,High,961.7811889648438,158.0,1004.4199829101562,1004.4199829101562,False,False,False
2026-09-03_scan_AM,2026-09-02,HAL,False,default,-4.4564395600529565,High,42.6002197265625,73.0,default,-4.456441751468709,High,42.6002197265625,73.0,37.630001068115234,37.630001068115234,False,False,False
2026-09-03_scan_AM,2026-09-02,HD,False,default,3.1226825924236152,Low,295.29510498046875,75.0,default,3.122683434091398,Low,293.1349182128906,75.0,318.510009765625,316.17999267578125,False,False,False
2026-09-03_scan_AM,2026-09-02,HIG,False,default,-2.264555878393021,High,142.2439727783203,137.0,default,-1.98508437362827,High,141.6227264404297,137.0,137.2100067138672,137.2100067138672,False,False,False
2026-09-03_scan_AM,2026-09-02,HON,False,default,-2.041198002169537,Low,215.27435302734375,58.0,default,-2.041198002169537,Low,215.27435302734375,58.0,206.07000732421875,206.07000732421875,False,False,False
2026-09-03_scan_AM,2026-09-02,HPQ,False,above_high_2_3,2.1147366194162918,High,28.98707389831543,65.0,above_high_2_3,2.1147366194162918,High,28.98707389831543,65.0,31.989999771118164,31.989999771118164,True,False,True
2026-09-03_scan_AM,2026-09-02,HRL,False,default,4.343206885434882,Low,19.506120681762695,75.0,default,4.343206885434882,Low,19.506120681762695,75.0,22.049999237060547,22.049999237060547,False,False,False
2026-09-03_scan_AM,2026-09-02,HSY,False,default,4.763582437571612,Low,158.79757690429688,208.0,default,5.080307025952197,Low,157.55873107910156,208.0,177.42999267578125,177.42999267578125,False,False,False
2026-09-03_scan_AM,2026-09-02,HUM,False,default,-0.7276878266791713,High,409.4200134277344,44.0,default,-0.7276878266791713,High,409.4200134277344,44.0,400.9700012207031,400.9700012207031,False,False,False
2026-09-03_scan_AM,2026-09-02,IBB,False,above_high_gt5,7.9998090306003835,High,176.63516235351562,95.0,above_high_gt5,7.9998090306003835,High,176.63516235351562,95.0,213.8000030517578,213.8000030517578,True,False,True
2026-09-03_scan_AM,2026-09-02,IBM,False,default,3.337724466289864,Low,213.1112518310547,77.0,default,3.337724466289864,Low,213.1112518310547,77.0,231.6999969482422,231.6999969482422,False,False,False
2026-09-03_scan_AM,2026-09-02,IHI,False,default,7.1617658923423555,Low,47.47819900512695,79.0,default,7.1617658923423555,Low,47.47819900512695,79.0,54.41999816894531,54.41999816894531,False,False,False
2026-09-03_scan_AM,2026-09-02,INTC,False,default,11.48103753130255,Low,41.189998626708984,108.0,default,11.48103753130255,Low,41.189998626708984,108.0,90.05000305175781,90.05000305175781,False,False,False
2026-09-03_scan_AM,2026-09-02,IP,False,default,6.479139667949115,Low,28.62221336364746,73.0,default,6.479139667949115,Low,28.62221336364746,73.0,36.29999923706055,36.29999923706055,False,False,False
2026-09-03_scan_AM,2026-09-02,ITA,False,default,3.020174451970104,Low,210.64212036132812,108.0,default,3.020174451970104,Low,210.64212036132812,108.0,223.3699951171875,223.3699951171875,False,False,False
2026-09-03_scan_AM,2026-09-02,ITB,False,default,3.292794303387482,Low,86.08858489990234,73.0,default,3.292794303387482,Low,86.08858489990234,73.0,92.81999969482422,92.81999969482422,False,False,False
2026-09-03_scan_AM,2026-09-02,ITW,False,default,5.081128354104104,Low,244.33038330078125,65.0,default,5.081128354104104,Low,244.33038330078125,65.0,269.0899963378906,269.0899963378906,False,False,False
2026-09-03_scan_AM,2026-09-02,IWM,False,above_high_gt5,8.319233967876349,High,268.6720275878906,154.0,above_high_gt5,8.319243987729973,High,268.6719970703125,154.0,294.010009765625,294.010009765625,True,False,True
2026-09-03_scan_AM,2026-09-02,IYR,False,above_high_4_5,4.90819916114193,High,96.8581771850586,213.0,above_high_4_5,4.90819916114193,High,96.8581771850586,213.0,101.83999633789062,101.83999633789062,True,False,True
2026-09-03_scan_AM,2026-09-02,JNJ,False,above_high_gt5,5.060103867996405,High,247.13868713378906,128.0,above_high_gt5,5.27874044503985,High,245.92579650878906,128.0,275.2099914550781,275.2099914550781,True,False,True
2026-09-03_scan_AM,2026-09-02,JPM,False,above_high_4_5,4.344946827850775,High,332.90625,165.0,above_high_4_5,4.623191320205742,High,331.41326904296875,165.0,356.2200012207031,356.2200012207031,True,False,True
2026-09-03_scan_AM,2026-09-02,KEY,False,default,-2.2388928622879383,High,22.75702476501465,143.0,default,-1.7338491741737643,High,22.541141510009766,143.0,21.799999237060547,21.799999237060547,False,False,False
2026-09-03_scan_AM,2026-09-02,KMB,False,default,-2.652989989200529,High,114.73999786376953,41.0,default,-2.652989989200529,High,114.73999786376953,41.0,109.29000091552734,109.29000091552734,False,False,False
2026-09-03_scan_AM,2026-09-02,KO,False,above_high_gt5,5.473405758730444,High,80.4833984375,129.0,above_high_gt5,5.473411142374703,High,80.48339080810547,129.0,88.23999786376953,88.23999786376953,True,False,True
2026-09-03_scan_AM,2026-09-02,KR,False,default,2.3985394668964717,Low,55.15158462524414,45.0,default,2.3985394668964717,Low,55.15158462524414,45.0,58.220001220703125,58.220001220703125,False,False,False
2026-09-03_scan_AM,2026-09-02,KRE,False,default,0.9091629648526701,High,73.20484924316406,143.0,default,1.2829893011552724,High,72.77922058105469,143.0,74.23999786376953,74.23999786376953,False,False,False
2026-09-03_scan_AM,2026-09-02,LEG,False,no_bar,,,,,no_bar,,,,,,,True,False,True
2026-09-03_scan_AM,2026-09-02,LIN,False,default,-7.977862328527651,High,546.6400146484375,43.0,default,-7.977860822833025,High,544.8457641601562,43.0,487.45001220703125,485.85003662109375,False,False,False
2026-09-03_scan_AM,2026-09-02,LLY,False,default,1.4850835902794481,High,1106.186279296875,192.0,default,1.5287012794486918,High,1104.6033935546875,192.0,1160.0799560546875,1160.0799560546875,False,False,False
2026-09-03_scan_AM,2026-09-02,LMT,False,default,3.1596213567717464,Low,488.6177978515625,49.0,default,3.1596239486064377,Low,488.6177978515625,49.0,531.5499877929688,531.5499877929688,False,False,False
2026-09-03_scan_AM,2026-09-02,LOW,False,default,-3.4583126462114677,Low,217.54408264160156,197.0,default,-3.197294252202061,Low,216.20785522460938,197.0,199.83999633789062,199.83999633789062,False,False,False
2026-09-03_scan_AM,2026-09-02,LUV,False,default,2.2222270011153284,Low,36.13221740722656,108.0,default,2.2222247121077414,Low,35.96377182006836,108.0,38.61000061035156,38.43000030517578,False,False,False
2026-09-03_scan_AM,2026-09-02,MAS,False,default,-6.849474173440747,High,82.40860748291016,43.0,default,-6.849471481037992,High,82.40860748291016,43.0,70.94000244140625,70.94000244140625,False,False,False
2026-09-03_scan_AM,2026-09-02,MCD,False,default,-6.266842533071717,Low,288.47845458984375,225.0,default,-5.803346800931557,Low,286.4424743652344,225.0,260.95001220703125,260.95001220703125,False,False,False
2026-09-03_scan_AM,2026-09-02,MDT,False,default,-4.680971453252244,High,102.34439086914062,146.0,default,-4.259518991554206,High,101.42923736572266,146.0,92.18000030517578,92.18000030517578,False,False,False
2026-09-03_scan_AM,2026-09-02,MET,False,above_high_gt5,8.415416929986048,High,81.39847564697266,179.0,above_high_gt5,8.696195683699234,High,80.89728546142578,179.0,96.41999816894531,96.41999816894531,True,False,True
2026-09-03_scan_AM,2026-09-02,META,False,default,3.6265395285867776,Low,525.233154296875,109.0,default,3.6265395285867776,Low,525.233154296875,109.0,592.8499755859375,592.8499755859375,False,False,False
2026-09-03_scan_AM,2026-09-02,MMM,False,default,-1.3241444132745241,High,172.9356231689453,139.0,default,-1.0856955244991726,High,172.181884765625,139.0,168.75,168.75,False,False,False
2026-09-03_scan_AM,2026-09-02,MO,False,default,1.3212815809213125,High,67.54126739501953,131.0,default,1.3212815809213125,High,67.54126739501953,131.0,69.55999755859375,69.55999755859375,False,False,False
2026-09-03_scan_AM,2026-09-02,MRK,False,above_high_gt5,6.095159461026689,High,122.3005142211914,102.0,above_high_gt5,6.095159461026689,High,122.3005142211914,102.0,151.63999938964844,151.63999938964844,True,False,True
2026-09-03_scan_AM,2026-09-02,MRSH,False,default,0.03251837135623629,High,187.71670532226562,145.0,default,0.03251837135623629,High,187.71670532226562,145.0,187.83999633789062,187.83999633789062,False,False,False
2026-09-03_scan_AM,2026-09-02,MS,False,above_high_gt5,5.08040695974886,High,189.16502380371094,158.0,above_high_gt5,5.31264463221988,High,188.12940979003906,158.0,211.82000732421875,211.82000732421875,True,False,True
2026-09-03_scan_AM,2026-09-02,MSFT,False,default,3.891521405047392,High,459.6546936035156,65.0,default,3.8915212225079117,High,459.6546936035156,65.0,496.82000732421875,496.82000732421875,False,False,False
2026-09-03_scan_AM,2026-09-02,MU,False,default,-5.527756315733916,High,1213.3734130859375,48.0,default,-5.527756315733916,High,1213.3734130859375,48.0,956.0800170898438,956.0800170898438,False,False,False
2026-09-03_scan_AM,2026-09-02,NEE,False,default,0.5479176711843337,Low,82.43180847167969,65.0,default,0.5479110705891815,Low,82.43181610107422,65.0,83.0999984741211,83.0999984741211,False,False,False
2026-09-03_scan_AM,2026-09-02,NEM,False,default,-1.2737350923633688,High,131.37673950195312,150.0,default,-1.2737347286278924,High,131.10382080078125,150.0,125.16000366210938,124.9000015258789,False,False,False
2026-09-03_scan_AM,2026-09-02,NKE,False,default,-16.9414762085853,Low,56.338584899902344,174.0,default,-16.387916283104726,Low,55.747215270996094,174.0,38.2400016784668,38.2400016784668,False,False,False
2026-09-03_scan_AM,2026-09-02,NOC,False,default,2.309757255864163,Low,493.7743225097656,46.0,default,2.3097592261139495,Low,493.7743225097656,46.0,523.8200073242188,523.8200073242188,False,False,False
2026-09-03_scan_AM,2026-09-02,NSC,False,above_high_4_5,4.829884371293326,High,296.3750305175781,232.0,above_high_4_5,4.997400502896578,High,295.20672607421875,232.0,330.05999755859375,330.05999755859375,True,False,True
2026-09-03_scan_AM,2026-09-02,NUE,False,default,4.474545623995536,Low,219.02000427246094,44.0,default,4.474545623995536,Low,219.02000427246094,44.0,263.9700012207031,263.9700012207031,False,False,False
2026-09-03_scan_AM,2026-09-02,NVDA,False,default,-1.5413069256862504,High,235.465576171875,76.0,default,-1.5413069256862504,High,235.465576171875,76.0,224.41000366210938,224.41000366210938,False,False,False
2026-09-03_scan_AM,2026-09-02,OIH,False,default,-1.5963731289489043,High,453.9200134277344,74.0,default,-1.5963731289489043,High,453.9200134277344,74.0,436.5799865722656,436.5799865722656,False,False,False
2026-09-03_scan_AM,2026-09-02,ORCL,False,default,1.4121422157544439,Low,137.38204956054688,101.0,default,1.4121422157544439,Low,137.38204956054688,101.0,145.75,145.75,False,False,False
2026-09-03_scan_AM,2026-09-02,OXY,False,default,-3.792790982754483,High,65.9354476928711,108.0,default,-3.792790982754483,High,65.9354476928711,108.0,60.90999984741211,60.90999984741211,False,False,False
2026-09-03_scan_AM,2026-09-02,PAYX,False,default,14.167408578187075,Low,83.61277770996094,100.0,default,14.167408578187075,Low,83.61277770996094,100.0,124.0,124.0,False,False,False
2026-09-03_scan_AM,2026-09-02,PCG,False,default,-2.377244186954505,Low,15.804031372070312,74.0,default,-2.377244186954505,Low,15.804031372070312,74.0,13.329999923706055,13.329999923706055,False,False,False
2026-09-03_scan_AM,2026-09-02,PEG,False,default,-2.2955911706507037,Low,75.78120422363281,75.0,default,-2.2955911706507037,Low,75.78120422363281,75.0,73.31999969482422,73.31999969482422,False,False,False
2026-09-03_scan_AM,2026-09-02,PEP,False,default,2.745899900566706,Low,134.38291931152344,164.0,default,2.745899900566706,Low,134.38291931152344,164.0,140.52000427246094,140.52000427246094,False,False,False
2026-09-03_scan_AM,2026-09-02,PFE,False,above_high_2_3,2.330332006258611,High,27.603490829467773,106.0,above_high_2_3,2.330332006258611,High,27.603490829467773,106.0,29.020000457763672,29.020000457763672,True,False,True
2026-09-03_scan_AM,2026-09-02,PG,False,default,-1.7596914884026118,High,151.6181640625,41.0,default,-1.7596914884026118,High,151.6181640625,41.0,147.63999938964844,147.63999938964844,False,False,False
2026-09-03_scan_AM,2026-09-02,PGR,False,default,-0.16336721217013775,High,222.12904357910156,179.0,default,-0.14186180515342464,High,222.0304412841797,179.0,221.3800048828125,221.3800048828125,False,False,False
2026-09-03_scan_AM,2026-09-02,PH,False,default,-3.1368868500403373,High,1020.712890625,132.0,default,-3.0466647885463494,High,1018.6612548828125,132.0,949.3800048828125,949.3800048828125,False,False,False
2026-09-03_scan_AM,2026-09-02,PNW,False,default,0.5104040291782374,Low,96.60163116455078,65.0,default,0.5104040291782374,Low,96.60163116455078,65.0,97.37999725341797,97.37999725341797,False,False,False
2026-09-03_scan_AM,2026-09-02,PPG,False,default,4.4104811448317305,Low,101.07138061523438,73.0,default,-5.7056809645432685,High,124.55532836914062,43.0,111.30999755859375,111.30999755859375,False,False,False
2026-09-03_scan_AM,2026-09-02,PPL,False,default,0.48734583784678615,Low,34.244808197021484,65.0,default,0.48734583784678615,Low,34.244808197021484,65.0,34.540000915527344,34.540000915527344,False,False,False
2026-09-03_scan_AM,2026-09-02,PSA,False,default,-0.20560176149064546,High,302.4806213378906,218.0,default,-0.20560721453969838,High,302.48065185546875,218.0,301.3299865722656,301.3299865722656,False,False,False
2026-09-03_scan_AM,2026-09-02,QCOM,False,default,9.054589454273675,Low,123.61344146728516,103.0,default,9.054589845348959,Low,122.9443130493164,103.0,169.9600067138672,169.04000854492188,False,False,False
2026-09-03_scan_AM,2026-09-02,QQQ,False,default,-4.5126089299834495,High,745.3408813476562,64.0,default,-4.5126089299834495,High,745.3408813476562,64.0,709.239990234375,709.239990234375,False,False,False
2026-09-03_scan_AM,2026-09-02,REGN,False,above_high_2_3,2.1162383582271094,High,810.0841674804688,164.0,above_high_2_3,2.163906508437489,High,809.1393432617188,164.0,852.030029296875,852.030029296875,True,False,True
2026-09-03_scan_AM,2026-09-02,RF,False,default,-0.7545594611565234,High,30.365161895751953,140.0,default,-0.22592127077731705,High,30.060291290283203,140.0,29.93000030517578,29.93000030517578,False,False,False
2026-09-03_scan_AM,2026-09-02,RHI,False,above_high_gt5,6.540629423794213,High,33.01224899291992,148.0,above_high_gt5,6.826176491225308,High,32.58057403564453,148.0,42.900001525878906,42.900001525878906,True,False,True
2026-09-03_scan_AM,2026-09-02,ROK,False,default,-7.519869170860232,High,493.55963134765625,45.0,default,-7.519867758223329,High,493.55963134765625,45.0,425.3599853515625,425.3599853515625,False,False,False
2026-09-03_scan_AM,2026-09-02,ROST,False,default,3.2443690480185983,Low,208.8300018310547,46.0,default,3.2443690480185983,Low,208.8300018310547,46.0,230.85000610351562,230.85000610351562,False,False,False
2026-09-03_scan_AM,2026-09-02,RTX,False,default,-2.3576398644012047,High,211.27992248535156,128.0,default,-2.20056620230377,High,210.58038330078125,128.0,200.77999877929688,200.77999877929688,False,False,False
2026-09-03_scan_AM,2026-09-02,SBUX,False,default,5.43819365199068,Low,93.60230255126953,62.0,default,5.43819365199068,Low,93.60230255126953,62.0,106.72000122070312,106.72000122070312,False,False,False
2026-09-03_scan_AM,2026-09-02,SCHW,False,default,3.7552100443684586,High,99.91148376464844,97.0,default,3.8861909836470394,High,99.62098693847656,97.0,108.23999786376953,108.23999786376953,False,False,False
2026-09-03_scan_AM,2026-09-02,SHW,False,default,5.210831928047825,Low,292.3243408203125,64.0,default,-5.182144830118504,High,369.96136474609375,139.0,331.25,331.25,False,False,False
2026-09-03_scan_AM,2026-09-02,SLB,False,default,0.22222966499026336,High,57.71055603027344,62.0,default,0.22222965865417882,High,57.71055603027344,62.0,58.130001068115234,58.130001068115234,False,False,False
2026-09-03_scan_AM,2026-09-02,SLV,False,default,-0.8877286861479419,Low,60.77000045776367,110.0,default,-0.8877286861479419,Low,60.77000045776367,110.0,59.06999969482422,59.06999969482422,False,False,False
2026-09-03_scan_AM,2026-09-02,SMH,False,default,-8.026423822392202,High,668.9099731445312,51.0,default,-8.026423822392202,High,668.9099731445312,51.0,550.47998046875,550.47998046875,False,False,False
2026-09-03_scan_AM,2026-09-02,SNA,True,default,-1.0978650378783603,High,386.9490661621094,128.0,default,4.9361484751357505,Low,351.998779296875,108.0,380.5899963378906,380.5899963378906,False,False,False
2026-09-03_scan_AM,2026-09-02,SO,False,default,0.006863279568790605,Low,88.30087280273438,65.0,default,0.006863280750926985,Low,88.30087280273438,65.0,88.30999755859375,88.30999755859375,False,False,False
2026-09-03_scan_AM,2026-09-02,SPG,False,above_high_gt5,9.273805986479978,High,181.2855987548828,232.0,above_high_gt5,9.273801092480511,High,181.28561401367188,232.0,210.1999969482422,210.1999969482422,True,False,True
2026-09-03_scan_AM,2026-09-02,SPY,False,default,1.4738210639583078,High,757.6182250976562,64.0,default,1.4738210639583078,High,757.6182250976562,64.0,765.1599731445312,765.1599731445312,False,False,False
2026-09-03_scan_AM,2026-09-02,SRE,False,default,-1.1684834333896392,Low,86.51173400878906,65.0,default,-1.1684834333896392,Low,86.51173400878906,65.0,83.79000091552734,83.79000091552734,False,False,False
2026-09-03_scan_AM,2026-09-02,STT,False,above_high_gt5,13.115609356883606,High,135.3854217529297,158.0,above_high_gt5,13.276522499671103,High,134.71487426757812,158.0,190.0399932861328,190.0399932861328,True,False,True
2026-09-03_scan_AM,2026-09-02,SWK,False,above_high_2_3,2.6427059978397294,High,89.98876190185547,134.0,above_high_2_3,2.6427059978397294,High,89.98876190185547,134.0,96.88999938964844,96.88999938964844,True,False,True
2026-09-03_scan_AM,2026-09-02,SYK,False,default,3.190520791601585,Low,281.82763671875,79.0,default,3.190520791601585,Low,281.82763671875,79.0,312.19000244140625,312.19000244140625,False,False,False
2026-09-03_scan_AM,2026-09-02,SYY,False,default,-6.611636361231747,High,90.47791290283203,129.0,default,-6.159822250730289,High,89.88216400146484,129.0,81.76000213623047,81.76000213623047,False,False,False
2026-09-03_scan_AM,2026-09-02,T,False,default,-5.990231264557362,High,28.679834365844727,126.0,default,-5.4158430138264855,High,28.41807746887207,109.0,25.950000762939453,25.950000762939453,False,False,False
2026-09-03_scan_AM,2026-09-02,TAP,False,default,2.1907034516688264,Low,37.98721694946289,62.0,default,2.190704275537601,Low,37.98721694946289,62.0,40.540000915527344,40.540000915527344,False,False,False
2026-09-03_scan_AM,2026-09-02,TGT,False,default,15.17761440784447,Low,82.06218719482422,195.0,default,15.294310867028381,Low,81.4371109008789,195.0,163.36000061035156,163.36000061035156,False,False,False
2026-09-03_scan_AM,2026-09-02,TJX,False,default,-4.818509549183314,Low,146.08905029296875,77.0,default,-4.818509549183314,Low,146.08905029296875,77.0,131.30999755859375,131.30999755859375,False,False,False
2026-09-03_scan_AM,2026-09-02,TMO,False,above_high_4_5,4.74528698766521,High,531.1375732421875,97.0,above_high_4_5,4.74528698766521,High,531.1375732421875,97.0,608.5399780273438,608.5399780273438,True,False,True
2026-09-03_scan_AM,2026-09-02,TRV,False,above_high_gt5,9.477930148746413,High,309.60357666015625,126.0,above_high_gt5,9.477930148746413,High,309.60357666015625,126.0,366.17999267578125,366.17999267578125,True,False,True
2026-09-03_scan_AM,2026-09-02,TSN,False,default,0.6873976639157107,Low,54.94703674316406,52.0,default,0.687397476616932,Low,54.94703674316406,52.0,55.810001373291016,55.810001373291016,False,False,False
2026-09-03_scan_AM,2026-09-02,TXN,False,default,8.67692814342421,Low,185.47756958007812,108.0,default,8.795187688628918,Low,184.5327606201172,108.0,254.8000030517578,254.8000030517578,False,False,False
2026-09-03_scan_AM,2026-09-02,UNG,False,default,2.2888279611888644,Low,10.149999618530273,87.0,default,2.2888279611888644,Low,10.149999618530273,87.0,10.75,10.75,False,False,False
2026-09-03_scan_AM,2026-09-02,UNH,False,above_high_gt5,6.32382053232984,High,351.50408935546875,153.0,above_high_gt5,6.32382053232984,High,351.50408935546875,153.0,399.6600036621094,399.6600036621094,True,False,True
2026-09-03_scan_AM,2026-09-02,UNP,False,above_high_gt5,8.708706016812178,High,233.5886688232422,228.0,above_high_gt5,8.876086050659225,High,232.50967407226562,228.0,289.7300109863281,289.7300109863281,True,False,True
2026-09-03_scan_AM,2026-09-02,USB,False,above_high_2_3,2.365683686304073,High,60.069740295410156,143.0,above_high_2_3,2.812253241357315,High,59.56001281738281,143.0,62.77000045776367,62.77000045776367,True,False,True
2026-09-03_scan_AM,2026-09-02,USO,False,default,-3.096837124546438,High,152.9600067138672,73.0,default,-3.096837124546438,High,152.9600067138672,73.0,141.14999389648438,141.14999389648438,False,False,False
2026-09-03_scan_AM,2026-09-02,UVXY,False,default,-25.465909836799238,Low,34.25,162.0,default,-25.465909836799238,Low,34.25,162.0,17.969999313354492,17.969999313354492,False,False,False
2026-09-03_scan_AM,2026-09-02,V,False,default,3.5821104959306407,High,356.08599853515625,165.0,default,3.688111199993841,High,355.4256896972656,165.0,378.3999938964844,378.3999938964844,False,False,False
2026-09-03_scan_AM,2026-09-02,VFC,False,default,-5.7251352853801425,Low,15.636825561523438,120.0,default,-5.7251352853801425,Low,15.636825561523438,120.0,13.220000267028809,13.220000267028809,False,False,False
2026-09-03_scan_AM,2026-09-02,VLO,False,default,,,,,default,,,,,366.0899963378906,366.0899963378906,False,False,False
2026-09-03_scan_AM,2026-09-02,VMC,False,default,0.7812810847599602,Low,258.4649353027344,73.0,default,0.7812767219866324,Low,258.4649658203125,73.0,263.92999267578125,263.92999267578125,False,False,False
2026-09-03_scan_AM,2026-09-02,VNQ,False,default,1.3632847927973852,High,94.48001098632812,137.0,above_high_gt5,5.97082767319176,High,90.08639526367188,213.0,95.77999877929688,95.77999877929688,False,False,True
2026-09-03_scan_AM,2026-09-02,VZ,False,default,-0.5330630860726352,High,50.618656158447266,119.0,default,0.6014296191823575,High,49.77021789550781,119.0,50.220001220703125,50.220001220703125,False,False,False
2026-09-03_scan_AM,2026-09-02,WFC,False,default,-3.507650224105699,High,95.37330627441406,165.0,default,-3.1947616486888304,High,94.8288803100586,165.0,89.2699966430664,89.2699966430664,False,False,False
2026-09-03_scan_AM,2026-09-02,WHR,False,default,-14.14718227206374,Low,63.81904220581055,203.0,default,-14.14718227206374,Low,63.81904220581055,203.0,38.91999816894531,38.91999816894531,False,False,False
2026-09-03_scan_AM,2026-09-02,WM,False,default,2.485239097970747,Low,210.54757690429688,66.0,default,2.485239097970747,Low,210.54757690429688,66.0,219.0399932861328,219.0399932861328,False,False,False
2026-09-03_scan_AM,2026-09-02,WMB,False,default,-1.59986033036873,High,78.8179702758789,73.0,default,-1.59986033036873,High,78.8179702758789,73.0,75.16000366210938,75.16000366210938,False,False,False
2026-09-03_scan_AM,2026-09-02,WMT,False,default,2.3026319020443067,Low,100.00882720947266,196.0,default,2.3930740844104004,Low,99.76997375488281,196.0,106.08999633789062,106.08999633789062,False,False,False
2026-09-03_scan_AM,2026-09-02,XBI,False,above_high_gt5,5.855733070077952,High,138.5340118408203,95.0,above_high_gt5,5.855733070077952,High,138.5340118408203,95.0,165.3699951171875,165.3699951171875,True,False,True
2026-09-03_scan_AM,2026-09-02,XHB,False,default,3.1068345675173417,Low,94.72331237792969,73.0,default,3.1068345675173417,Low,94.72331237792969,73.0,101.16999816894531,101.16999816894531,False,False,False
2026-09-03_scan_AM,2026-09-02,XLB,False,default,-0.5402649392439214,High,53.382598876953125,140.0,default,-0.2919116215822579,High,53.183738708496094,140.0,52.95000076293945,52.95000076293945,False,False,False
2026-09-03_scan_AM,2026-09-02,XLE,False,above_high_2_3,2.6849225381114845,High,62.112064361572266,109.0,above_high_2_3,2.6849225381114845,High,62.112064361572266,109.0,65.0999984741211,65.0999984741211,True,False,True
2026-09-03_scan_AM,2026-09-02,XLF,False,above_high_2_3,2.4803244150616788,High,56.111568450927734,165.0,above_high_2_3,2.794074039156943,High,55.91569900512695,165.0,57.65999984741211,57.65999984741211,True,False,True
2026-09-03_scan_AM,2026-09-02,XLI,False,default,-2.2673388981636062,High,177.96087646484375,128.0,default,-2.2673388981636062,High,177.96087646484375,128.0,172.77999877929688,172.77999877929688,False,False,False
2026-09-03_scan_AM,2026-09-02,XLK,False,default,-4.47686774995553,High,197.9739532470703,64.0,default,-4.47686774995553,High,197.9739532470703,64.0,183.60000610351562,183.60000610351562,False,False,False
2026-09-03_scan_AM,2026-09-02,XLP,False,default,-3.2492281539315035,High,89.00899505615234,138.0,default,-3.137557067748388,High,88.8894271850586,129.0,85.52999877929688,85.52999877929688,False,False,False
2026-09-03_scan_AM,2026-09-02,XLU,False,default,-0.2487460424128638,Low,42.82653045654297,65.0,default,-0.2487460424128638,Low,42.82653045654297,65.0,42.66999816894531,42.66999816894531,False,False,False
2026-09-03_scan_AM,2026-09-02,XLV,False,above_high_gt5,5.21815144970541,High,159.00633239746094,164.0,above_high_gt5,5.279063345712474,High,158.84356689453125,129.0,172.9499969482422,172.9499969482422,True,False,True
2026-09-03_scan_AM,2026-09-02,XLY,False,default,-4.6715350849588635,High,121.81725311279297,67.0,default,-4.6715350849588635,High,121.81725311279297,67.0,114.86000061035156,114.86000061035156,False,False,False
2026-09-03_scan_AM,2026-09-02,XME,False,default,-3.401183267431085,High,132.73919677734375,64.0,default,-3.401183267431085,High,132.73919677734375,64.0,119.45999908447266,119.45999908447266,False,False,False
2026-09-03_scan_AM,2026-09-02,XOM,False,default,-1.8734376138705038,High,170.31399536132812,108.0,default,-1.5404183549517971,High,169.21829223632812,108.0,164.14999389648438,164.14999389648438,False,False,False
2026-09-03_scan_AM,2026-09-02,XOP,False,default,1.4786851101958147,High,187.2621612548828,109.0,default,1.4786851101958147,High,187.2621612548828,109.0,193.16000366210938,193.16000366210938,False,False,False
2026-09-03_scan_AM,2026-09-02,XRT,False,default,-3.104245145556765,High,90.6350326538086,158.0,default,-2.9618780943460217,High,90.43988800048828,158.0,86.37999725341797,86.37999725341797,False,False,False
2026-09-03_scan_AM,2026-09-02,^GSPC,False,default,1.0968726224861474,High,7609.77978515625,64.0,default,1.0968726224861474,High,7609.77978515625,64.0,7666.60009765625,7666.60009765625,False,False,False
2026-09-03_scan_AM,2026-09-02,^NDX,False,default,-4.63130972892087,High,30660.599609375,64.0,default,-4.63130972892087,High,30660.599609375,64.0,29143.330078125,29143.330078125,False,False,False
2026-09-03_scan_PM_and_2026-09-04_scan_AM,2026-09-03,AAPL,False,above_high_gt5,6.097965546272303,High,285.6592712402344,189.0,above_high_gt5,6.133242114832222,High,285.4131164550781,189.0,328.2099914550781,328.2099914550781,True,False,True
2026-09-03_scan_PM_and_2026-09-04_scan_AM,2026-09-03,ABT,False,default,-9.356126275319372,High,134.48593139648438,239.0,default,-9.007008291362736,High,133.53353881835938,239.0,108.79000091552734,108.79000091552734,False,False,False
2026-09-03_scan_PM_and_2026-09-04_scan_AM,2026-09-03,ADBE,False,default,1.1915767003364914,High,274.0299987792969,66.0,default,1.1914034878956712,High,274.0299987792969,66.0,285.75,285.75,False,False,False
2026-09-03_scan_PM_and_2026-09-04_scan_AM,2026-09-03,ADI,False,default,5.012453776118143,Low,302.2720642089844,109.0,default,5.097321559017132,Low,301.3538818359375,109.0,356.5,356.5,False,False,False
2026-09-03_scan_PM_and_2026-09-04_scan_AM,2026-09-03,ADM,False,default,10.443842831203906,Low,54.75558853149414,204.0,default,10.56425750510143,Low,54.410255432128906,204.0,84.37999725341797,84.37999725341797,False,False,False
2026-09-03_scan_PM_and_2026-09-04_scan_AM,2026-09-03,ADP,False,default,17.495270868638062,Low,187.36843872070312,101.0,default,17.49072043550059,Low,187.36843872070312,101.0,283.5299987792969,283.5299987792969,False,False,False
2026-09-03_scan_PM_and_2026-09-04_scan_AM,2026-09-03,ADSK,False,default,4.8376373008281055,Low,187.72000122070312,52.0,default,4.836965915745711,Low,187.72000122070312,52.0,237.52000427246094,237.52000427246094,False,False,False
2026-09-03_scan_PM_and_2026-09-04_scan_AM,2026-09-03,AEP,False,default,0.8778252799270632,Low,122.85465240478516,66.0,default,0.8778252799270632,Low,122.85465240478516,66.0,124.70999908447266,124.70999908447266,False,False,False
2026-09-03_scan_PM_and_2026-09-04_scan_AM,2026-09-03,AIG,False,default,-3.310806584644993,High,81.05999755859375,42.0,default,-3.310806584644993,High,81.05999755859375,42.0,76.86000061035156,76.86000061035156,False,False,False
2026-09-03_scan_PM_and_2026-09-04_scan_AM,2026-09-03,ALL,False,above_high_gt5,10.128664136272842,High,211.45262145996094,233.0,above_high_gt5,10.300496932253028,High,210.57623291015625,233.0,263.1099853515625,263.1099853515625,True,False,True
2026-09-03_scan_PM_and_2026-09-04_scan_AM,2026-09-03,AMAT,False,default,15.000893783463665,Low,155.55670166015625,252.0,default,15.00921023470225,Low,155.39051818847656,252.0,435.9100036621094,435.9100036621094,False,False,False
2026-09-03_scan_PM_and_2026-09-04_scan_AM,2026-09-03,AMD,False,default,-7.017999925196008,High,580.9099731445312,46.0,default,-7.017999925196008,High,580.9099731445312,46.0,456.1600036621094,456.1600036621094,False,False,False
2026-09-03_scan_PM_and_2026-09-04_scan_AM,2026-09-03,AMGN,False,above_high_gt5,6.347317644581326,High,385.25079345703125,130.0,above_high_gt5,6.588396515865307,High,383.012451171875,130.0,444.1199951171875,444.1199951171875,True,False,True
2026-09-03_scan_PM_and_2026-09-04_scan_AM,2026-09-03,AMZN,False,default,-2.691921229047427,High,274.989990234375,83.0,default,-2.691921229047427,High,274.989990234375,83.0,258.8999938964844,258.8999938964844,False,False,False
2026-09-03_scan_PM_and_2026-09-04_scan_AM,2026-09-03,AON,False,default,1.9005842866049034,Low,307.56890869140625,83.0,default,1.9006175158557994,Low,307.56890869140625,83.0,327.0,327.0,False,False,False
2026-09-03_scan_PM_and_2026-09-04_scan_AM,2026-09-03,APD,False,default,-1.5696377424847987,High,314.19000244140625,44.0,default,-1.5693732983116508,High,314.19000244140625,44.0,304.2200012207031,304.2200012207031,False,False,False
2026-09-03_scan_PM_and_2026-09-04_scan_AM,2026-09-03,AVGO,False,default,5.507528926633442,Low,292.94635009765625,109.0,default,5.507511421889458,Low,292.94635009765625,109.0,357.1600036621094,357.1600036621094,False,False,False
2026-09-03_scan_PM_and_2026-09-04_scan_AM,2026-09-03,AXP,False,default,5.152214046602897,Low,299.7494812011719,64.0,default,5.152214046602897,Low,299.7494812011719,64.0,329.82000732421875,329.82000732421875,False,False,False
2026-09-03_scan_PM_and_2026-09-04_scan_AM,2026-09-03,BA,False,default,5.078180465550408,Low,189.2100067138672,109.0,default,5.0774706418330915,Low,189.2100067138672,109.0,210.50999450683594,210.50999450683594,False,False,False
2026-09-03_scan_PM_and_2026-09-04_scan_AM,2026-09-03,BAC,False,above_high_gt5,5.749043025345707,High,56.63391876220703,166.0,above_high_gt5,5.749043025345707,High,56.63391876220703,166.0,63.040000915527344,63.040000915527344,True,False,True
2026-09-03_scan_PM_and_2026-09-04_scan_AM,2026-09-03,BAX,False,above_high_4_5,4.643311679879728,High,22.247499465942383,141.0,above_high_4_5,4.655303620115574,High,22.23891830444336,141.0,25.56999969482422,25.56999969482422,True,False,True
2026-09-03_scan_PM_and_2026-09-04_scan_AM,2026-09-03,BDX,False,default,1.1597205025785682,High,182.9239501953125,135.0,default,1.1597205025785682,High,182.9239501953125,135.0,187.6199951171875,187.6199951171875,False,False,False
2026-09-03_scan_PM_and_2026-09-04_scan_AM,2026-09-03,BMY,False,above_high_4_5,4.2427342568138,High,61.73346710205078,130.0,above_high_4_5,4.701554352517973,High,61.04438018798828,130.0,68.08999633789062,68.08999633789062,True,False,True
2026-09-03_scan_PM_and_2026-09-04_scan_AM,2026-09-03,BNY,False,default,17.14858666887412,Low,113.75389099121094,110.0,default,17.14858666887412,Low,113.75389099121094,110.0,164.3300018310547,164.3300018310547,False,False,False
2026-09-03_scan_PM_and_2026-09-04_scan_AM,2026-09-03,C,False,default,-2.4174801905369936,High,144.93312072753906,52.0,default,-2.4174801905369936,High,144.93312072753906,52.0,138.13999938964844,138.13999938964844,False,False,False
2026-09-03_scan_PM_and_2026-09-04_scan_AM,2026-09-03,CAG,False,default,7.78791237445124,Low,12.437968254089355,64.0,default,7.788185048729063,Low,12.437968254089355,64.0,15.619999885559082,15.619999885559082,False,False,False
2026-09-03_scan_PM_and_2026-09-04_scan_AM,2026-09-03,CAT,False,default,-10.364938119690805,High,1062.92822265625,46.0,default,-10.364645831560106,High,1062.92822265625,46.0,800.1400146484375,800.1400146484375,False,False,False
2026-09-03_scan_PM_and_2026-09-04_scan_AM,2026-09-03,CEF,False,default,1.8959132153303417,Low,43.36000061035156,111.0,default,1.8959132153303417,Low,43.36000061035156,111.0,45.779998779296875,45.779998779296875,False,False,False
2026-09-03_scan_PM_and_2026-09-04_scan_AM,2026-09-03,CL,False,default,-2.7696689844022657,High,94.58773803710938,44.0,default,-2.7678429021096047,High,94.58773803710938,44.0,90.08999633789062,90.08999633789062,False,False,False
2026-09-03_scan_PM_and_2026-09-04_scan_AM,2026-09-03,CMCSA,False,default,3.913176029263033,Low,24.229419708251953,194.0,default,4.439700497936717,Low,23.90372657775879,194.0,26.649999618530273,26.649999618530273,False,False,False
2026-09-03_scan_PM_and_2026-09-04_scan_AM,2026-09-03,CMS,False,default,-1.031738092028778,Low,69.65784454345703,64.0,default,-1.031738092028778,Low,69.65784454345703,64.0,68.58999633789062,68.58999633789062,False,False,False
2026-09-03_scan_PM_and_2026-09-04_scan_AM,2026-09-03,CNP,False,default,-1.4093160645307885,Low,41.04471206665039,66.0,default,-1.4079842270519127,Low,41.04471206665039,66.0,39.97999954223633,39.97999954223633,False,False,False
2026-09-03_scan_PM_and_2026-09-04_scan_AM,2026-09-03,COP,False,default,1.0247609943740554,High,132.81297302246094,110.0,default,1.3351303682896978,High,131.93299865722656,110.0,135.72000122070312,135.72000122070312,False,False,False
2026-09-03_scan_PM_and_2026-09-04_scan_AM,2026-09-03,COST,False,default,0.7765072633323584,Low,911.520751953125,40.0,default,0.7764917440959793,Low,911.520751953125,40.0,925.4099731445312,925.4099731445312,False,False,False
2026-09-03_scan_PM_and_2026-09-04_scan_AM,2026-09-03,CPB,False,default,3.192828371425714,Low,19.667661666870117,73.0,default,3.200808843010216,Low,19.667661666870117,73.0,22.125,22.1299991607666,False,False,False
2026-09-03_scan_PM_and_2026-09-04_scan_AM,2026-09-03,CRM,False,above_high_4_5,4.8399970808611,High,209.0604248046875,66.0,above_high_4_5,4.8399970808611,High,209.0604248046875,66.0,264.42999267578125,264.42999267578125,True,False,True
2026-09-03_scan_PM_and_2026-09-04_scan_AM,2026-09-03,CSCO,False,default,-9.781982332540219,High,129.51548767089844,63.0,default,-9.781982332540219,High,129.51548767089844,63.0,108.61000061035156,108.61000061035156,False,False,False
2026-09-03_scan_PM_and_2026-09-04_scan_AM,2026-09-03,CSX,False,default,14.947134205115482,Low,33.34360122680664,196.0,default,15.034094843233115,Low,33.252567291259766,196.0,48.9900016784668,48.9900016784668,False,False,False
2026-09-03_scan_PM_and_2026-09-04_scan_AM,2026-09-03,CVS,False,above_high_gt5,7.228648286833658,High,83.14026641845703,153.0,above_high_gt5,7.491656283543186,High,82.62871551513672,153.0,97.19999694824219,97.19999694824219,True,False,True
2026-09-03_scan_PM_and_2026-09-04_scan_AM,2026-09-03,CVX,False,default,0.5722286590214232,High,209.23358154296875,110.0,default,1.0687020003714216,High,207.42337036132812,110.0,211.32000732421875,211.32000732421875,False,False,False
2026-09-03_scan_PM_and_2026-09-04_scan_AM,2026-09-03,D,False,default,1.5591264533281188,High,65.15625762939453,139.0,default,1.5591264533281188,High,65.15625762939453,139.0,66.79000091552734,66.79000091552734,False,False,False
2026-09-03_scan_PM_and_2026-09-04_scan_AM,2026-09-03,DE,False,default,1.4533650753304674,High,660.5579833984375,135.0,default,1.5266817515398232,High,658.8502807617188,135.0,694.4099731445312,694.4099731445312,False,False,False
2026-09-03_scan_PM_and_2026-09-04_scan_AM,2026-09-03,DIA,False,above_high_gt5,8.925338089304084,High,499.709228515625,142.0,above_high_gt5,9.384318208311617,High,497.795166015625,142.0,536.9299926757812,536.9299926757812,True,False,True
2026-09-03_scan_PM_and_2026-09-04_scan_AM,2026-09-03,DIS,False,default,-0.2841882095378251,High,107.83373260498047,82.0,default,-0.28410265767286386,High,107.83373260498047,82.0,107.16000366210938,107.16000366210938,False,False,False
2026-09-03_scan_PM_and_2026-09-04_scan_AM,2026-09-03,DOV,False,default,7.876548175292422,Low,159.9496307373047,224.0,default,7.98279745066879,Low,159.5269775390625,224.0,191.07000732421875,191.07000732421875,False,False,False
2026-09-03_scan_PM_and_2026-09-04_scan_AM,2026-09-03,DTE,False,default,-0.7992113580919031,Low,138.67642211914062,76.0,default,-0.7992113580919031,Low,138.67642211914062,76.0,137.07000732421875,137.07000732421875,False,False,False
2026-09-03_scan_PM_and_2026-09-04_scan_AM,2026-09-03,DUK,False,default,1.4557889330581741,Low,118.8450927734375,66.0,default,1.4557889330581741,Low,118.8450927734375,66.0,121.4000015258789,121.4000015258789,False,False,False
2026-09-03_scan_PM_and_2026-09-04_scan_AM,2026-09-03,ECL,False,default,-4.851603766494437,High,306.6899719238281,130.0,default,-4.851603766494437,High,306.6899719238281,130.0,278.9700012207031,278.9700012207031,False,False,False
2026-09-03_scan_PM_and_2026-09-04_scan_AM,2026-09-03,ED,False,default,-2.7289636672670228,High,113.06270599365234,44.0,default,-2.7289633920432217,High,113.06270599365234,44.0,108.75,108.75,False,False,False
2026-09-03_scan_PM_and_2026-09-04_scan_AM,2026-09-03,EIX,False,default,-2.5241330062190865,Low,67.14295196533203,88.0,default,-2.5241330062190865,Low,67.14295196533203,88.0,56.29999923706055,56.29999923706055,False,False,False
2026-09-03_scan_PM_and_2026-09-04_scan_AM,2026-09-03,EMR,False,default,-2.845607231414684,High,160.4226837158203,142.0,default,-2.6948016842985085,High,159.8804931640625,142.0,150.2100067138672,150.2100067138672,False,False,False
2026-09-03_scan_PM_and_2026-09-04_scan_AM,2026-09-03,EOG,False,default,-0.516533577008865,High,147.6394805908203,109.0,default,-0.5164154984639009,High,147.63946533203125,109.0,145.9600067138672,145.9600067138672,False,False,False
2026-09-03_scan_PM_and_2026-09-04_scan_AM,2026-09-03,ETR,False,default,1.7155340860782853,Low,104.34709167480469,66.0,default,1.7158406211160162,Low,104.34709167480469,66.0,107.77999877929688,107.77999877929688,False,False,False
2026-09-03_scan_PM_and_2026-09-04_scan_AM,2026-09-03,EXC,False,default,1.9246541968783235,Low,42.9758415222168,76.0,default,1.923803150719076,Low,42.9758415222168,76.0,44.529998779296875,44.529998779296875,False,False,False
2026-09-03_scan_PM_and_2026-09-04_scan_AM,2026-09-03,F,False,default,-7.263503276427301,High,17.253143310546875,67.0,default,-7.263503276427301,High,17.253143310546875,67.0,14.40999984741211,14.40999984741211,False,False,False
2026-09-03_scan_PM_and_2026-09-04_scan_AM,2026-09-03,FCX,False,default,0.32503885470280824,High,71.54634094238281,65.0,default,0.32503885470280824,High,71.54634094238281,65.0,72.55999755859375,72.55999755859375,False,False,False
2026-09-03_scan_PM_and_2026-09-04_scan_AM,2026-09-03,FDX,False,default,-1.6132168475645061,High,337.4830627441406,56.0,default,-1.6125113270197318,High,337.4830627441406,56.0,324.30999755859375,324.30999755859375,False,False,False
2026-09-03_scan_PM_and_2026-09-04_scan_AM,2026-09-03,FE,False,default,4.709878594123395,Low,43.38984680175781,76.0,default,4.709878594123395,Low,43.38984680175781,76.0,47.040000915527344,47.040000915527344,False,False,False
2026-09-03_scan_PM_and_2026-09-04_scan_AM,2026-09-03,GD,False,default,0.027743598494714437,High,365.68145751953125,158.0,default,0.26353275073872157,High,364.0791015625,158.0,365.8699951171875,365.8699951171875,False,False,False
2026-09-03_scan_PM_and_2026-09-04_scan_AM,2026-09-03,GE,False,default,-1.3430095245494136,High,345.2370910644531,129.0,default,-1.2939124406785487,High,344.8072814941406,129.0,333.4800109863281,333.4800109863281,False,False,False
2026-09-03_scan_PM_and_2026-09-04_scan_AM,2026-09-03,GILD,False,default,-0.7154847223632118,High,153.90869140625,141.0,default,-0.7154847223632118,High,153.90869140625,141.0,151.22000122070312,151.22000122070312,False,False,False
2026-09-03_scan_PM_and_2026-09-04_scan_AM,2026-09-03,GIS,False,default,6.357297119528238,Low,31.62261390686035,64.0,default,6.35691936655159,Low,31.62261390686035,64.0,39.2599983215332,39.2599983215332,False,False,False
2026-09-03_scan_PM_and_2026-09-04_scan_AM,2026-09-03,GLD,False,default,1.126109720184089,Low,400.6400146484375,111.0,default,1.126109720184089,Low,400.6400146484375,111.0,410.2200012207031,410.2200012207031,False,False,False
2026-09-03_scan_PM_and_2026-09-04_scan_AM,2026-09-03,GLW,False,default,9.476455413163825,Low,77.76544952392578,196.0,default,9.495699708413971,Low,77.61929321289062,196.0,146.0,146.0,False,False,False
2026-09-03_scan_PM_and_2026-09-04_scan_AM,2026-09-03,GOOG,False,default,-9.53394566800019,High,398.79998779296875,78.0,default,-9.53394566800019,High,398.79998779296875,78.0,339.0799865722656,339.0799865722656,False,False,False
2026-09-03_scan_PM_and_2026-09-04_scan_AM,2026-09-03,GPC,False,default,-2.9039472184398964,High,146.31109619140625,141.0,default,-2.9039472184398964,High,146.31109619140625,141.0,137.6199951171875,137.6199951171875,False,False,False
2026-09-03_scan_PM_and_2026-09-04_scan_AM,2026-09-03,GS,False,above_high_2_3,2.8819267556111474,High,966.4916381835938,159.0,default,3.071952653383314,High,961.7811889648438,159.0,1037.9300537109375,1037.9300537109375,True,True,True
2026-09-03_scan_PM_and_2026-09-04_scan_AM,2026-09-03,HAL,False,default,-5.009796159272162,High,42.6002197265625,74.0,default,-5.0089545258055,High,42.6002197265625,74.0,37.290000915527344,37.290000915527344,False,False,False
2026-09-03_scan_PM_and_2026-09-04_scan_AM,2026-09-03,HD,False,default,3.0770965232862277,Low,295.29510498046875,76.0,default,3.392523745840614,Low,293.1349182128906,76.0,318.07000732421875,318.07000732421875,False,False,False
2026-09-03_scan_PM_and_2026-09-04_scan_AM,2026-09-03,HIG,False,default,-0.9669594834501533,High,142.2439727783203,138.0,default,-0.6988252217843693,High,141.6227264404297,138.0,140.0,140.0,False,False,False
2026-09-03_scan_PM_and_2026-09-04_scan_AM,2026-09-03,HON,False,default,-1.643991538285741,Low,215.27435302734375,59.0,default,-1.6439460687283145,Low,215.27435302734375,59.0,207.6300048828125,207.6300048828125,False,False,False
2026-09-03_scan_PM_and_2026-09-04_scan_AM,2026-09-03,HPQ,False,above_high_2_3,2.108545127295029,High,28.98707389831543,66.0,above_high_2_3,2.108545127295029,High,28.98707389831543,66.0,31.93000030517578,31.93000030517578,True,False,True
2026-09-03_scan_PM_and_2026-09-04_scan_AM,2026-09-03,HRL,False,default,3.6503362121010734,Low,19.506120681762695,76.0,default,3.6491983418416933,Low,19.506120681762695,76.0,21.68000030517578,21.68000030517578,False,False,False
2026-09-03_scan_PM_and_2026-09-04_scan_AM,2026-09-03,HSY,False,default,3.940358151093177,Low,158.79757690429688,209.0,default,4.240528485450277,Low,157.55873107910156,209.0,175.05999755859375,175.05999755859375,False,False,False
2026-09-03_scan_PM_and_2026-09-04_scan_AM,2026-09-03,HUM,False,default,-0.24083019576984213,High,409.4200134277344,45.0,default,-0.24082304631038373,High,409.4200134277344,45.0,406.5199890136719,406.5199890136719,False,False,False
2026-09-03_scan_PM_and_2026-09-04_scan_AM,2026-09-03,IBB,False,above_high_gt5,7.979876745887417,High,176.63516235351562,96.0,above_high_gt5,7.979876745887417,High,176.63516235351562,96.0,213.80999755859375,213.80999755859375,True,False,True
2026-09-03_scan_PM_and_2026-09-04_scan_AM,2026-09-03,IBM,False,default,3.826900111387305,Low,213.1112518310547,78.0,default,3.820855602600588,Low,213.1112518310547,78.0,234.7100067138672,234.7100067138672,False,False,False
2026-09-03_scan_PM_and_2026-09-04_scan_AM,2026-09-03,IHI,False,default,6.127607368970567,Low,47.47819900512695,80.0,default,6.121359214488897,Low,47.47819900512695,80.0,53.90999984741211,53.90999984741211,False,False,False
2026-09-03_scan_PM_and_2026-09-04_scan_AM,2026-09-03,INTC,False,default,-11.61148325186792,High,140.94000244140625,52.0,default,-11.612461604164059,High,140.94000244140625,52.0,91.66999816894531,91.66999816894531,False,False,False
2026-09-03_scan_PM_and_2026-09-04_scan_AM,2026-09-03,IP,False,default,6.2116304898484085,Low,28.62221336364746,74.0,default,6.2116304898484085,Low,28.62221336364746,74.0,36.439998626708984,36.439998626708984,False,False,False
2026-09-03_scan_PM_and_2026-09-04_scan_AM,2026-09-03,ITA,False,default,3.650013668848668,Low,210.64212036132812,109.0,default,3.650013668848668,Low,210.64212036132812,109.0,225.97999572753906,225.97999572753906,False,False,False
2026-09-03_scan_PM_and_2026-09-04_scan_AM,2026-09-03,ITB,False,default,3.5477968442548775,Low,86.08858489990234,74.0,default,3.5465786690679697,Low,86.08858489990234,74.0,93.62000274658203,93.62000274658203,False,False,False
2026-09-03_scan_PM_and_2026-09-04_scan_AM,2026-09-03,ITW,False,default,-5.207494059125258,High,297.7171936035156,139.0,default,-4.849479746836546,High,295.92510986328125,139.0,271.6499938964844,271.6499938964844,False,False,False
2026-09-03_scan_PM_and_2026-09-04_scan_AM,2026-09-03,IWM,False,above_high_gt5,8.643820023533024,High,268.6720275878906,155.0,above_high_gt5,8.643829971066888,High,268.6719970703125,155.0,295.19000244140625,295.19000244140625,True,False,True
2026-09-03_scan_PM_and_2026-09-04_scan_AM,2026-09-03,IYR,False,above_high_gt5,5.7526804414066826,High,96.8581771850586,214.0,above_high_gt5,5.750719484739638,High,96.8581771850586,214.0,102.87999725341797,102.87999725341797,True,False,True
2026-09-03_scan_PM_and_2026-09-04_scan_AM,2026-09-03,JNJ,False,above_high_gt5,5.444814682200722,High,247.13868713378906,129.0,above_high_gt5,5.653580269284384,High,245.92579650878906,129.0,278.42999267578125,278.42999267578125,True,False,True
2026-09-03_scan_PM_and_2026-09-04_scan_AM,2026-09-03,JPM,False,above_high_gt5,5.2801061837338645,High,332.90625,166.0,above_high_gt5,5.5505035989400575,High,331.41326904296875,166.0,362.05999755859375,362.05999755859375,True,False,True
2026-09-03_scan_PM_and_2026-09-04_scan_AM,2026-09-03,KEY,False,default,-1.4906192646584848,High,22.75702476501465,144.0,default,-0.9846349565769981,High,22.541141510009766,144.0,22.1200008392334,22.1200008392334,False,False,False
2026-09-03_scan_PM_and_2026-09-04_scan_AM,2026-09-03,KMB,False,default,-3.1378129230071834,High,114.73999786376953,42.0,default,-3.1383306004528775,High,114.73999786376953,42.0,107.94999694824219,107.94999694824219,False,False,False
2026-09-03_scan_PM_and_2026-09-04_scan_AM,2026-09-03,KO,False,above_high_gt5,5.74814569586252,High,80.4833984375,130.0,above_high_gt5,5.745317360613149,High,80.48339080810547,130.0,88.80999755859375,88.80999755859375,True,False,True
2026-09-03_scan_PM_and_2026-09-04_scan_AM,2026-09-03,KR,False,default,2.5196432269355444,Low,55.15158462524414,46.0,default,2.5183608119605383,Low,55.15158462524414,46.0,58.5099983215332,58.5099983215332,False,False,False
2026-09-03_scan_PM_and_2026-09-04_scan_AM,2026-09-03,KRE,False,default,1.4341500596786132,High,73.20484924316406,144.0,default,1.8001786758281821,High,72.77922058105469,144.0,74.87000274658203,74.87000274658203,False,False,False
2026-09-03_scan_PM_and_2026-09-04_scan_AM,2026-09-03,LEG,False,no_bar,,,,,no_bar,,,,,,,True,False,True
2026-09-03_scan_PM_and_2026-09-04_scan_AM,2026-09-03,LIN,False,default,-8.244703969098714,High,546.6400146484375,44.0,default,-8.038683317611488,High,544.8457641601562,44.0,482.19000244140625,482.19000244140625,False,False,False
2026-09-03_scan_PM_and_2026-09-04_scan_AM,2026-09-03,LLY,False,default,1.4774116217037512,High,1106.186279296875,193.0,default,1.5211939089036701,High,1104.6033935546875,193.0,1159.5999755859375,1159.5999755859375,False,False,False
2026-09-03_scan_PM_and_2026-09-04_scan_AM,2026-09-03,LMT,False,default,3.271617295187427,Low,488.6177978515625,50.0,default,3.2716195642958916,Low,488.6177978515625,50.0,532.9500122070312,532.9500122070312,False,False,False
2026-09-03_scan_PM_and_2026-09-04_scan_AM,2026-09-03,LOW,False,default,-3.007240542344047,Low,217.54408264160156,198.0,default,-2.7503794795081067,Low,216.20785522460938,198.0,201.89999389648438,201.89999389648438,False,False,False
2026-09-03_scan_PM_and_2026-09-04_scan_AM,2026-09-03,LUV,False,default,2.3539772229252183,Low,36.13221740722656,109.0,default,2.5160482359728444,Low,35.96377182006836,109.0,38.72999954223633,38.72999954223633,False,False,False
2026-09-03_scan_PM_and_2026-09-04_scan_AM,2026-09-03,MAS,False,default,-6.234522748346695,High,82.40860748291016,44.0,default,-6.2319693909841325,High,82.40860748291016,44.0,71.41999816894531,71.41999816894531,False,False,False
2026-09-03_scan_PM_and_2026-09-04_scan_AM,2026-09-03,MCD,False,default,-6.373769184349395,Low,288.47845458984375,226.0,default,-5.918236430886218,Low,286.4424743652344,226.0,259.6300048828125,259.6300048828125,False,False,False
2026-09-03_scan_PM_and_2026-09-04_scan_AM,2026-09-03,MDT,False,default,-4.098860048741144,High,102.34439086914062,147.0,default,-3.6936767117567135,High,101.42923736572266,147.0,93.0999984741211,93.0999984741211,False,False,False
2026-09-03_scan_PM_and_2026-09-04_scan_AM,2026-09-03,MET,False,above_high_gt5,9.276899069729991,High,81.39847564697266,180.0,above_high_gt5,9.534100863861532,High,80.89728546142578,180.0,99.2300033569336,99.2300033569336,True,False,True
2026-09-03_scan_PM_and_2026-09-04_scan_AM,2026-09-03,META,False,default,-3.9311178121697075,High,687.9124145507812,96.0,default,-3.930831706328312,High,687.9124145507812,96.0,610.6799926757812,610.6799926757812,False,False,False
2026-09-03_scan_PM_and_2026-09-04_scan_AM,2026-09-03,MMM,False,default,-1.4353480711378366,High,172.9356231689453,140.0,default,-1.1959072552757744,High,172.181884765625,140.0,168.30999755859375,168.30999755859375,False,False,False
2026-09-03_scan_PM_and_2026-09-04_scan_AM,2026-09-03,MO,False,default,1.30349197022182,High,67.54126739501953,132.0,default,1.3034981471477447,High,67.54126739501953,132.0,69.48999786376953,69.48999786376953,False,False,False
2026-09-03_scan_PM_and_2026-09-04_scan_AM,2026-09-03,MRK,False,above_high_gt5,6.1198012538319055,High,122.3005142211914,103.0,above_high_gt5,6.1198012538319055,High,122.3005142211914,103.0,152.33999633789062,152.33999633789062,True,False,True
2026-09-03_scan_PM_and_2026-09-04_scan_AM,2026-09-03,MRSH,False,default,0.19319083480756183,High,187.71670532226562,146.0,default,0.19313705333045603,High,187.71670532226562,146.0,188.4600067138672,188.4600067138672,False,False,False
2026-09-03_scan_PM_and_2026-09-04_scan_AM,2026-09-03,MS,False,above_high_gt5,6.027533434949068,High,189.16502380371094,159.0,above_high_gt5,6.250588813333087,High,188.12940979003906,159.0,217.14999389648438,217.14999389648438,True,False,True
2026-09-03_scan_PM_and_2026-09-04_scan_AM,2026-09-03,MSFT,False,above_high_4_5,4.8243984625146785,High,459.6546936035156,66.0,above_high_4_5,4.824068561406657,High,459.6546936035156,66.0,510.1199951171875,510.1199951171875,True,False,True
2026-09-03_scan_PM_and_2026-09-04_scan_AM,2026-09-03,MU,False,default,-5.4271865902321865,High,1213.3734130859375,49.0,default,-5.427185583931184,High,1213.3734130859375,49.0,958.1599731445312,958.1599731445312,False,False,False
2026-09-03_scan_PM_and_2026-09-04_scan_AM,2026-09-03,NEE,False,default,1.300445053809073,Low,82.43180847167969,66.0,default,1.3004382761727347,Low,82.43181610107422,66.0,84.05999755859375,84.05999755859375,False,False,False
2026-09-03_scan_PM_and_2026-09-04_scan_AM,2026-09-03,NEM,False,default,-0.19237237649570474,High,131.37673950195312,151.0,default,-0.13666251923747774,High,131.10382080078125,151.0,130.42999267578125,130.42999267578125,False,False,False
2026-09-03_scan_PM_and_2026-09-04_scan_AM,2026-09-03,NKE,False,default,-16.052004652510632,Low,56.338584899902344,175.0,default,-15.51168521005771,Low,55.747215270996094,175.0,38.77000045776367,38.77000045776367,False,False,False
2026-09-03_scan_PM_and_2026-09-04_scan_AM,2026-09-03,NOC,False,default,2.6480304729953112,Low,493.7743225097656,47.0,default,2.6325737607708075,Low,493.7743225097656,47.0,528.239990234375,528.239990234375,False,False,False
2026-09-03_scan_PM_and_2026-09-04_scan_AM,2026-09-03,NSC,False,above_high_4_5,4.488355954962238,High,296.3750305175781,233.0,above_high_4_5,4.655244106597289,High,295.20672607421875,233.0,327.8299865722656,327.8299865722656,True,False,True
2026-09-03_scan_PM_and_2026-09-04_scan_AM,2026-09-03,NUE,False,default,4.317342004936854,Low,219.02000427246094,45.0,default,4.317246625278414,Low,219.02000427246094,45.0,262.4700012207031,262.4700012207031,False,False,False
2026-09-03_scan_PM_and_2026-09-04_scan_AM,2026-09-03,NVDA,False,default,-0.9497016036782812,High,235.465576171875,77.0,default,-0.9497016036782812,High,235.465576171875,77.0,228.4499969482422,228.4499969482422,False,False,False
2026-09-03_scan_PM_and_2026-09-04_scan_AM,2026-09-03,OIH,False,default,-2.2667406636074614,High,453.9200134277344,75.0,default,-2.2667406636074614,High,453.9200134277344,75.0,429.80999755859375,429.80999755859375,False,False,False
2026-09-03_scan_PM_and_2026-09-04_scan_AM,2026-09-03,ORCL,False,default,2.6995163075107897,Low,137.38204956054688,102.0,default,2.6995163075107897,Low,137.38204956054688,102.0,154.0399932861328,154.0399932861328,False,False,False
2026-09-03_scan_PM_and_2026-09-04_scan_AM,2026-09-03,OXY,False,default,-4.112313241898452,High,65.9354476928711,109.0,default,-4.112313241898452,High,65.9354476928711,109.0,60.61000061035156,60.61000061035156,False,False,False
2026-09-03_scan_PM_and_2026-09-04_scan_AM,2026-09-03,PAYX,False,default,14.96144021140718,Low,83.61277770996094,101.0,default,14.950845697947392,Low,83.61277770996094,101.0,125.08000183105469,125.08000183105469,False,False,False
2026-09-03_scan_PM_and_2026-09-04_scan_AM,2026-09-03,PCG,False,default,-1.7314853920520592,Low,15.804031372070312,75.0,default,-1.7314853920520592,Low,15.804031372070312,75.0,13.960000038146973,13.960000038146973,False,False,False
2026-09-03_scan_PM_and_2026-09-04_scan_AM,2026-09-03,PEG,False,default,-1.841018622526493,Low,75.78120422363281,76.0,default,-1.841018622526493,Low,75.78120422363281,76.0,73.80999755859375,73.80999755859375,False,False,False
2026-09-03_scan_PM_and_2026-09-04_scan_AM,2026-09-03,PEP,False,default,2.443698133319222,Low,134.38291931152344,165.0,default,2.442563685762281,Low,134.38291931152344,165.0,140.02000427246094,140.02000427246094,False,False,False
2026-09-03_scan_PM_and_2026-09-04_scan_AM,2026-09-03,PFE,False,default,1.923817302992451,High,27.603490829467773,107.0,default,1.923817302992451,High,27.603490829467773,107.0,28.809999465942383,28.809999465942383,False,False,False
2026-09-03_scan_PM_and_2026-09-04_scan_AM,2026-09-03,PG,False,default,-2.063182229369786,High,151.6181640625,42.0,default,-2.063182229369786,High,151.6181640625,42.0,146.9199981689453,146.9199981689453,False,False,False
2026-09-03_scan_PM_and_2026-09-04_scan_AM,2026-09-03,PGR,False,default,0.37700423564198554,High,222.12904357910156,180.0,default,0.3983566294429279,High,222.0304412841797,180.0,223.8699951171875,223.8699951171875,False,False,False
2026-09-03_scan_PM_and_2026-09-04_scan_AM,2026-09-03,PH,False,default,-2.3457748086059875,High,1020.712890625,133.0,default,-2.260128544432646,High,1018.6612548828125,133.0,964.52001953125,964.52001953125,False,False,False
2026-09-03_scan_PM_and_2026-09-04_scan_AM,2026-09-03,PNW,False,default,0.9344706166406709,Low,96.60163116455078,66.0,default,0.9344706166406709,Low,96.60163116455078,66.0,98.0,98.0,False,False,False
2026-09-03_scan_PM_and_2026-09-04_scan_AM,2026-09-03,PPG,False,default,3.8742152193939106,Low,101.07138061523438,74.0,default,-5.447423305561737,High,124.55532836914062,44.0,110.75,110.75,False,False,False
2026-09-03_scan_PM_and_2026-09-04_scan_AM,2026-09-03,PPL,False,default,1.4283818507015795,Low,34.244808197021484,66.0,default,1.4283818507015795,Low,34.244808197021484,66.0,35.11000061035156,35.11000061035156,False,False,False
2026-09-03_scan_PM_and_2026-09-04_scan_AM,2026-09-03,PSA,False,default,0.5691414564676641,High,302.4806213378906,219.0,default,0.5372112442261459,High,302.48065185546875,219.0,305.7300109863281,305.7300109863281,False,False,False
2026-09-03_scan_PM_and_2026-09-04_scan_AM,2026-09-03,QCOM,False,default,8.622398302604624,Low,123.61344146728516,104.0,default,8.791971810040433,Low,122.9443130493164,104.0,168.57000732421875,168.57000732421875,False,False,False
2026-09-03_scan_PM_and_2026-09-04_scan_AM,2026-09-03,QQQ,False,default,-3.3511458079790244,High,745.3408813476562,65.0,default,-3.350855658591826,High,745.3408813476562,65.0,717.6699829101562,717.6699829101562,False,False,False
2026-09-03_scan_PM_and_2026-09-04_scan_AM,2026-09-03,REGN,False,default,1.6385691329680134,High,810.0841674804688,165.0,default,1.6849407396077127,High,809.1393432617188,165.0,843.469970703125,843.469970703125,False,False,False
2026-09-03_scan_PM_and_2026-09-04_scan_AM,2026-09-03,RF,False,default,0.12772261964854992,High,30.365161895751953,141.0,default,0.6476321827708399,High,30.060291290283203,141.0,30.440000534057617,30.440000534057617,False,False,False
2026-09-03_scan_PM_and_2026-09-04_scan_AM,2026-09-03,RHI,False,above_high_gt5,6.665600928141753,High,33.01224899291992,149.0,above_high_gt5,6.953457720417602,High,32.58057403564453,149.0,43.0,43.0,True,False,True
2026-09-03_scan_PM_and_2026-09-04_scan_AM,2026-09-03,ROK,False,default,-7.242949366623262,High,493.55963134765625,46.0,default,-7.242949366623262,High,493.55963134765625,46.0,428.2799987792969,428.2799987792969,False,False,False
2026-09-03_scan_PM_and_2026-09-04_scan_AM,2026-09-03,ROST,False,default,3.3890813420095727,Low,208.8300018310547,47.0,default,3.3890813420095727,Low,208.8300018310547,47.0,231.6699981689453,231.6699981689453,False,False,False
2026-09-03_scan_PM_and_2026-09-04_scan_AM,2026-09-03,RTX,True,default,-2.0796954930896354,High,211.27992248535156,129.0,default,-1.9205403592453638,High,210.58038330078125,129.0,202.1300048828125,202.1300048828125,False,False,False
2026-09-03_scan_PM_and_2026-09-04_scan_AM,2026-09-03,SBUX,False,default,4.919406860048541,Low,93.60230255126953,63.0,default,4.919406860048541,Low,93.60230255126953,63.0,105.81999969482422,105.81999969482422,False,False,False
2026-09-03_scan_PM_and_2026-09-04_scan_AM,2026-09-03,SCHW,False,above_high_4_5,4.6497232043379135,High,99.91148376464844,98.0,above_high_4_5,4.775720130265802,High,99.62098693847656,98.0,110.37999725341797,110.37999725341797,True,False,True
2026-09-03_scan_PM_and_2026-09-04_scan_AM,2026-09-03,SHW,False,default,-4.99007140138729,High,370.81646728515625,140.0,default,-4.879401782718474,High,369.96136474609375,140.0,332.260009765625,332.260009765625,False,False,False
2026-09-03_scan_PM_and_2026-09-04_scan_AM,2026-09-03,SLB,False,default,-0.1581689417619859,High,57.71055603027344,63.0,default,-0.1581629795024659,High,57.71055603027344,63.0,57.40999984741211,57.40999984741211,False,False,False
2026-09-03_scan_PM_and_2026-09-04_scan_AM,2026-09-03,SLV,False,default,-0.11208210647861194,Low,60.77000045776367,111.0,default,-0.11208210647861194,Low,60.77000045776367,111.0,60.54999923706055,60.54999923706055,False,False,False
2026-09-03_scan_PM_and_2026-09-04_scan_AM,2026-09-03,SMH,False,default,-7.6888223722017885,High,668.9099731445312,52.0,default,-7.6888223722017885,High,668.9099731445312,52.0,552.5999755859375,552.5999755859375,False,False,False
2026-09-03_scan_PM_and_2026-09-04_scan_AM,2026-09-03,SNA,False,default,-0.4792174872739457,High,386.9490661621094,129.0,default,5.584468433421751,Low,351.998779296875,109.0,384.19000244140625,384.19000244140625,False,False,False
2026-09-03_scan_PM_and_2026-09-04_scan_AM,2026-09-03,SO,False,default,0.34858895427282105,Low,88.30087280273438,66.0,default,0.3484206355341726,Low,88.30087280273438,66.0,88.7699966430664,88.7699966430664,False,False,False
2026-09-03_scan_PM_and_2026-09-04_scan_AM,2026-09-03,SPG,False,above_high_gt5,10.096166976513286,High,181.2855987548828,233.0,above_high_gt5,10.094956774641512,High,181.28561401367188,233.0,211.52000427246094,211.52000427246094,True,False,True
2026-09-03_scan_PM_and_2026-09-04_scan_AM,2026-09-03,SPY,False,above_high_2_3,2.8224600470621,High,757.6182250976562,65.0,above_high_2_3,2.8224600470621,High,757.6182250976562,65.0,773.1699829101562,773.1699829101562,True,False,True
2026-09-03_scan_PM_and_2026-09-04_scan_AM,2026-09-03,SRE,False,default,-0.8356676503022908,Low,86.51173400878906,66.0,default,-0.8356676503022908,Low,86.51173400878906,66.0,84.56999969482422,84.56999969482422,False,False,False
2026-09-03_scan_PM_and_2026-09-04_scan_AM,2026-09-03,STT,False,above_high_gt5,13.810053123041559,High,135.3854217529297,159.0,above_high_gt5,13.965849788312072,High,134.71487426757812,159.0,193.94000244140625,193.94000244140625,True,False,True
2026-09-03_scan_PM_and_2026-09-04_scan_AM,2026-09-03,SWK,False,above_high_2_3,2.403620989815539,High,89.98876190185547,135.0,above_high_2_3,2.403937748817917,High,89.98876190185547,135.0,96.5,96.5,True,False,True
2026-09-03_scan_PM_and_2026-09-04_scan_AM,2026-09-03,SYK,False,default,2.619228824446885,Low,281.82763671875,80.0,default,2.619228824446885,Low,281.82763671875,80.0,307.989990234375,307.989990234375,False,False,False
2026-09-03_scan_PM_and_2026-09-04_scan_AM,2026-09-03,SYY,False,default,-7.017109788863033,High,90.47791290283203,130.0,default,-6.572283761508692,High,89.88216400146484,130.0,81.08000183105469,81.08000183105469,False,False,False
2026-09-03_scan_PM_and_2026-09-04_scan_AM,2026-09-03,T,False,default,-5.429544116943643,High,28.679834365844727,127.0,default,-4.843645108791425,High,28.41807746887207,110.0,26.190000534057617,26.190000534057617,False,False,False
2026-09-03_scan_PM_and_2026-09-04_scan_AM,2026-09-03,TAP,False,default,2.2508735656366885,Low,37.98721694946289,63.0,default,2.250874141236146,Low,37.98721694946289,63.0,40.56999969482422,40.56999969482422,False,False,False
2026-09-03_scan_PM_and_2026-09-04_scan_AM,2026-09-03,TGT,False,default,15.119520671354502,Low,82.06218719482422,196.0,default,15.222811868821838,Low,81.4371109008789,196.0,164.00999450683594,164.00999450683594,False,False,False
2026-09-03_scan_PM_and_2026-09-04_scan_AM,2026-09-03,TJX,False,default,-4.5205407875300825,Low,146.08905029296875,78.0,default,-4.520015241065811,Low,146.08905029296875,78.0,132.19000244140625,132.19000244140625,False,False,False
2026-09-03_scan_PM_and_2026-09-04_scan_AM,2026-09-03,TMO,False,above_high_gt5,5.10546103777388,High,531.1375732421875,98.0,above_high_gt5,5.10546103777388,High,531.1375732421875,98.0,618.4299926757812,618.4299926757812,True,False,True
2026-09-03_scan_PM_and_2026-09-04_scan_AM,2026-09-03,TRV,False,above_high_gt5,10.0313838348525,High,309.60357666015625,127.0,above_high_gt5,10.031105993507369,High,309.60357666015625,127.0,374.3399963378906,374.3399963378906,True,False,True
2026-09-03_scan_PM_and_2026-09-04_scan_AM,2026-09-03,TSN,False,default,-2.2569188615533045,Low,54.94703674316406,53.0,default,-2.256918339419989,Low,54.94703674316406,53.0,51.7599983215332,51.7599983215332,False,False,False
2026-09-03_scan_PM_and_2026-09-04_scan_AM,2026-09-03,TXN,False,default,8.640490430704412,Low,185.47756958007812,109.0,default,8.759924553361687,Low,184.5327606201172,109.0,253.8300018310547,253.8300018310547,False,False,False
2026-09-03_scan_PM_and_2026-09-04_scan_AM,2026-09-03,UNG,False,default,1.2236817266009261,Low,10.149999618530273,88.0,default,1.2236502267855824,Low,10.149999618530273,88.0,10.489999771118164,10.489999771118164,False,False,False
2026-09-03_scan_PM_and_2026-09-04_scan_AM,2026-09-03,UNH,False,above_high_gt5,6.300460890944701,High,351.50408935546875,154.0,above_high_gt5,6.300431135189315,High,351.50408935546875,154.0,400.94000244140625,400.94000244140625,True,False,True
2026-09-03_scan_PM_and_2026-09-04_scan_AM,2026-09-03,UNP,False,above_high_gt5,8.79019268929756,High,233.5886688232422,229.0,above_high_gt5,8.961408853384386,High,232.50967407226562,229.0,289.1499938964844,289.1499938964844,True,False,True
2026-09-03_scan_PM_and_2026-09-04_scan_AM,2026-09-03,USB,False,above_high_2_3,2.9738240247587537,High,60.069740295410156,144.0,default,3.4118952923522503,High,59.56001281738281,144.0,63.529998779296875,63.529998779296875,True,True,True
2026-09-03_scan_PM_and_2026-09-04_scan_AM,2026-09-03,USO,False,default,-2.864383150900218,High,152.9600067138672,74.0,default,-2.864296773426454,High,152.9600067138672,74.0,142.08999633789062,142.08999633789062,False,False,False
2026-09-03_scan_PM_and_2026-09-04_scan_AM,2026-09-03,UVXY,False,default,-26.08252175914916,Low,34.25,163.0,default,-26.07963260771134,Low,34.25,163.0,17.40999984741211,17.40999984741211,False,False,False
2026-09-03_scan_PM_and_2026-09-04_scan_AM,2026-09-03,V,False,default,3.5844994187385457,High,356.08599853515625,166.0,default,3.6888856711915534,High,355.4256896972656,166.0,378.75,378.75,False,False,False
2026-09-03_scan_PM_and_2026-09-04_scan_AM,2026-09-03,VFC,False,default,-5.679211885492159,Low,15.636825561523438,121.0,default,-5.637991734413426,Low,15.636825561523438,121.0,13.140000343322754,13.140000343322754,False,False,False
2026-09-03_scan_PM_and_2026-09-04_scan_AM,2026-09-03,VLO,False,default,,,,,default,,,,,370.69000244140625,370.69000244140625,False,False,False
2026-09-03_scan_PM_and_2026-09-04_scan_AM,2026-09-03,VMC,False,default,0.24541735972028922,Low,258.4649353027344,74.0,default,0.24403172311740057,Low,258.4649658203125,74.0,260.2300109863281,260.2300109863281,False,False,False
2026-09-03_scan_PM_and_2026-09-04_scan_AM,2026-09-03,VNQ,False,above_high_2_3,2.227732719119845,High,94.48001098632812,138.0,above_high_gt5,6.71756500586963,High,90.08639526367188,214.0,96.66000366210938,96.66000366210938,True,True,True
2026-09-03_scan_PM_and_2026-09-04_scan_AM,2026-09-03,VZ,False,default,-0.037406459841799355,High,50.618656158447266,120.0,default,1.0706117966736675,High,49.77021789550781,120.0,50.59000015258789,50.59000015258789,False,False,False
2026-09-03_scan_PM_and_2026-09-04_scan_AM,2026-09-03,WFC,False,default,-3.470995025271328,High,95.37330627441406,166.0,default,-3.1653691492795057,High,94.8288803100586,166.0,89.19000244140625,89.19000244140625,False,False,False
2026-09-03_scan_PM_and_2026-09-04_scan_AM,2026-09-03,WHR,False,default,-14.112288645069459,Low,63.81904220581055,204.0,default,-14.094058655358829,Low,63.81904220581055,204.0,38.4900016784668,38.4900016784668,False,False,False
2026-09-03_scan_PM_and_2026-09-04_scan_AM,2026-09-03,WM,False,default,3.175917572176396,Low,210.54757690429688,67.0,default,3.175917572176396,Low,210.54757690429688,67.0,221.72000122070312,221.72000122070312,False,False,False
2026-09-03_scan_PM_and_2026-09-04_scan_AM,2026-09-03,WMB,False,default,2.0270637706366075,Low,69.52658081054688,66.0,default,2.0213184703417957,Low,69.52658081054688,66.0,74.05000305175781,74.05000305175781,False,False,False
2026-09-03_scan_PM_and_2026-09-04_scan_AM,2026-09-03,WMT,False,default,3.0587803733937484,Low,100.00882720947266,197.0,default,3.1456412513366874,Low,99.76997375488281,197.0,108.41999816894531,108.41999816894531,False,False,False
2026-09-03_scan_PM_and_2026-09-04_scan_AM,2026-09-03,XBI,False,above_high_gt5,5.685796347815203,High,138.5340118408203,96.0,above_high_gt5,5.684902184296987,High,138.5340118408203,96.0,164.3800048828125,164.3800048828125,True,False,True
2026-09-03_scan_PM_and_2026-09-04_scan_AM,2026-09-03,XHB,False,default,3.53649620869686,Low,94.72331237792969,74.0,default,3.5359282285692113,Low,94.72331237792969,74.0,102.2699966430664,102.2699966430664,False,False,False
2026-09-03_scan_PM_and_2026-09-04_scan_AM,2026-09-03,XLB,False,default,-0.888958696155543,High,53.382598876953125,141.0,default,-0.6571484564459299,High,53.183738708496094,141.0,52.619998931884766,52.619998931884766,False,False,False
2026-09-03_scan_PM_and_2026-09-04_scan_AM,2026-09-03,XLE,False,above_high_2_3,2.269995074864769,High,62.112064361572266,110.0,above_high_2_3,2.269628997636464,High,62.112064361572266,110.0,64.62000274658203,64.62000274658203,True,False,True
2026-09-03_scan_PM_and_2026-09-04_scan_AM,2026-09-03,XLF,False,default,3.6273077402825136,High,56.111568450927734,166.0,default,3.9174846735971705,High,55.91569900512695,166.0,58.560001373291016,58.560001373291016,False,False,False
2026-09-03_scan_PM_and_2026-09-04_scan_AM,2026-09-03,XLI,False,default,-1.431947041749366,High,177.96087646484375,129.0,default,-1.431947041749366,High,177.96087646484375,129.0,174.55999755859375,174.55999755859375,False,False,False
2026-09-03_scan_PM_and_2026-09-04_scan_AM,2026-09-03,XLK,False,default,-3.6009273626921896,High,197.9739532470703,65.0,default,-3.6001563796796634,High,197.9739532470703,65.0,185.97000122070312,185.97000122070312,False,False,False
2026-09-03_scan_PM_and_2026-09-04_scan_AM,2026-09-03,XLP,False,default,-3.4148287282286693,High,89.00899505615234,139.0,default,-3.3037668759375522,High,88.8894271850586,130.0,85.26000213623047,85.26000213623047,False,False,False
2026-09-03_scan_PM_and_2026-09-04_scan_AM,2026-09-03,XLU,False,default,0.32223489472687156,Low,42.82653045654297,66.0,default,0.32223489472687156,Low,42.82653045654297,66.0,43.029998779296875,43.029998779296875,False,False,False
2026-09-03_scan_PM_and_2026-09-04_scan_AM,2026-09-03,XLV,False,above_high_gt5,5.217020410849884,High,159.00633239746094,165.0,above_high_gt5,5.2752162590083,High,158.84356689453125,130.0,173.25999450683594,173.25999450683594,True,False,True
2026-09-03_scan_PM_and_2026-09-04_scan_AM,2026-09-03,XLY,False,default,-3.4145933462243967,High,121.81725311279297,68.0,default,-3.4138166695142327,High,121.81725311279297,68.0,116.45999908447266,116.45999908447266,False,False,False
2026-09-03_scan_PM_and_2026-09-04_scan_AM,2026-09-03,XME,False,default,-3.651084611007026,High,132.73919677734375,65.0,default,-3.651084611007026,High,132.73919677734375,65.0,118.37999725341797,118.37999725341797,False,False,False
2026-09-03_scan_PM_and_2026-09-04_scan_AM,2026-09-03,XOM,False,default,-2.4149827209894505,High,170.31399536132812,109.0,default,-2.088019782207379,High,169.21829223632812,109.0,162.2100067138672,162.2100067138672,False,False,False
2026-09-03_scan_PM_and_2026-09-04_scan_AM,2026-09-03,XOP,False,default,1.2772234773830697,High,187.2621612548828,110.0,default,1.276993371106792,High,187.2621612548828,110.0,192.3300018310547,192.3300018310547,False,False,False
2026-09-03_scan_PM_and_2026-09-04_scan_AM,2026-09-03,XRT,False,default,-2.7514032011955143,High,90.6350326538086,159.0,default,-2.613908298334896,High,90.43988800048828,159.0,86.7300033569336,86.7300033569336,False,False,False
2026-09-03_scan_PM_and_2026-09-04_scan_AM,2026-09-03,^GSPC,False,above_high_2_3,2.470319195452558,High,7609.77978515625,65.0,above_high_2_3,2.470319195452558,High,7609.77978515625,65.0,7747.7099609375,7747.7099609375,True,False,True
2026-09-03_scan_PM_and_2026-09-04_scan_AM,2026-09-03,^NDX,False,default,-3.4824802000283683,High,30660.599609375,65.0,default,-3.4824802000283683,High,30660.599609375,65.0,29482.3203125,29482.3203125,False,False,False
