Component,Tier_Basis,Ledger_Avg_R,Risk_Weighted_R_Full,Risk_Weighted_R_LOYO,Risk_Weighted_R_2018,SE_Cluster_Full,SE_Cluster_2018,Signals,Signals_2018,Episodes,Effective_N,Cluster_Mode,Kish_N,Worst_R,Best_R,Annual_Risk_Budget,Annual_Risk_Budget_2018,Actual_Daily_Mean,Standalone_Full_Kelly_Fraction,Standalone_Full_Kelly_Mult_HeteroQ,Shrunk_R_Full,Shrinkage_Kappa_Full,Shrunk_R_LOYO,Shrinkage_Kappa_LOYO,Shrunk_R_2018,Shrinkage_Kappa_2018,Nominal_Bps,Effective_Bps_Liquid,Effective_Bps_Overflow,Pilot_Frozen,Current_Base_over_Quarter_Standalone_Kelly,Shrunk_Daily_Mu_LOYO,Shrunk_Annual_Return_LOYO,Raw_FullKelly_Quadratic,Raw_FullKelly_Exact,Quarter_Kelly_Mult,Half_Kelly_Mult,EqualRisk_Relative_Mult,EqualRisk_Relative_Mult_Quadratic,Current_over_Quarter_Correlated,CrisisCov_EqualRisk_Mult,LiquidOnly_EqualRisk_Mult,LiquidSupportedMeans_EqualRisk_Mult,OVS_Internal_LOYO_FixedRisk_Mult,OVS_Internal_CrisisCov_FixedRisk_Mult,OVS_Internal_2018_FixedRisk_Mult,OVS_Internal_LiquidOnly_FixedRisk_Mult
3x Bear ETF Overbot Fade,Full,0.6713314128943758,0.6781372516647404,0.5932497249724973,0.6781372516647404,0.21928649123092053,0.21928649123092053,72,72,32,32.0,gap_gt_5td,59.433434907489776,-3.5029333333333335,4.050488888888889,0.007748355263157895,0.02126565983058404,2.085098548841239e-05,0.21742188983185376,80.81937919275157,0.652431565609166,0.7398171687725067,0.5660748525700379,0.7354738797774236,0.674833520187538,0.7542155812292223,25.0,37.5,,True,0.06899029353300377,1.7405353425604694e-05,0.004386149063252383,1.0,1.0,1.0,1.0,1.0,1.0,1.0,1.0,1.0,1.0,1.0,1.0,1.0,1.0
3x ETF Overbot Fade,Full,0.8609710344827587,0.6897753447257662,0.3493594215227563,0.6539015597702713,0.19034617029364537,0.20639528642960955,87,80,28,28.0,gap_gt_5td,78.32274105854387,-2.3128888888888888,6.043333333333333,0.016541578061314906,0.04068031856685445,4.527766948234784e-05,0.39463661257143606,63.06876962963298,0.6666415379117212,0.7905241729685101,0.37945705830755083,0.7867833949442979,0.6563196491962817,0.7759806503277784,40.0,60.0,,False,0.060815441941934834,2.4908010122663784e-05,0.006276818550911274,12.692183701322966,18.03813540058218,4.509533850145545,9.01906770029109,0.0,3.1191516451702645e-16,0.2217524101671229,1.7114040633081526e-16,0.0,0.0,1.0,1.0,1.0,1.0
3x Leader Gap Fade,Full,1.1553777777777776,1.1553777777777778,0.528871111111111,1.2628656084656082,0.7206884460215498,0.8298816474121435,24,21,12,10.909641223464455,gap_gt_5td,23.99999999999999,-1.8147555555555555,7.531377777777778,0.0036842105263157894,0.008847525635309854,1.689148797920728e-05,0.3595065994260908,95.8684279356716,0.6993814126589026,0.20839334472444698,0.49837052263537196,0.20471517044660653,0.7702429348007137,0.17645030029728606,25.0,37.5,,True,0.04172385158977805,7.286118751979121e-06,0.0018361019254987385,1.0,1.0,1.0,1.0,1.0,1.0,1.0,1.0,1.0,1.0,1.0,1.0,1.0,1.0
52wh Breakout,Full,0.5188771403574552,0.5188771403574555,0.40517252374020934,0.8439443223443226,0.13607485130777916,0.28121068219394196,254,65,148,148.0,gap_gt_5td,253.99999999999997,-1.9357460317460318,4.0,0.05458771929824561,0.03833927775300936,0.00011239809400043319,0.17250130823182563,32.85739253157351,0.5260883584933048,0.880730536981506,0.41555472733126586,0.8783527602476975,0.781400206383504,0.6510762287830417,35.0,52.5,,False,0.12173820717798826,9.00166063834053e-05,0.022684184808618134,7.102758449678573,5.806425845733912,1.451606461433478,2.903212922866956,1.02935544113839e-15,0.0,0.6888919459703207,1.1063825241264902e-16,0.0,3.389219650523758e-16,1.0,1.0,1.0,1.0
ATR Extended Gap Up,Full,0.7820156494522692,0.7820156494522692,0.7074256410256412,1.0581722222222223,0.2125447216757557,0.2644032562123112,71,40,57,57.0,gap_gt_5td,71.0,-3.869111111111111,3.9997777777777777,0.01743859649122807,0.026963887650468123,5.411609270088802e-05,0.20164356486470197,33.607260809571265,0.731682344067174,0.7516574710605706,0.6526447294242456,0.7474443609666105,0.9316818497765578,0.6785313596256494,40.0,60.0,,False,0.11902189894382907,4.516352416093707e-05,0.011381208088556142,16.880412443387392,20.89437854754045,5.223594636885113,10.447189273770226,5.8427896831653126,5.923995325442872,0.1914390509820094,5.019679091952188,7.332979868125968,3.1086244689504383e-15,1.0,1.0,1.0,1.0
Indices Oversold Bounce,Full,0.31681629698567815,0.3121450047698938,0.26935478753541087,0.6465169212339025,0.09239154275496185,0.10298931722228478,307,118,149,149.0,gap_gt_5td,266.0757197849683,-7.137777777777778,2.0,0.05185014619883041,0.04689188586714221,6.422525449426034e-05,0.11927444457187311,22.47136065769061,0.3278457658140932,0.9412382809351932,0.2826280667783245,0.9399845969778458,0.6477360132631441,0.9329386151253815,35.0,52.5,,False,0.17606453817813164,5.8152010247416395e-05,0.014654306582348932,11.092218620941217,9.93062138789942,2.482655346974855,4.96531069394971,1.9109536059903958e-16,6.710782080781986e-17,0.40279453256309294,0.0,1.0156302858940333e-15,0.0,1.0,1.0,1.0,1.0
LT Trend ST OS,Full,0.31568774928774923,0.2972248027264838,0.26367566588806207,0.2856448140420989,0.07074092034704384,0.09288617878673196,247,151,98,98.0,gap_gt_5td,235.0015378088292,-4.027851851851852,2.0,0.04239692982456139,0.0682744092732947,5.0005631362356506e-05,0.21632395612987373,46.63783543075407,0.307185402494788,0.9646929848161078,0.27186006591930745,0.963920526466705,0.306583816148288,0.944759385690283,30.0,45.0,,False,0.08320853742704944,4.5738222765402826e-05,0.011526032136881512,24.200523343432575,25.283402057119392,6.320850514279848,12.641701028559696,1.6492619583818337e-16,1.7657861986241739e-16,0.15820655744679207,1.0518114082923526e-16,0.0,3.0596052680411173e-16,1.0,1.0,1.0,1.0
Monday Dip,Full,0.38154605887939214,0.46649014139635014,0.36697831846445,0.5386920305519527,0.13416515728989897,0.20484248955458004,117,46,74,65.10096597460984,gap_gt_5td,105.01172805570822,-2.17362962962963,2.0,0.017430921052631575,0.01624152920196166,3.226727312107429e-05,0.31118614524586885,100.60076337970492,0.4796180374710659,0.8836680249832907,0.38163758135184744,0.881340920541874,0.5665898345795004,0.7785952510879606,30.0,45.0,,False,0.05784319216968403,2.6397994251036958e-05,0.006652294551261313,6.881208924088052,10.826221384311284,2.706555346077821,5.413110692155642,0.0,1.6611861700970148e-16,0.36947332388718396,3.2383148882930873e-16,0.0,0.0,1.0,1.0,1.0,1.0
Monthly Weak Close,Full,1.8134518518518516,1.804038986354776,1.7721421012849587,1.8336449553001275,0.1299097131399306,0.14613156107576086,15,8,12,12.0,gap_gt_5td,14.439999999999994,0.41688888888888886,2.0,0.0026249999999999997,0.003665403477485511,1.8792072774528915e-05,inf,inf,1.6694844663560557,0.890132694626078,1.6284959077853343,0.8879185069966344,1.6858634036987556,0.8735774482370076,30.0,45.0,,True,0.0,1.6963499039430565e-05,0.004274801757936503,1.0,1.0,1.0,1.0,1.0,1.0,1.0,1.0,1.0,1.0,1.0,1.0,1.0,1.0
Overbot Vol Spike P1,Full,0.4965837212266028,0.31154798656845717,0.2799186986995301,0.24566866470756885,0.0608574106968731,0.07730595483170813,651,490,134,134.0,calendar_month_conservative_vs_gap_gt_5td,423.6824304114522,-5.933111111111111,1.6035555555555556,0.08701903224318207,0.16011065291719265,0.0001075817630495993,0.1634353335594863,25.211802770440578,0.3186102805307385,0.9736275624092058,0.2855954143612426,0.9730451158430632,0.26197891717880667,0.9610758917982247,40.0,60.0,60.0,False,0.14684707080959705,9.861998639208695e-05,0.02485223657080591,21.619744524141545,19.68339212863522,4.920848032158805,9.84169606431761,0.0,0.0,0.2032170051716257,0.0,1.6238067179513488e-15,1.296169266023788e-15,1.2588681620257147,1.2588681620257145,1.250215912841834,5.551115123125783e-16
Overbot Vol Spike P2,Full,0.23185708031905025,0.18488219217937316,0.15948766367110911,0.12860116685386808,0.05350393616436284,0.06913690560189138,599,401,156,156.0,calendar_month_conservative_vs_gap_gt_5td,517.1248398503752,-5.481111111111111,1.6027200000000001,0.022526456938048948,0.0400622331753774,1.6526748971193415e-05,0.15068456736662011,111.17694370672105,0.19297133272674982,0.97949294707789,0.16642699744161615,0.9790372509823981,0.1454221412355272,0.9686231171913467,8.0,12.0,12.0,False,0.031854622433374044,1.4877026155545034e-05,0.0037490105911973486,33.79602386934445,51.83659584301028,12.95914896075257,25.91829792150514,0.0,0.0,0.07716556102785375,0.0,2.5076803227563243e-15,2.9967616957246714e-16,0.0,9.992007221626409e-16,4.440892098500626e-16,5.603261586806842
Oversold Low Volume,Full,0.7040959119851369,0.7604968736459323,0.7097308925750905,0.770048736487163,0.11432479143162078,0.13922247571869137,358,274,99,99.0,gap_gt_5td,294.335721484649,-2.9248,2.00096,0.03200219237560327,0.06666564630056096,9.657764782326187e-05,0.26166111173785966,117.16165103741903,0.744690899216019,0.9127504191904102,0.6902093249373384,0.9109464503333211,0.7578166302685995,0.8838941612227044,35.0,52.5,37.5,False,0.08025648083708542,8.765163331777767e-05,0.022088211596079974,28.291206804244922,27.331921918867824,6.832980479716956,13.665960959433912,11.523383105031082,11.367588733729054,0.14634902045577383,12.23149749018805,21.73258312651344,15.233088594640106,1.0,1.0,1.0,1.0
SPY QQQ MonFri Reversion,Full,0.39602026527505985,0.45860124483212955,0.4241108614232209,0.5788781764977668,0.07799977219207262,0.13976304696642622,365,129,186,186.0,gap_gt_5td,306.0555636976512,-4.811333333333334,2.0,0.05631469298245613,0.04559284440481499,0.00010248408057179987,0.18915420816022321,78.8641408976987,0.46374467150240645,0.957399909365637,0.42700128412411575,0.9564750897646299,0.5889105511766175,0.8830963905353811,35.0,52.5,,False,0.11102052766498292,9.542240562922262e-05,0.0240464462185641,39.311010004063206,37.07490751789956,9.26872687947489,18.53745375894978,6.534065360791333e-16,9.951145279003517e-16,0.10788968247780044,1.2617043553864148e-15,0.13696030591616484,0.0,1.0,1.0,1.0,1.0
Sector BO,Full,0.9334630630630633,0.9334630630630631,0.680137142857143,0.9392855967078189,0.45592472159721503,0.8519729133907181,74,27,61,55.61317462284794,gap_gt_5td,74.00000000000001,-1.4016,8.0,0.011359649122807016,0.01137539010254124,4.207862248213126e-05,0.1360974642019444,36.2926571206605,0.7198499629147804,0.3967850722192014,0.564740661461539,0.39142593938441317,0.7110860656611746,0.16894427516700491,25.0,37.5,,False,0.11021513213312094,2.5457364125337403e-05,0.006415255759585026,3.7367537568354003,3.21315634632213,0.8032890865805326,1.606578173161065,1.4814416260166223,1.7956809985855735,1.2448818447874512,0.7501409300096711,2.638377042108754,2.697677634615091e-15,1.0,1.0,1.0,1.0
St OS Sznl,Full,0.32275503573749187,0.4494652707418665,0.3741022683583237,0.581208722741433,0.24677086358062725,0.3562130540327932,57,31,46,37.35442051630642,gap_gt_5td,50.52481717753229,-6.7828888888888885,1.5,0.012121052631578949,0.01803209986625056,2.1619016677496207e-05,0.07500074385475253,17.110250103867003,0.48948372932859396,0.6918657047619761,0.4105337607342935,0.6870605444004149,0.6198081260016919,0.537659421121623,40.0,60.0,,False,0.3199968262512,1.9746433813096865e-05,0.00497610132090041,6.452202397695876,12.24645182336344,3.06161295584086,6.12322591168172,0.0,4.4010540290723643e-16,0.3266252182831366,0.0,5.140179863816352,1.649877142556293e-15,1.0,1.0,1.0,1.0
Weak Close Decent Sznls,Full,0.2789082111561945,0.26162665572933125,0.21081864604894493,0.5073499957182172,0.0908397367058248,0.15284854399423506,287,126,145,145.0,gap_gt_5td,254.1117515465257,-3.4512592592592592,2.0,0.0659032644597925,0.07463188913147711,6.842083604071908e-05,0.18517060192445273,23.80350667886831,0.2797094844210502,0.9430842209650168,0.2270783495478168,0.9418674878466359,0.5288570513052573,0.8633133337584505,35.0,52.5,,False,0.11340893090884771,5.938573223548799e-05,0.014965204523342974,10.684455646763555,8.017359621703937,2.0043399054259843,4.008679810851969,1.0476355205040914e-17,0.0,0.49891737289313165,0.0,1.4559939294191096e-15,0.0,1.0,1.0,1.0,1.0
