month,month_end,entry_date,exit_date,entry_offset,hold_sessions,entry_close,exit_close,gross_return,cost_bps,net_return,year,sample
2002-08,2002-08-30,2002-08-23,2002-08-30,-5,5,38.1901283264,38.7147140503,0.0137361603,10.0000000000,0.0127361603,2002,pre_publication_through_2019
2002-09,2002-09-30,2002-09-23,2002-09-30,-5,5,40.2296981812,40.3636589050,0.0033298963,10.0000000000,0.0023298963,2002,pre_publication_through_2019
2002-10,2002-10-31,2002-10-24,2002-10-31,-5,5,38.1285133362,38.8725166321,0.0195130424,10.0000000000,0.0185130424,2002,pre_publication_through_2019
2002-11,2002-11-29,2002-11-21,2002-11-29,-5,5,38.7730102539,38.5163841248,-0.0066186795,10.0000000000,-0.0076186795,2002,pre_publication_through_2019
2002-12,2002-12-31,2002-12-23,2002-12-31,-5,5,39.5290298462,40.2594108582,0.0184770791,10.0000000000,0.0174770791,2002,pre_publication_through_2019
2003-01,2003-01-31,2003-01-24,2003-01-31,-5,5,39.9867019653,40.0275840759,0.0010223927,10.0000000000,0.0000223927,2003,pre_publication_through_2019
2003-02,2003-02-28,2003-02-21,2003-02-28,-5,5,40.2775611877,41.2673835754,0.0245750328,10.0000000000,0.0235750328,2003,pre_publication_through_2019
2003-03,2003-03-31,2003-03-24,2003-03-31,-5,5,40.0220031738,40.7042388916,0.0170465160,10.0000000000,0.0160465160,2003,pre_publication_through_2019
2003-04,2003-04-30,2003-04-23,2003-04-30,-5,5,40.4320144653,41.1309242249,0.0172860484,10.0000000000,0.0162860484,2003,pre_publication_through_2019
2003-05,2003-05-30,2003-05-22,2003-05-30,-5,5,44.1971054077,43.7302131653,-0.0105638647,10.0000000000,-0.0115638647,2003,pre_publication_through_2019
2003-06,2003-06-30,2003-06-23,2003-06-30,-5,5,43.7803916931,42.9401473999,-0.0191922516,10.0000000000,-0.0201922516,2003,pre_publication_through_2019
2003-07,2003-07-31,2003-07-24,2003-07-31,-5,5,39.9778213501,38.6543807983,-0.0331043690,10.0000000000,-0.0341043690,2003,pre_publication_through_2019
2003-08,2003-08-29,2003-08-22,2003-08-29,-5,5,39.0279273987,39.1590309143,0.0033592231,10.0000000000,0.0023592231,2003,pre_publication_through_2019
2003-09,2003-09-30,2003-09-23,2003-09-30,-5,5,40.2179336548,41.4828605652,0.0314518125,10.0000000000,0.0304518125,2003,pre_publication_through_2019
2003-10,2003-10-31,2003-10-24,2003-10-31,-5,5,40.2632102966,40.2254371643,-0.0009381550,10.0000000000,-0.0019381550,2003,pre_publication_through_2019
2003-11,2003-11-28,2003-11-20,2003-11-28,-5,5,40.9878158569,40.3619537354,-0.0152694675,10.0000000000,-0.0162694675,2003,pre_publication_through_2019
2003-12,2003-12-31,2003-12-23,2003-12-31,-5,5,40.9041900635,40.9041595459,-0.0000007461,10.0000000000,-0.0010007461,2003,pre_publication_through_2019
2004-01,2004-01-30,2004-01-23,2004-01-30,-5,5,41.8280525208,41.6652717590,-0.0038916648,10.0000000000,-0.0048916648,2004,pre_publication_through_2019
2004-02,2004-02-27,2004-02-20,2004-02-27,-5,5,41.9815940857,42.6160583496,0.0151129150,10.0000000000,0.0141129150,2004,pre_publication_through_2019
2004-03,2004-03-31,2004-03-24,2004-03-31,-5,5,43.9605865479,43.2174034119,-0.0169056692,10.0000000000,-0.0179056692,2004,pre_publication_through_2019
2004-04,2004-04-30,2004-04-23,2004-04-30,-5,5,40.7164459229,40.5226554871,-0.0047595126,10.0000000000,-0.0057595126,2004,pre_publication_through_2019
2004-05,2004-05-28,2004-05-21,2004-05-28,-5,5,39.7566146851,40.4180717468,0.0166376606,10.0000000000,0.0156376606,2004,pre_publication_through_2019
2004-06,2004-06-30,2004-06-23,2004-06-30,-5,5,40.3067436218,40.8438682556,0.0133259248,10.0000000000,0.0123259248,2004,pre_publication_through_2019
2004-07,2004-07-30,2004-07-23,2004-07-30,-5,5,41.6458930969,41.4694099426,-0.0042377085,10.0000000000,-0.0052377085,2004,pre_publication_through_2019
2004-08,2004-08-31,2004-08-24,2004-08-31,-5,5,42.3701019287,43.1969070435,0.0195138807,10.0000000000,0.0185138807,2004,pre_publication_through_2019
2004-09,2004-09-30,2004-09-23,2004-09-30,-5,5,44.1357154846,43.6070175171,-0.0119789146,10.0000000000,-0.0129789146,2004,pre_publication_through_2019
2004-10,2004-10-29,2004-10-22,2004-10-29,-5,5,44.5651168823,44.3765945435,-0.0042302669,10.0000000000,-0.0052302669,2004,pre_publication_through_2019
2004-11,2004-11-30,2004-11-22,2004-11-30,-5,5,44.2001762390,43.3134078979,-0.0200625522,10.0000000000,-0.0210625522,2004,pre_publication_through_2019
2004-12,2004-12-31,2004-12-23,2004-12-31,-5,5,44.3163719177,44.4650611877,0.0033551770,10.0000000000,0.0023551770,2004,pre_publication_through_2019
2005-01,2005-01-31,2005-01-24,2005-01-31,-5,5,45.8961715698,46.0518074036,0.0033910417,10.0000000000,0.0023910417,2005,pre_publication_through_2019
2005-02,2005-02-28,2005-02-18,2005-02-28,-5,5,45.7972488403,45.3738899231,-0.0092441998,10.0000000000,-0.0102441998,2005,pre_publication_through_2019
2005-03,2005-03-31,2005-03-23,2005-03-31,-5,5,44.5406265259,45.1675758362,0.0140758979,10.0000000000,0.0130758979,2005,pre_publication_through_2019
2005-04,2005-04-29,2005-04-22,2005-04-29,-5,5,46.4210662842,46.9133377075,0.0106044833,10.0000000000,0.0096044833,2005,pre_publication_through_2019
2005-05,2005-05-31,2005-05-23,2005-05-31,-5,5,47.9625740051,48.3853263855,0.0088142138,10.0000000000,0.0078142138,2005,pre_publication_through_2019
2005-06,2005-06-30,2005-06-23,2005-06-30,-5,5,49.0289077759,49.4327583313,0.0082369886,10.0000000000,0.0072369886,2005,pre_publication_through_2019
2005-07,2005-07-29,2005-07-22,2005-07-29,-5,5,47.9872283936,47.7615242004,-0.0047034222,10.0000000000,-0.0057034222,2005,pre_publication_through_2019
2005-08,2005-08-31,2005-08-24,2005-08-31,-5,5,48.5003547668,49.4219894409,0.0190026378,10.0000000000,0.0180026378,2005,pre_publication_through_2019
2005-09,2005-09-30,2005-09-23,2005-09-30,-5,5,47.8482284546,47.6363716125,-0.0044276841,10.0000000000,-0.0054276841,2005,pre_publication_through_2019
2005-10,2005-10-31,2005-10-24,2005-10-31,-5,5,47.0564804077,46.5689010620,-0.0103615770,10.0000000000,-0.0113615770,2005,pre_publication_through_2019
2005-11,2005-11-30,2005-11-22,2005-11-30,-5,5,47.1664924622,46.8903732300,-0.0058541396,10.0000000000,-0.0068541396,2005,pre_publication_through_2019
2005-12,2005-12-30,2005-12-22,2005-12-30,-5,5,47.7433357239,48.2884788513,0.0114182036,10.0000000000,0.0104182036,2005,pre_publication_through_2019
2006-01,2006-01-31,2006-01-24,2006-01-31,-5,5,48.2884788513,47.6421775818,-0.0133841712,10.0000000000,-0.0143841712,2006,pre_publication_through_2019
2006-02,2006-02-28,2006-02-21,2006-02-28,-5,5,47.8800048828,48.1700401306,0.0060575442,10.0000000000,0.0050575442,2006,pre_publication_through_2019
2006-03,2006-03-31,2006-03-24,2006-03-31,-5,5,47.1434402466,45.9686889648,-0.0249186584,10.0000000000,-0.0259186584,2006,pre_publication_through_2019
2006-04,2006-04-28,2006-04-21,2006-04-28,-5,5,45.0433845520,44.7034721375,-0.0075463338,10.0000000000,-0.0085463338,2006,pre_publication_through_2019
2006-05,2006-05-31,2006-05-23,2006-05-31,-5,5,45.0927238464,44.6181297302,-0.0105248491,10.0000000000,-0.0115248491,2006,pre_publication_through_2019
2006-06,2006-06-30,2006-06-23,2006-06-30,-5,5,44.6620330811,45.1438636780,0.0107883713,10.0000000000,0.0097883713,2006,pre_publication_through_2019
2006-07,2006-07-31,2006-07-24,2006-07-31,-5,5,45.8356094360,46.1205101013,0.0062157058,10.0000000000,0.0052157058,2006,pre_publication_through_2019
2006-08,2006-08-31,2006-08-24,2006-08-31,-5,5,47.1144371033,47.5299377441,0.0088189665,10.0000000000,0.0078189665,2006,pre_publication_through_2019
2006-09,2006-09-29,2006-09-22,2006-09-29,-5,5,48.5863876343,48.4401283264,-0.0030102939,10.0000000000,-0.0040102939,2006,pre_publication_through_2019
2006-10,2006-10-31,2006-10-24,2006-10-31,-5,5,47.4305953979,48.8502502441,0.0299312044,10.0000000000,0.0289312044,2006,pre_publication_through_2019
2006-11,2006-11-30,2006-11-22,2006-11-30,-5,5,49.3935546875,49.9778251648,0.0118288809,10.0000000000,0.0108288809,2006,pre_publication_through_2019
2006-12,2006-12-29,2006-12-21,2006-12-29,-5,5,49.3705482483,48.6305465698,-0.0149887272,10.0000000000,-0.0159887272,2006,pre_publication_through_2019
2007-01,2007-01-31,2007-01-24,2007-01-31,-5,5,48.1796150208,48.1466102600,-0.0006850358,10.0000000000,-0.0016850358,2007,pre_publication_through_2019
2007-02,2007-02-28,2007-02-21,2007-02-28,-5,5,48.9721183777,49.7782897949,0.0164618449,10.0000000000,0.0154618449,2007,pre_publication_through_2019
2007-03,2007-03-30,2007-03-23,2007-03-30,-5,5,49.2146415710,48.9319305420,-0.0057444496,10.0000000000,-0.0067444496,2007,pre_publication_through_2019
2007-04,2007-04-30,2007-04-23,2007-04-30,-5,5,49.2189674377,49.3747138977,0.0031643585,10.0000000000,0.0021643585,2007,pre_publication_through_2019
2007-05,2007-05-31,2007-05-23,2007-05-31,-5,5,48.2937164307,48.2322959900,-0.0012718102,10.0000000000,-0.0022718102,2007,pre_publication_through_2019
2007-06,2007-06-29,2007-06-22,2007-06-29,-5,5,46.9531211853,47.7434768677,0.0168328678,10.0000000000,0.0158328678,2007,pre_publication_through_2019
2007-07,2007-07-31,2007-07-24,2007-07-31,-5,5,48.4727859497,49.3281135559,0.0176455219,10.0000000000,0.0166455219,2007,pre_publication_through_2019
2007-08,2007-08-31,2007-08-24,2007-08-31,-5,5,49.6280670166,50.2099494934,0.0117248668,10.0000000000,0.0107248668,2007,pre_publication_through_2019
2007-09,2007-09-28,2007-09-21,2007-09-28,-5,5,49.8537216187,50.3245429993,0.0094440568,10.0000000000,0.0084440568,2007,pre_publication_through_2019
2007-10,2007-10-31,2007-10-24,2007-10-31,-5,5,51.8306846619,51.2384872437,-0.0114256144,10.0000000000,-0.0124256144,2007,pre_publication_through_2019
2007-11,2007-11-30,2007-11-23,2007-11-30,-5,5,53.6086769104,53.9804115295,0.0069342248,10.0000000000,0.0059342248,2007,pre_publication_through_2019
2007-12,2007-12-31,2007-12-21,2007-12-31,-5,5,52.6401023865,53.6415634155,0.0190246786,10.0000000000,0.0180246786,2007,pre_publication_through_2019
2008-01,2008-01-31,2008-01-24,2008-01-31,-5,5,54.4026260376,54.7658233643,0.0066760992,10.0000000000,0.0056760992,2008,pre_publication_through_2019
2008-02,2008-02-29,2008-02-22,2008-02-29,-5,5,53.2378616333,54.5164413452,0.0240163612,10.0000000000,0.0230163612,2008,pre_publication_through_2019
2008-03,2008-03-31,2008-03-24,2008-03-31,-5,5,55.3398742676,55.6824836731,0.0061910044,10.0000000000,0.0051910044,2008,pre_publication_through_2019
2008-04,2008-04-30,2008-04-23,2008-04-30,-5,5,54.3213996887,54.2980499268,-0.0004298446,10.0000000000,-0.0014298446,2008,pre_publication_through_2019
2008-05,2008-05-30,2008-05-22,2008-05-30,-5,5,53.4763679504,52.8384094238,-0.0119297280,10.0000000000,-0.0129297280,2008,pre_publication_through_2019
2008-06,2008-06-30,2008-06-23,2008-06-30,-5,5,52.8659706116,54.2404861450,0.0260000056,10.0000000000,0.0250000056,2008,pre_publication_through_2019
2008-07,2008-07-31,2008-07-24,2008-07-31,-5,5,53.6757431030,54.0412254333,0.0068090782,10.0000000000,0.0058090782,2008,pre_publication_through_2019
2008-08,2008-08-29,2008-08-22,2008-08-29,-5,5,55.0719375610,55.5216140747,0.0081652568,10.0000000000,0.0071652568,2008,pre_publication_through_2019
2008-09,2008-09-30,2008-09-23,2008-09-30,-5,5,55.5809631348,56.3410568237,0.0136754321,10.0000000000,0.0126754321,2008,pre_publication_through_2019
2008-10,2008-10-31,2008-10-24,2008-10-31,-5,5,57.6157455444,55.2927207947,-0.0403192691,10.0000000000,-0.0413192691,2008,pre_publication_through_2019
2008-11,2008-11-28,2008-11-20,2008-11-28,-5,5,62.4509963989,63.2224464417,0.0123528861,10.0000000000,0.0113528861,2008,pre_publication_through_2019
2008-12,2008-12-31,2008-12-23,2008-12-31,-5,5,72.7000045776,71.8537979126,-0.0116397058,10.0000000000,-0.0126397058,2008,pre_publication_through_2019
2009-01,2009-01-30,2009-01-23,2009-01-30,-5,5,64.8339691162,62.4619445801,-0.0365861379,10.0000000000,-0.0375861379,2009,pre_publication_through_2019
2009-02,2009-02-27,2009-02-20,2009-02-27,-5,5,62.7366104126,61.5050811768,-0.0196301526,10.0000000000,-0.0206301526,2009,pre_publication_through_2019
2009-03,2009-03-31,2009-03-24,2009-03-31,-5,5,62.9591865540,63.9944229126,0.0164429754,10.0000000000,0.0154429754,2009,pre_publication_through_2019
2009-04,2009-04-30,2009-04-23,2009-04-30,-5,5,61.6764335632,59.5454597473,-0.0345508599,10.0000000000,-0.0355508599,2009,pre_publication_through_2019
2009-05,2009-05-29,2009-05-21,2009-05-29,-5,5,57.5949783325,57.3453178406,-0.0043347615,10.0000000000,-0.0053347615,2009,pre_publication_through_2019
2009-06,2009-06-30,2009-06-23,2009-06-30,-5,5,57.2261962891,57.7760620117,0.0096086366,10.0000000000,0.0086086366,2009,pre_publication_through_2019
2009-07,2009-07-31,2009-07-24,2009-07-31,-5,5,56.0494956970,58.1088485718,0.0367416843,10.0000000000,0.0357416843,2009,pre_publication_through_2019
2009-08,2009-08-31,2009-08-24,2009-08-31,-5,5,58.7102775574,59.4051551819,0.0118357067,10.0000000000,0.0108357067,2009,pre_publication_through_2019
2009-09,2009-09-30,2009-09-23,2009-09-30,-5,5,59.5143661499,60.8654365540,0.0227015844,10.0000000000,0.0217015844,2009,pre_publication_through_2019
2009-10,2009-10-30,2009-10-23,2009-10-30,-5,5,58.7594490051,59.2731361389,0.0087422047,10.0000000000,0.0077422047,2009,pre_publication_through_2019
2009-11,2009-11-30,2009-11-20,2009-11-30,-5,5,59.0545997620,59.9920501709,0.0158742996,10.0000000000,0.0148742996,2009,pre_publication_through_2019
2009-12,2009-12-31,2009-12-23,2009-12-31,-5,5,56.4588088989,56.1852149963,-0.0048459028,10.0000000000,-0.0058459028,2009,pre_publication_through_2019
2010-01,2010-01-29,2010-01-22,2010-01-29,-5,5,57.5040168762,57.6978149414,0.0033701657,10.0000000000,0.0023701657,2010,pre_publication_through_2019
2010-02,2010-02-26,2010-02-19,2010-02-26,-5,5,56.1077079773,57.5001831055,0.0248178936,10.0000000000,0.0238178936,2010,pre_publication_through_2019
2010-03,2010-03-31,2010-03-24,2010-03-31,-5,5,56.1724853516,56.3172225952,0.0025766573,10.0000000000,0.0015766573,2010,pre_publication_through_2019
2010-04,2010-04-30,2010-04-23,2010-04-30,-5,5,56.9121665955,58.1879348755,0.0224164420,10.0000000000,0.0214164420,2010,pre_publication_through_2019
2010-05,2010-05-28,2010-05-21,2010-05-28,-5,5,62.3836555481,61.1604118347,-0.0196084007,10.0000000000,-0.0206084007,2010,pre_publication_through_2019
2010-06,2010-06-30,2010-06-23,2010-06-30,-5,5,63.1101989746,64.7064056396,0.0252923726,10.0000000000,0.0242923726,2010,pre_publication_through_2019
2010-07,2010-07-30,2010-07-23,2010-07-30,-5,5,63.6475677490,64.0940704346,0.0070152356,10.0000000000,0.0060152356,2010,pre_publication_through_2019
2010-08,2010-08-31,2010-08-24,2010-08-31,-5,5,68.9601745605,69.4721527100,0.0074242583,10.0000000000,0.0064242583,2010,pre_publication_through_2019
2010-09,2010-09-30,2010-09-23,2010-09-30,-5,5,67.3360824585,67.7211532593,0.0057186398,10.0000000000,0.0047186398,2010,pre_publication_through_2019
2010-10,2010-10-29,2010-10-22,2010-10-29,-5,5,65.3130416870,64.6945190430,-0.0094701246,10.0000000000,-0.0104701246,2010,pre_publication_through_2019
2010-11,2010-11-30,2010-11-22,2010-11-30,-5,5,62.6903724670,63.6016578674,0.0145362895,10.0000000000,0.0135362895,2010,pre_publication_through_2019
2010-12,2010-12-31,2010-12-23,2010-12-31,-5,5,60.2682151794,61.2489852905,0.0162734222,10.0000000000,0.0152734222,2010,pre_publication_through_2019
2011-01,2011-01-31,2011-01-24,2011-01-31,-5,5,59.5830650330,59.3618087769,-0.0037134084,10.0000000000,-0.0047134084,2011,pre_publication_through_2019
2011-02,2011-02-28,2011-02-18,2011-02-28,-5,5,58.4409713745,60.3413887024,0.0325185787,10.0000000000,0.0315185787,2011,pre_publication_through_2019
2011-03,2011-03-31,2011-03-24,2011-03-31,-5,5,60.5359649658,60.3590431213,-0.0029225906,10.0000000000,-0.0039225906,2011,pre_publication_through_2019
2011-04,2011-04-29,2011-04-21,2011-04-29,-5,5,60.9222183228,61.7709236145,0.0139309650,10.0000000000,0.0129309650,2011,pre_publication_through_2019
2011-05,2011-05-31,2011-05-23,2011-05-31,-5,5,63.2839393616,63.8852195740,0.0095013082,10.0000000000,0.0085013082,2011,pre_publication_through_2019
2011-06,2011-06-30,2011-06-23,2011-06-30,-5,5,64.5828628540,62.4011611938,-0.0337814331,10.0000000000,-0.0347814331,2011,pre_publication_through_2019
2011-07,2011-07-29,2011-07-22,2011-07-29,-5,5,63.9115676880,65.1558990479,0.0194695797,10.0000000000,0.0184695797,2011,pre_publication_through_2019
2011-08,2011-08-31,2011-08-24,2011-08-31,-5,5,70.9541091919,71.4548416138,0.0070571307,10.0000000000,0.0060571307,2011,pre_publication_through_2019
2011-09,2011-09-30,2011-09-23,2011-09-30,-5,5,80.9113388062,80.8912506104,-0.0002482742,10.0000000000,-0.0012482742,2011,pre_publication_through_2019
2011-10,2011-10-31,2011-10-24,2011-10-31,-5,5,76.0750961304,77.7937774658,0.0225919049,10.0000000000,0.0215919049,2011,pre_publication_through_2019
2011-11,2011-11-30,2011-11-22,2011-11-30,-5,5,81.7035675049,79.3410949707,-0.0289151699,10.0000000000,-0.0299151699,2011,pre_publication_through_2019
2011-12,2011-12-30,2011-12-22,2011-12-30,-5,5,80.6973037720,82.0742950439,0.0170636590,10.0000000000,0.0160636590,2011,pre_publication_through_2019
2012-01,2012-01-31,2012-01-24,2012-01-31,-5,5,78.8252182007,81.8035430908,0.0377839092,10.0000000000,0.0367839092,2012,pre_publication_through_2019
2012-02,2012-02-29,2012-02-22,2012-02-29,-5,5,79.2108764648,79.6790695190,0.0059107167,10.0000000000,0.0049107167,2012,pre_publication_through_2019
2012-03,2012-03-30,2012-03-23,2012-03-30,-5,5,76.9907913208,76.3039169312,-0.0089215136,10.0000000000,-0.0099215136,2012,pre_publication_through_2019
2012-04,2012-04-30,2012-04-23,2012-04-30,-5,5,80.4017181396,79.9926071167,-0.0050883368,10.0000000000,-0.0060883368,2012,pre_publication_through_2019
2012-05,2012-05-31,2012-05-23,2012-05-31,-5,5,84.3484268188,87.2122268677,0.0339520268,10.0000000000,0.0329520268,2012,pre_publication_through_2019
2012-06,2012-06-29,2012-06-22,2012-06-29,-5,5,85.6252975464,85.7486495972,0.0014406029,10.0000000000,0.0004406029,2012,pre_publication_through_2019
2012-07,2012-07-31,2012-07-24,2012-07-31,-5,5,90.4770355225,89.0219192505,-0.0160827138,10.0000000000,-0.0170827138,2012,pre_publication_through_2019
2012-08,2012-08-31,2012-08-24,2012-08-31,-5,5,85.8462982178,87.8478469849,0.0233154930,10.0000000000,0.0223154930,2012,pre_publication_through_2019
2012-09,2012-09-28,2012-09-21,2012-09-28,-5,5,83.7824172974,85.6228103638,0.0219663400,10.0000000000,0.0209663400,2012,pre_publication_through_2019
2012-10,2012-10-31,2012-10-22,2012-10-31,-5,5,83.5506134033,85.2083816528,0.0198414851,10.0000000000,0.0188414851,2012,pre_publication_through_2019
2012-11,2012-11-30,2012-11-23,2012-11-30,-5,5,85.7955245972,86.1960830688,0.0046687572,10.0000000000,0.0036687572,2012,pre_publication_through_2019
2012-12,2012-12-31,2012-12-21,2012-12-31,-5,5,84.6077804565,84.0518569946,-0.0065705950,10.0000000000,-0.0075705950,2012,pre_publication_through_2019
2013-01,2013-01-31,2013-01-24,2013-01-31,-5,5,83.0044784546,81.3744888306,-0.0196373696,10.0000000000,-0.0206373696,2013,pre_publication_through_2019
2013-02,2013-02-28,2013-02-21,2013-02-28,-5,5,81.2980346680,82.3824462891,0.0133387188,10.0000000000,0.0123387188,2013,pre_publication_through_2019
2013-03,2013-03-28,2013-03-21,2013-03-28,-5,5,81.6746902466,82.0369567871,0.0044354810,10.0000000000,0.0034354810,2013,pre_publication_through_2019
2013-04,2013-04-30,2013-04-23,2013-04-30,-5,5,85.5172576904,85.8802947998,0.0042451912,10.0000000000,0.0032451912,2013,pre_publication_through_2019
2013-05,2013-05-31,2013-05-23,2013-05-31,-5,5,81.6062469482,80.0739440918,-0.0187767838,10.0000000000,-0.0197767838,2013,pre_publication_through_2019
2013-06,2013-06-28,2013-06-21,2013-06-28,-5,5,76.0237884521,77.4545364380,0.0188197407,10.0000000000,0.0178197407,2013,pre_publication_through_2019
2013-07,2013-07-31,2013-07-24,2013-07-31,-5,5,75.5791168213,75.7056350708,0.0016739842,10.0000000000,0.0006739842,2013,pre_publication_through_2019
2013-08,2013-08-30,2013-08-23,2013-08-30,-5,5,73.4928665161,74.6908874512,0.0163011867,10.0000000000,0.0153011867,2013,pre_publication_through_2019
2013-09,2013-09-30,2013-09-23,2013-09-30,-5,5,74.6760025024,75.1777191162,0.0067185789,10.0000000000,0.0057185789,2013,pre_publication_through_2019
2013-10,2013-10-31,2013-10-24,2013-10-31,-5,5,76.4301376343,76.2530212402,-0.0023173633,10.0000000000,-0.0033173633,2013,pre_publication_through_2019
2013-11,2013-11-29,2013-11-21,2013-11-29,-5,5,73.1262359619,74.1916885376,0.0145700454,10.0000000000,0.0135700454,2013,pre_publication_through_2019
2013-12,2013-12-31,2013-12-23,2013-12-31,-5,5,73.8497772217,72.8045578003,-0.0141533185,10.0000000000,-0.0151533185,2013,pre_publication_through_2019
2014-01,2014-01-31,2014-01-24,2014-01-31,-5,5,76.8214721680,77.3932876587,0.0074434331,10.0000000000,0.0064434331,2014,pre_publication_through_2019
2014-02,2014-02-28,2014-02-21,2014-02-28,-5,5,76.4373779297,77.7988662720,0.0178118138,10.0000000000,0.0168118138,2014,pre_publication_through_2019
2014-03,2014-03-31,2014-03-24,2014-03-31,-5,5,78.2966384888,78.3684844971,0.0009176129,10.0000000000,-0.0000823871,2014,pre_publication_through_2019
2014-04,2014-04-30,2014-04-23,2014-04-30,-5,5,79.9096679688,80.0104598999,0.0012613234,10.0000000000,0.0002613234,2014,pre_publication_through_2019
2014-05,2014-05-30,2014-05-22,2014-05-30,-5,5,80.9265823364,82.3704223633,0.0178413568,10.0000000000,0.0168413568,2014,pre_publication_through_2019
2014-06,2014-06-30,2014-06-23,2014-06-30,-5,5,80.6651763916,82.1634292603,0.0185737258,10.0000000000,0.0175737258,2014,pre_publication_through_2019
2014-07,2014-07-31,2014-07-24,2014-07-31,-5,5,82.9558258057,82.7091140747,-0.0029740133,10.0000000000,-0.0039740133,2014,pre_publication_through_2019
2014-08,2014-08-29,2014-08-22,2014-08-29,-5,5,85.3356018066,86.6161193848,0.0150056665,10.0000000000,0.0140056665,2014,pre_publication_through_2019
2014-09,2014-09-30,2014-09-23,2014-09-30,-5,5,84.1885070801,84.7864685059,0.0071026491,10.0000000000,0.0061026491,2014,pre_publication_through_2019
2014-10,2014-10-31,2014-10-24,2014-10-31,-5,5,87.5198364258,87.1762466431,-0.0039258504,10.0000000000,-0.0049258504,2014,pre_publication_through_2019
2014-11,2014-11-28,2014-11-20,2014-11-28,-5,5,87.4840393066,89.7631149292,0.0260513305,10.0000000000,0.0250513305,2014,pre_publication_through_2019
2014-12,2014-12-31,2014-12-23,2014-12-31,-5,5,90.7377700806,92.6815872192,0.0214223596,10.0000000000,0.0204223596,2014,pre_publication_through_2019
2015-01,2015-01-30,2015-01-23,2015-01-30,-5,5,99.1955795288,101.7790603638,0.0260443141,10.0000000000,0.0250443141,2015,pre_publication_through_2019
2015-02,2015-02-27,2015-02-20,2015-02-27,-5,5,93.3262100220,95.5314636230,0.0236295206,10.0000000000,0.0226295206,2015,pre_publication_through_2019
2015-03,2015-03-31,2015-03-24,2015-03-31,-5,5,98.0010757446,96.5748748779,-0.0145529103,10.0000000000,-0.0155529103,2015,pre_publication_through_2019
2015-04,2015-04-30,2015-04-23,2015-04-30,-5,5,94.9850234985,93.2670211792,-0.0180870863,10.0000000000,-0.0190870863,2015,pre_publication_through_2019
2015-05,2015-05-29,2015-05-21,2015-05-29,-5,5,89.3031158447,91.0542984009,0.0196094228,10.0000000000,0.0186094228,2015,pre_publication_through_2019
2015-06,2015-06-30,2015-06-23,2015-06-30,-5,5,86.2237091064,87.3465881348,0.0130228569,10.0000000000,0.0120228569,2015,pre_publication_through_2019
2015-07,2015-07-31,2015-07-24,2015-07-31,-5,5,90.4677505493,91.3173751831,0.0093914641,10.0000000000,0.0083914641,2015,pre_publication_through_2019
2015-08,2015-08-31,2015-08-24,2015-08-31,-5,5,94.3773651123,90.6877059937,-0.0390947460,10.0000000000,-0.0400947460,2015,pre_publication_through_2019
2015-09,2015-09-30,2015-09-23,2015-09-30,-5,5,91.1465301514,92.4714431763,0.0145360775,10.0000000000,0.0135360775,2015,pre_publication_through_2019
2015-10,2015-10-30,2015-10-23,2015-10-30,-5,5,92.4084243774,92.0934066772,-0.0034089717,10.0000000000,-0.0044089717,2015,pre_publication_through_2019
2015-11,2015-11-30,2015-11-20,2015-11-30,-5,5,90.5426025391,91.2943038940,0.0083021841,10.0000000000,0.0073021841,2015,pre_publication_through_2019
2015-12,2015-12-31,2015-12-23,2015-12-31,-5,5,91.4427185059,91.0230102539,-0.0045898488,10.0000000000,-0.0055898488,2015,pre_publication_through_2019
2016-01,2016-01-29,2016-01-22,2016-01-29,-5,5,94.6162490845,96.0957794189,0.0156371696,10.0000000000,0.0146371696,2016,pre_publication_through_2019
2016-02,2016-02-29,2016-02-22,2016-02-29,-5,5,99.0309982300,99.0612716675,0.0003056966,10.0000000000,-0.0006943034,2016,pre_publication_through_2019
2016-03,2016-03-31,2016-03-23,2016-03-31,-5,5,98.1201477051,98.9688110352,0.0086492260,10.0000000000,0.0076492260,2016,pre_publication_through_2019
2016-04,2016-04-29,2016-04-22,2016-04-29,-5,5,97.4653854370,98.2398452759,0.0079459988,10.0000000000,0.0069459988,2016,pre_publication_through_2019
2016-05,2016-05-31,2016-05-23,2016-05-31,-5,5,99.2441635132,99.0311660767,-0.0021461961,10.0000000000,-0.0031461961,2016,pre_publication_through_2019
2016-06,2016-06-30,2016-06-23,2016-06-30,-5,5,100.8128890991,105.8981246948,0.0504423159,10.0000000000,0.0494423159,2016,pre_publication_through_2019
2016-07,2016-07-29,2016-07-22,2016-07-29,-5,5,106.0165252686,108.1245803833,0.0198842125,10.0000000000,0.0188842125,2016,pre_publication_through_2019
2016-08,2016-08-31,2016-08-24,2016-08-31,-5,5,106.8988265991,107.0288314819,0.0012161488,10.0000000000,0.0002161488,2016,pre_publication_through_2019
2016-09,2016-09-30,2016-09-23,2016-09-30,-5,5,104.8855133057,105.4144363403,0.0050428607,10.0000000000,0.0040428607,2016,pre_publication_through_2019
2016-10,2016-10-31,2016-10-24,2016-10-31,-5,5,101.9331970215,100.7966079712,-0.0111503326,10.0000000000,-0.0121503326,2016,pre_publication_through_2019
2016-11,2016-11-30,2016-11-22,2016-11-30,-5,5,93.1868515015,92.5174102783,-0.0071838592,10.0000000000,-0.0081838592,2016,pre_publication_through_2019
2016-12,2016-12-30,2016-12-22,2016-12-30,-5,5,91.0690612793,92.0894393921,0.0112044431,10.0000000000,0.0102044431,2016,pre_publication_through_2019
2017-01,2017-01-31,2017-01-24,2017-01-31,-5,5,93.0016098022,92.8392410278,-0.0017458706,10.0000000000,-0.0027458706,2017,pre_publication_through_2019
2017-02,2017-02-28,2017-02-21,2017-02-28,-5,5,93.0476684570,94.3104019165,0.0135708232,10.0000000000,0.0125708232,2017,pre_publication_through_2019
2017-03,2017-03-31,2017-03-24,2017-03-31,-5,5,93.8245315552,93.6925888062,-0.0014062713,10.0000000000,-0.0024062713,2017,pre_publication_through_2019
2017-04,2017-04-28,2017-04-21,2017-04-28,-5,5,96.0921325684,95.1665115356,-0.0096326412,10.0000000000,-0.0106326412,2017,pre_publication_through_2019
2017-05,2017-05-31,2017-05-23,2017-05-31,-5,5,95.5133972168,96.9631423950,0.0151784485,10.0000000000,0.0141784485,2017,pre_publication_through_2019
2017-06,2017-06-30,2017-06-23,2017-06-30,-5,5,99.8087081909,97.7309570312,-0.0208173335,10.0000000000,-0.0218173335,2017,pre_publication_through_2019
2017-07,2017-07-31,2017-07-24,2017-07-31,-5,5,97.9955596924,97.0875473022,-0.0092658524,10.0000000000,-0.0102658524,2017,pre_publication_through_2019
2017-08,2017-08-31,2017-08-24,2017-08-31,-5,5,99.4871520996,100.3970489502,0.0091458729,10.0000000000,0.0081458729,2017,pre_publication_through_2019
2017-09,2017-09-29,2017-09-22,2017-09-29,-5,5,99.1968002319,98.0648803711,-0.0114108505,10.0000000000,-0.0124108505,2017,pre_publication_through_2019
2017-10,2017-10-31,2017-10-24,2017-10-31,-5,5,97.2158432007,98.0271453857,0.0083453700,10.0000000000,0.0073453700,2017,pre_publication_through_2019
2017-11,2017-11-30,2017-11-22,2017-11-30,-5,5,100.3578491211,98.7555999756,-0.0159653596,10.0000000000,-0.0169653596,2017,pre_publication_through_2019
2017-12,2017-12-29,2017-12-21,2017-12-29,-5,5,98.7544555664,100.5456695557,0.0181380575,10.0000000000,0.0171380575,2017,pre_publication_through_2019
2018-01,2018-01-31,2018-01-24,2018-01-31,-5,5,97.5179901123,97.2723464966,-0.0025189569,10.0000000000,-0.0035189569,2018,pre_publication_through_2019
2018-02,2018-02-28,2018-02-21,2018-02-28,-5,5,92.7174530029,94.3138504028,0.0172178737,10.0000000000,0.0162178737,2018,pre_publication_through_2019
2018-03,2018-03-29,2018-03-22,2018-03-29,-5,5,95.7057418823,97.0109252930,0.0136374619,10.0000000000,0.0126374619,2018,pre_publication_through_2019
2018-04,2018-04-30,2018-04-23,2018-04-30,-5,5,94.4986648560,94.9852066040,0.0051486627,10.0000000000,0.0041486627,2018,pre_publication_through_2019
2018-05,2018-05-31,2018-05-23,2018-05-31,-5,5,94.2674331665,96.8890914917,0.0278108594,10.0000000000,0.0268108594,2018,pre_publication_through_2019
2018-06,2018-06-29,2018-06-22,2018-06-29,-5,5,96.5614395142,97.5147781372,0.0098728709,10.0000000000,0.0088728709,2018,pre_publication_through_2019
2018-07,2018-07-31,2018-07-24,2018-07-31,-5,5,96.0975265503,96.1136093140,0.0001673588,10.0000000000,-0.0008326412,2018,pre_publication_through_2019
2018-08,2018-08-31,2018-08-24,2018-08-31,-5,5,98.4128112793,97.3746414185,-0.0105491333,10.0000000000,-0.0115491333,2018,pre_publication_through_2019
2018-09,2018-09-28,2018-09-21,2018-09-28,-5,5,94.4484558105,94.5855255127,0.0014512646,10.0000000000,0.0004512646,2018,pre_publication_through_2019
2018-10,2018-10-31,2018-10-24,2018-10-31,-5,5,92.7837066650,91.8137130737,-0.0104543527,10.0000000000,-0.0114543527,2018,pre_publication_through_2019
2018-11,2018-11-30,2018-11-23,2018-11-30,-5,5,93.3006591797,93.4545898438,0.0016498347,10.0000000000,0.0006498347,2018,pre_publication_through_2019
2018-12,2018-12-31,2018-12-21,2018-12-31,-5,5,98.2818222046,98.9249496460,0.0065437069,10.0000000000,0.0055437069,2018,pre_publication_through_2019
2019-01,2019-01-31,2019-01-24,2019-01-31,-5,5,98.5993423462,99.2994384766,0.0071004138,10.0000000000,0.0061004138,2019,pre_publication_through_2019
2019-02,2019-02-28,2019-02-21,2019-02-28,-5,5,98.6099624634,97.9327316284,-0.0068677730,10.0000000000,-0.0078677730,2019,pre_publication_through_2019
2019-03,2019-03-29,2019-03-22,2019-03-29,-5,5,102.0972518921,103.3891754150,0.0126538521,10.0000000000,0.0116538521,2019,pre_publication_through_2019
2019-04,2019-04-30,2019-04-23,2019-04-30,-5,5,100.4455490112,101.3305969238,0.0088112208,10.0000000000,0.0078112208,2019,pre_publication_through_2019
2019-05,2019-05-31,2019-05-23,2019-05-31,-5,5,104.8445968628,108.2608032227,0.0325835233,10.0000000000,0.0315835233,2019,pre_publication_through_2019
2019-06,2019-06-28,2019-06-21,2019-06-28,-5,5,108.1538391113,109.2894821167,0.0105002561,10.0000000000,0.0095002561,2019,pre_publication_through_2019
2019-07,2019-07-31,2019-07-24,2019-07-31,-5,5,108.6628417969,109.5697937012,0.0083464769,10.0000000000,0.0073464769,2019,pre_publication_through_2019
2019-08,2019-08-30,2019-08-23,2019-08-30,-5,5,120.5858383179,121.6763610840,0.0090435393,10.0000000000,0.0080435393,2019,pre_publication_through_2019
2019-09,2019-09-30,2019-09-23,2019-09-30,-5,5,117.4058074951,118.4155044556,0.0086000598,10.0000000000,0.0076000598,2019,pre_publication_through_2019
2019-10,2019-10-31,2019-10-24,2019-10-31,-5,5,115.4060363770,117.0972824097,0.0146547450,10.0000000000,0.0136547450,2019,pre_publication_through_2019
2019-11,2019-11-29,2019-11-21,2019-11-29,-5,5,116.0392150879,116.6205444336,0.0050097663,10.0000000000,0.0040097663,2019,pre_publication_through_2019
2019-12,2019-12-31,2019-12-23,2019-12-31,-5,5,113.6999053955,112.8915863037,-0.0071092328,10.0000000000,-0.0081092328,2019,pre_publication_through_2019
2020-01,2020-01-31,2020-01-24,2020-01-31,-5,5,118.3912124634,121.5743026733,0.0268862033,10.0000000000,0.0258862033,2020,holdout_2020_plus
2020-02,2020-02-28,2020-02-21,2020-02-28,-5,5,123.5624923706,129.6303558350,0.0491076487,10.0000000000,0.0481076487,2020,holdout_2020_plus
2020-03,2020-03-31,2020-03-24,2020-03-31,-5,5,136.1746063232,137.8964538574,0.0126444099,10.0000000000,0.0116444099,2020,holdout_2020_plus
2020-04,2020-04-30,2020-04-23,2020-04-30,-5,5,142.6746063232,139.5774383545,-0.0217079132,10.0000000000,-0.0227079132,2020,holdout_2020_plus
2020-05,2020-05-29,2020-05-21,2020-05-29,-5,5,137.9311676025,137.1181793213,-0.0058941594,10.0000000000,-0.0068941594,2020,holdout_2020_plus
2020-06,2020-06-30,2020-06-23,2020-06-30,-5,5,135.3725128174,137.5797271729,0.0163047454,10.0000000000,0.0153047454,2020,holdout_2020_plus
2020-07,2020-07-31,2020-07-24,2020-07-31,-5,5,142.6228942871,143.6816406250,0.0074233968,10.0000000000,0.0064233968,2020,holdout_2020_plus
2020-08,2020-08-31,2020-08-24,2020-08-31,-5,5,139.5767364502,136.4306488037,-0.0225402007,10.0000000000,-0.0235402007,2020,holdout_2020_plus
2020-09,2020-09-30,2020-09-23,2020-09-30,-5,5,138.5216827393,137.4858551025,-0.0074777292,10.0000000000,-0.0084777292,2020,holdout_2020_plus
2020-10,2020-10-30,2020-10-23,2020-10-30,-5,5,133.2025299072,132.8316345215,-0.0027844470,10.0000000000,-0.0037844470,2020,holdout_2020_plus
2020-11,2020-11-30,2020-11-20,2020-11-30,-5,5,136.2992095947,135.0417785645,-0.0092255196,10.0000000000,-0.0102255196,2020,holdout_2020_plus
2020-12,2020-12-31,2020-12-23,2020-12-31,-5,5,132.4876403809,133.3839874268,0.0067655145,10.0000000000,0.0057655145,2020,holdout_2020_plus
2021-01,2021-01-29,2021-01-22,2021-01-29,-5,5,128.4369506836,128.5384063721,0.0007899260,10.0000000000,-0.0002100740,2021,holdout_2020_plus
2021-02,2021-02-26,2021-02-19,2021-02-26,-5,5,121.2964096069,121.1694030762,-0.0010470758,10.0000000000,-0.0020470758,2021,holdout_2020_plus
2021-03,2021-03-31,2021-03-24,2021-03-31,-5,5,117.1701965332,114.8137359619,-0.0201114331,10.0000000000,-0.0211114331,2021,holdout_2020_plus
2021-04,2021-04-30,2021-04-23,2021-04-30,-5,5,118.8838043213,117.6784591675,-0.0101388508,10.0000000000,-0.0111388508,2021,holdout_2020_plus
2021-05,2021-05-28,2021-05-21,2021-05-28,-5,5,117.0265045166,117.6809997559,0.0055927095,10.0000000000,0.0045927095,2021,holdout_2020_plus
2021-06,2021-06-30,2021-06-23,2021-06-30,-5,5,121.9621200562,122.8814163208,0.0075375556,10.0000000000,0.0065375556,2021,holdout_2020_plus
2021-07,2021-07-30,2021-07-23,2021-07-30,-5,5,126.5791091919,127.4485244751,0.0068685527,10.0000000000,0.0058685527,2021,holdout_2020_plus
2021-08,2021-08-31,2021-08-24,2021-08-31,-5,5,127.3990325928,127.0149612427,-0.0030147117,10.0000000000,-0.0040147117,2021,holdout_2020_plus
2021-09,2021-09-30,2021-09-23,2021-09-30,-5,5,126.7748641968,123.3226470947,-0.0272310850,10.0000000000,-0.0282310850,2021,holdout_2020_plus
2021-10,2021-10-29,2021-10-22,2021-10-29,-5,5,123.3165969849,126.3625640869,0.0247003824,10.0000000000,0.0237003824,2021,holdout_2020_plus
2021-11,2021-11-30,2021-11-22,2021-11-30,-5,5,125.6069107056,129.8646850586,0.0338976122,10.0000000000,0.0328976122,2021,holdout_2020_plus
2021-12,2021-12-31,2021-12-23,2021-12-31,-5,5,127.5328445435,127.2494888306,-0.0022218254,10.0000000000,-0.0032218254,2021,holdout_2020_plus
2022-01,2022-01-31,2022-01-24,2022-01-31,-5,5,122.3205795288,122.2690734863,-0.0004210742,10.0000000000,-0.0014210742,2022,holdout_2020_plus
2022-02,2022-02-28,2022-02-18,2022-02-28,-5,5,118.8621673584,120.2723770142,0.0118642432,10.0000000000,0.0108642432,2022,holdout_2020_plus
2022-03,2022-03-31,2022-03-24,2022-03-31,-5,5,112.3380355835,113.7243041992,0.0123401536,10.0000000000,0.0113401536,2022,holdout_2020_plus
2022-04,2022-04-29,2022-04-22,2022-04-29,-5,5,103.4727554321,103.0070800781,-0.0045004635,10.0000000000,-0.0055004635,2022,holdout_2020_plus
2022-05,2022-05-31,2022-05-23,2022-05-31,-5,5,100.6860198975,100.6860198975,0.0000000000,10.0000000000,-0.0010000000,2022,holdout_2020_plus
2022-06,2022-06-30,2022-06-23,2022-06-30,-5,5,98.7709884644,99.4027175903,0.0063958976,10.0000000000,0.0053958976,2022,holdout_2020_plus
2022-07,2022-07-29,2022-07-22,2022-07-29,-5,5,102.7903137207,101.8192214966,-0.0094473126,10.0000000000,-0.0104473126,2022,holdout_2020_plus
2022-08,2022-08-31,2022-08-24,2022-08-31,-5,5,96.6099929810,97.1832656860,0.0059338862,10.0000000000,0.0049338862,2022,holdout_2020_plus
2022-09,2022-09-30,2022-09-23,2022-09-30,-5,5,92.0091781616,89.1801300049,-0.0307474560,10.0000000000,-0.0317474560,2022,holdout_2020_plus
2022-10,2022-10-31,2022-10-24,2022-10-31,-5,5,80.6238708496,83.8610305786,0.0401513807,10.0000000000,0.0391513807,2022,holdout_2020_plus
2022-11,2022-11-30,2022-11-22,2022-11-30,-5,5,88.7646408081,89.8580093384,0.0123176134,10.0000000000,0.0113176134,2022,holdout_2020_plus
2022-12,2022-12-30,2022-12-22,2022-12-30,-5,5,91.1247711182,87.5036926270,-0.0397375867,10.0000000000,-0.0407375867,2022,holdout_2020_plus
2023-01,2023-01-31,2023-01-24,2023-01-31,-5,5,94.2361068726,94.1921691895,-0.0004662510,10.0000000000,-0.0014662510,2023,holdout_2020_plus
2023-02,2023-02-28,2023-02-21,2023-02-28,-5,5,88.4601745605,89.6233062744,0.0131486482,10.0000000000,0.0121486482,2023,holdout_2020_plus
2023-03,2023-03-31,2023-03-24,2023-03-31,-5,5,94.3845138550,93.9605178833,-0.0044922197,10.0000000000,-0.0054922197,2023,holdout_2020_plus
2023-04,2023-04-28,2023-04-21,2023-04-28,-5,5,92.4541168213,94.2784347534,0.0197321438,10.0000000000,0.0187321438,2023,holdout_2020_plus
2023-05,2023-05-31,2023-05-23,2023-05-31,-5,5,89.0154113770,90.7423553467,0.0194005054,10.0000000000,0.0184005054,2023,holdout_2020_plus
2023-06,2023-06-30,2023-06-23,2023-06-30,-5,5,91.2838592529,90.9393234253,-0.0037743346,10.0000000000,-0.0047743346,2023,holdout_2020_plus
2023-07,2023-07-31,2023-07-24,2023-07-31,-5,5,89.7860031128,88.6255874634,-0.0129242377,10.0000000000,-0.0139242377,2023,holdout_2020_plus
2023-08,2023-08-31,2023-08-24,2023-08-31,-5,5,84.3042449951,85.8409347534,0.0182279049,10.0000000000,0.0172279049,2023,holdout_2020_plus
2023-09,2023-09-29,2023-09-22,2023-09-29,-5,5,81.4567031860,79.0155944824,-0.0299681746,10.0000000000,-0.0309681746,2023,holdout_2020_plus
2023-10,2023-10-31,2023-10-24,2023-10-31,-5,5,76.2807617188,74.6988296509,-0.0207382836,10.0000000000,-0.0217382836,2023,holdout_2020_plus
2023-11,2023-11-30,2023-11-22,2023-11-30,-5,5,81.4930648804,82.1118469238,0.0075930638,10.0000000000,0.0065930638,2023,holdout_2020_plus
2023-12,2023-12-29,2023-12-21,2023-12-29,-5,5,89.2890243530,89.2438659668,-0.0005057552,10.0000000000,-0.0015057552,2023,holdout_2020_plus
2024-01,2024-01-31,2024-01-24,2024-01-31,-5,5,84.2528152466,87.2402420044,0.0354578865,10.0000000000,0.0344578865,2024,holdout_2020_plus
2024-02,2024-02-29,2024-02-22,2024-02-29,-5,5,83.8719329834,85.2754287720,0.0167337957,10.0000000000,0.0157337957,2024,holdout_2020_plus
2024-03,2024-03-28,2024-03-21,2024-03-28,-5,5,84.5533142090,85.9430007935,0.0164356252,10.0000000000,0.0154356252,2024,holdout_2020_plus
2024-04,2024-04-30,2024-04-23,2024-04-30,-5,5,81.1331405640,80.3950119019,-0.0090977455,10.0000000000,-0.0100977455,2024,holdout_2020_plus
2024-05,2024-05-31,2024-05-23,2024-05-31,-5,5,83.3195419312,82.7159729004,-0.0072440272,10.0000000000,-0.0082440272,2024,holdout_2020_plus
2024-06,2024-06-28,2024-06-21,2024-06-28,-5,5,86.2194671631,84.2190322876,-0.0232016613,10.0000000000,-0.0242016613,2024,holdout_2020_plus
2024-07,2024-07-31,2024-07-24,2024-07-31,-5,5,84.2475967407,87.2761535645,0.0359482874,10.0000000000,0.0349482874,2024,holdout_2020_plus
2024-08,2024-08-30,2024-08-23,2024-08-30,-5,5,90.8735885620,89.1187133789,-0.0193111685,10.0000000000,-0.0203111685,2024,holdout_2020_plus
2024-09,2024-09-30,2024-09-23,2024-09-30,-5,5,91.4287872314,90.9006195068,-0.0057768209,10.0000000000,-0.0067768209,2024,holdout_2020_plus
2024-10,2024-10-31,2024-10-24,2024-10-31,-5,5,86.1373138428,85.9421005249,-0.0022663038,10.0000000000,-0.0032663038,2024,holdout_2020_plus
2024-11,2024-11-29,2024-11-21,2024-11-29,-5,5,84.2640838623,87.6499633789,0.0401817638,10.0000000000,0.0391817638,2024,holdout_2020_plus
2024-12,2024-12-31,2024-12-23,2024-12-31,-5,5,82.2167434692,82.0569915771,-0.0019430579,10.0000000000,-0.0029430579,2024,holdout_2020_plus
2025-01,2025-01-31,2025-01-24,2025-01-31,-5,5,81.9536285400,82.4610290527,0.0061913124,10.0000000000,0.0051913124,2025,holdout_2020_plus
2025-02,2025-02-28,2025-02-21,2025-02-28,-5,5,84.4997253418,87.1589126587,0.0314697747,10.0000000000,0.0304697747,2025,holdout_2020_plus
2025-03,2025-03-31,2025-03-24,2025-03-31,-5,5,84.9170150757,86.1089172363,0.0140360817,10.0000000000,0.0130360817,2025,holdout_2020_plus
2025-04,2025-04-30,2025-04-23,2025-04-30,-5,5,82.8963546753,84.9374237061,0.0246219395,10.0000000000,0.0236219395,2025,holdout_2020_plus
2025-05,2025-05-30,2025-05-22,2025-05-30,-5,5,80.4286346436,82.2104339600,0.0221537929,10.0000000000,0.0211537929,2025,holdout_2020_plus
2025-06,2025-06-30,2025-06-23,2025-06-30,-5,5,82.9850921631,84.4005355835,0.0170565988,10.0000000000,0.0160565988,2025,holdout_2020_plus
2025-07,2025-07-31,2025-07-24,2025-07-31,-5,5,82.4499206543,83.4386672974,0.0119920873,10.0000000000,0.0109920873,2025,holdout_2020_plus
2025-08,2025-08-29,2025-08-22,2025-08-29,-5,5,83.8828964233,83.4492645264,-0.0051694912,10.0000000000,-0.0061694912,2025,holdout_2020_plus
2025-09,2025-09-30,2025-09-23,2025-09-30,-5,5,86.3975372314,86.4458999634,0.0005597698,10.0000000000,-0.0004402302,2025,holdout_2020_plus
2025-10,2025-10-31,2025-10-24,2025-10-31,-5,5,88.7851715088,87.6398010254,-0.0129004705,10.0000000000,-0.0139004705,2025,holdout_2020_plus
2025-11,2025-11-28,2025-11-20,2025-11-28,-5,5,86.9237976074,87.8784637451,0.0109827937,10.0000000000,0.0099827937,2025,holdout_2020_plus
2025-12,2025-12-31,2025-12-23,2025-12-31,-5,5,85.8758163452,85.5421295166,-0.0038856903,10.0000000000,-0.0048856903,2025,holdout_2020_plus
2026-01,2026-01-30,2026-01-23,2026-01-30,-5,5,86.2978363037,85.5126800537,-0.0090982148,10.0000000000,-0.0100982148,2026,holdout_2020_plus
2026-02,2026-02-27,2026-02-20,2026-02-27,-5,5,88.0860214233,89.4751281738,0.0157698887,10.0000000000,0.0147698887,2026,holdout_2020_plus
2026-03,2026-03-31,2026-03-24,2026-03-31,-5,5,84.7052917480,85.3749771118,0.0079060629,10.0000000000,0.0069060629,2026,holdout_2020_plus
2026-04,2026-04-30,2026-04-23,2026-04-30,-5,5,85.2343215942,84.3184509277,-0.0107453271,10.0000000000,-0.0117453271,2026,holdout_2020_plus
2026-05,2026-05-29,2026-05-21,2026-05-29,-5,5,83.2460021973,84.7681961060,0.0182854896,10.0000000000,0.0172854896,2026,holdout_2020_plus
2026-06,2026-06-30,2026-06-23,2026-06-30,-5,5,85.5382308960,85.7565383911,0.0025521628,10.0000000000,0.0015521628,2026,holdout_2020_plus
2026-07,2026-07-31,2026-07-24,2026-07-31,-5,5,82.9159851074,81.9199981689,-0.0120120015,10.0000000000,-0.0130120015,2026,holdout_2020_plus
