trade_id,Strategy,Tier,Ticker,Direction,Signal Date,Entry Date,Exit Date,Exit Type,Time Stop,Entry Price,Exit Price,Signal Close,T+1 Open,Return_Pct,R_Multiple,PnL_flat_750k,Risk_flat_750k,PnL_compounded,Risk_compounded,Equity_at_Signal,Risk bps,Entry Criteria,ATR,stop_atr,tgt_atr,Range %,Shares,hold_days_target,Action,Size_Mult,Tranche,Entry Offset ATR,Pivot Rule Version,Pivot Nearest Type,Pivot Level,Pivot Date,Pivot Source Age Bars,Pivot High Source Age Bars,Pivot Low Source Age Bars,Pivot High Expired,Pivot Low Expired,Pivot Max Source Age Bars,Pivot Distance ATR,Pivot Matched Rule,Shares_flat,entry_key,exit_key,entry_live_px,entry_live_qty,entry_orders,exit_live_px,exit_live_qty,exit_orders,entry_ambiguous,live_R,ledger_R,entry_slip_bps,exit_slip_bps,qty_ratio
4399,Overbot Vol Spike,Liquid,CAG,Short,2026-02-03,2026-02-04,2026-02-06,Time,2026-02-06,19.15110412665776,18.874069213867188,18.639972686767578,18.776527404785156,1.446574103291247,0.5546961253529217,1123.0,2024.9001035962706,1252372.0,2257762.300400398,836208333.3980222,60.0,Limit (Open +/- 0.75 ATR),0.49943562916346956,1.0,2.0,92.78360491159175,4520627,2,SELL SHORT,0.75,far,,,,,,,,,False,False,,,,4054,"('CAG', '2026-02-04', 'SELL')","('CAG', '2026-02-06', 'BUY')",19.519586667,3000.0,1.0,19.376056666666667,3000.0,2.0,True,0.2873843833963899,0.5546961253529217,-192.40798750048154,265.9667330406198,0.740009866798224
4402,Overbot Vol Spike,Liquid,CAG,Short,2026-02-03,2026-02-04,2026-02-06,Time,2026-02-06,19.15110412665776,18.874069213867188,18.639972686767578,18.776527404785156,1.446574103291247,0.5546962241077501,749.0,1350.0998964037294,834915.0,1505175.1998907013,836208333.3980222,60.0,Limit (Open +/- 0.75 ATR),0.49943562916346956,1.0,2.0,92.78360491159175,3013752,2,SELL SHORT,0.75,near,,,,,,,,,False,False,,,,2703,"('CAG', '2026-02-04', 'SELL')","('CAG', '2026-02-06', 'BUY')",19.519586667,3000.0,1.0,19.376056666666667,3000.0,2.0,True,0.2873843833963899,0.5546962241077501,-192.40798750048154,265.9667330406198,1.1098779134295227
4425,Overbot Vol Spike,Liquid,GLW,Short,2026-02-20,2026-02-23,2026-02-25,Time,2026-02-25,147.20281451089042,159.88607788085938,139.03700256347656,141.6182403564453,-8.616182653919715,-1.7033407954527864,-2296.0,1348.5099337748345,-2606246.0,1530079.0111747433,850043067.7514129,60.0,Limit (Open +/- 0.75 ATR),7.446098872593471,1.0,2.0,92.7480207863092,205487,2,SELL SHORT,0.75,near,,,,,,,,,False,False,,,,181,"('GLW', '2026-02-23', 'SELL')","('GLW', '2026-02-25', 'BUY')",145.25,301.0,1.0,160.137315615,301.0,1.0,True,-1.9993443371797135,-1.7033407954527864,132.66149274244657,15.713546637115137,1.6629834254143647
4426,Overbot Vol Spike,Liquid,GLW,Short,2026-02-20,2026-02-23,2026-02-25,Time,2026-02-25,147.20281451089042,159.88607788085938,139.03700256347656,141.6182403564453,-8.616182653919715,-1.7033405085966844,-3450.0,2026.4900662251655,-3909362.0,2295114.793706615,850043067.7514129,60.0,Limit (Open +/- 0.75 ATR),7.446098872593471,1.0,2.0,92.7480207863092,308230,2,SELL SHORT,0.75,far,,,,,,,,,False,False,,,,272,"('GLW', '2026-02-23', 'SELL')","('GLW', '2026-02-25', 'BUY')",145.25,301.0,1.0,160.137315615,301.0,1.0,True,-1.9993443371797135,-1.7033405085966844,132.66149274244657,15.713546637115137,1.1066176470588236
4514,Overbot Vol Spike,Liquid,SMH,Short,2026-04-23,2026-04-24,2026-04-28,Target,2026-04-28,507.81358119419644,496.7421526227679,481.8500061035156,499.510009765625,2.1802151382782053,0.9999994395023628,1351.0,1354.4407894736842,1645192.0,1645192.9221267456,913998528.1668175,60.0,Limit (Open +/- 0.75 ATR),11.071428571428571,1.0,2.0,51.668051678705616,148598,2,SELL SHORT,0.75,near,,,,,,,,,False,False,,,,122,"('SMH', '2026-04-24', 'SELL')","('SMH', '2026-04-28', 'BUY')",507.81,194.0,1.0,485.66999999999996,194.0,1.0,True,1.999741935483875,0.9999994395023628,0.0705218278727569,-222.89537065271486,1.5901639344262295
4515,Overbot Vol Spike,Liquid,SMH,Short,2026-04-23,2026-04-24,2026-04-28,Target,2026-04-28,507.81358119419644,485.6707240513393,481.8500061035156,499.510009765625,4.360430276556421,1.9999992263362039,4030.0,2020.5592105263158,4935599.0,2467800.454623934,913998528.1668175,60.0,Limit (Open +/- 0.75 ATR),11.071428571428571,1.0,2.0,51.668051678705616,222898,2,SELL SHORT,0.75,far,,,,,,,,,False,False,,,,182,"('SMH', '2026-04-24', 'SELL')","('SMH', '2026-04-28', 'BUY')",507.81,194.0,1.0,485.66999999999996,194.0,1.0,True,1.999741935483875,1.9999992263362039,0.0705218278727569,-0.014908276399258173,1.065934065934066
4519,Overbot Vol Spike,Liquid,MU,Short,2026-05-01,2026-05-04,2026-05-06,Time,2026-05-06,582.2165249415806,666.487548828125,542.1266479492188,560.5137939453125,-14.474172455857403,-2.912214465795167,-5899.0,2036.6379310344828,-7329135.0,2516687.931497797,932108784.7838646,60.0,Limit (Open +/- 0.75 ATR),28.936974661690847,1.0,2.0,89.63593864084444,86971,2,SELL SHORT,0.75,far,,,,,,,,,False,False,,,,70,"('MU', '2026-05-04', 'SELL')","('MU', '2026-05-06', 'BUY')",582.33,103.0,1.0,665.996232039,103.0,1.0,True,-2.8913261672017225,-2.912214465795167,-1.9490181669240587,-7.371732450049052,1.4714285714285715
4521,Overbot Vol Spike,Liquid,MU,Short,2026-05-01,2026-05-04,2026-05-06,Time,2026-05-06,582.2165249415806,666.487548828125,542.1266479492188,560.5137939453125,-14.474172455857403,-2.912214411950625,-3876.0,1338.3620689655172,-4886118.0,1677801.6000295936,932108784.7838646,60.0,Limit (Open +/- 0.75 ATR),28.936974661690847,1.0,2.0,89.63593864084444,57981,2,SELL SHORT,0.75,near,,,,,,,,,False,False,,,,46,"('MU', '2026-05-04', 'SELL')","('MU', '2026-05-06', 'BUY')",582.33,103.0,1.0,665.996232039,103.0,1.0,True,-2.8913261672017225,-2.912214411950625,-1.9490181669240587,-7.371732450049052,2.239130434782609
4522,Overbot Vol Spike,Liquid,MU,Short,2026-05-04,2026-05-05,2026-05-07,Time,2026-05-07,631.9069666181292,646.5305786132812,576.3613891601562,609.686279296875,-2.3142033191080955,-0.4935802193496825,-658.0,1344.0265486725664,-828632.0,1678819.3033581565,932683974.6694739,60.0,Limit (Open +/- 0.75 ATR),29.62758309500558,1.0,2.0,53.339070777882505,56664,2,SELL SHORT,0.75,near,,,,,,,,,False,False,,,,45,"('MU', '2026-05-05', 'SELL')","('MU', '2026-05-07', 'BUY')",631.87,101.0,1.0,646.502772277,101.0,1.0,True,-0.493890177611776,-0.4935802193496825,0.5850009587179101,-0.43008540046053206,2.2444444444444445
4523,Overbot Vol Spike,Liquid,MU,Short,2026-05-04,2026-05-05,2026-05-07,Time,2026-05-07,631.9069666181292,646.5305786132812,576.3613891601562,609.686279296875,-2.3142033191080955,-0.49358036881574047,-994.0,2030.9734513274336,-1242963.0,2518258.5826544757,932683974.6694739,60.0,Limit (Open +/- 0.75 ATR),29.62758309500558,1.0,2.0,53.339070777882505,84997,2,SELL SHORT,0.75,far,,,,,,,,,False,False,,,,68,"('MU', '2026-05-05', 'SELL')","('MU', '2026-05-07', 'BUY')",631.87,101.0,1.0,646.502772277,101.0,1.0,True,-0.493890177611776,-0.49358036881574047,0.5850009587179101,-0.43008540046053206,1.4852941176470589
4525,Overbot Vol Spike,Liquid,XLK,Short,2026-05-05,2026-05-06,2026-05-08,Time,2026-05-08,169.85675893511092,175.31097412109375,165.4327392578125,167.68006896972656,-3.2110675019217014,-1.879302539004191,-2536.0,1350.580895008606,-3137210.0,1669348.0346503186,927414929.8601842,60.0,Limit (Open +/- 0.75 ATR),2.9022532871791293,1.0,2.0,84.39976779003331,575190,2,SELL SHORT,0.75,near,,,,,,,,,False,False,,,,465,"('XLK', '2026-05-06', 'SELL')","('XLK', '2026-05-08', 'BUY')",169.95,1032.0,1.0,175.53,2132.0,1.0,True,-1.9226440451114253,-1.879302539004191,-5.489393855954304,12.493563509319268,2.2193548387096773
4526,Overbot Vol Spike,Liquid,XLK,Short,2026-05-05,2026-05-06,2026-05-08,Time,2026-05-08,169.85675893511092,175.31097412109375,165.4327392578125,167.68006896972656,-3.2110675019217014,-1.8793027203986217,-3802.0,2024.419104991394,-4705810.0,2504019.149720511,927414929.8601842,60.0,Limit (Open +/- 0.75 ATR),2.9022532871791293,1.0,2.0,84.39976779003331,862784,2,SELL SHORT,0.75,far,,,,,,,,,False,False,,,,697,"('XLK', '2026-05-06', 'SELL')","('XLK', '2026-05-08', 'BUY')",169.95,1032.0,1.0,175.53,2132.0,1.0,True,-1.9226440451114253,-1.8793027203986217,-5.489393855954304,12.493563509319268,1.4806312769010044
4531,Overbot Vol Spike,Liquid,UNH,Short,2026-05-12,2026-05-13,2026-05-15,Target,2026-05-15,400.76656341552734,392.0754928588867,394.138916015625,394.2482604980469,2.168611693193938,0.9999913561810685,269.0,271.75324675324674,334137.0,334139.88824469177,928166356.2352548,60.0,Limit (Open +/- 0.75 ATR),8.691070556640625,1.0,2.0,93.31609860442514,38446,2,SELL SHORT,0.15,near,,,,,,,,,False,False,,,,31,"('UNH', '2026-05-13', 'SELL')","('UNH', '2026-05-15', 'BUY')",403.06,69.0,1.0,393.699721739,69.0,1.0,True,1.0769994559356177,0.9999913561810685,-57.22624574582464,41.42643214626644,2.225806451612903
4532,Overbot Vol Spike,Liquid,UNH,Short,2026-05-12,2026-05-13,2026-05-15,Time,2026-05-15,400.76656341552734,391.61334228515625,394.138916015625,394.2482604980469,2.2839283428145545,1.0531656921156498,421.0,403.24675324675326,527857.0,501209.83236703766,928166356.2352548,60.0,Limit (Open +/- 0.75 ATR),8.691070556640625,1.0,2.0,93.31609860442514,57669,2,SELL SHORT,0.15,far,,,,,,,,,False,False,,,,46,"('UNH', '2026-05-13', 'SELL')","('UNH', '2026-05-15', 'BUY')",403.06,69.0,1.0,393.699721739,69.0,1.0,True,1.0769994559356177,1.0531656921156498,-57.22624574582464,53.2765161081902,1.5
4538,Overbot Vol Spike,Liquid,IBM,Short,2026-05-28,2026-05-29,2026-05-29,EOD-DD,2026-06-02,281.9459972381592,295.6789245605469,262.338134765625,275.3249206542969,-4.870765131234518,-1.5555898115878013,-5246.0,3375.0,-6558393.0,4216016.941706376,936892653.7125281,60.0,Limit (Open +/- 0.75 ATR),8.828102111816406,1.0,2.0,60.72325036126327,477567,2,SELL SHORT,0.75,,,,,,,,,,False,False,,,,382,"('IBM', '2026-05-29', 'SELL')","('IBM', '2026-05-29', 'BUY')",283.97,506.0,1.0,298.2,506.0,1.0,False,-1.6118979843870542,-1.5555898115878013,-71.78689471271964,85.26395458181759,1.324607329842932
4543,Overbot Vol Spike,Overflow,SMCI,Short,2026-05-28,2026-05-29,2026-06-02,Time,2026-06-02,46.42964277948652,50.16999816894531,41.29999923706055,44.5,-8.055964176212335,-1.453774101266818,-1960.0,1348.970251716247,-2451653.0,1686405.7475392022,936892653.7125281,60.0,Limit (Open +/- 0.75 ATR),2.57285703931536,1.0,2.0,62.12120336387018,655460,2,SELL SHORT,0.75,near,,,,,,,,,False,False,,,,524,"('SMCI', '2026-05-29', 'SELL')","('SMCI', '2026-06-02', 'BUY')",46.42999999999999,1749.0,1.0,50.127138,1000.0,1.0,True,-1.436977625847343,-1.453774101266818,-0.07693802753732841,-8.54298794290973,3.3377862595419847
4544,Overbot Vol Spike,Overflow,SMCI,Short,2026-05-28,2026-05-29,2026-06-02,Time,2026-06-02,46.42964277948652,50.16999816894531,41.29999923706055,44.5,-8.055964176212335,-1.4537744015679617,-2944.0,2026.029748283753,-3677484.0,2529611.194167174,936892653.7125281,60.0,Limit (Open +/- 0.75 ATR),2.57285703931536,1.0,2.0,62.12120336387018,983191,2,SELL SHORT,0.75,far,,,,,,,,,False,False,,,,787,"('SMCI', '2026-05-29', 'SELL')","('SMCI', '2026-06-02', 'BUY')",46.42999999999999,1749.0,1.0,50.127138,1000.0,1.0,True,-1.436977625847343,-1.4537744015679617,-0.07693802753732841,-8.54298794290973,2.2223634053367216
4547,Overbot Vol Spike,Liquid,XLK,Short,2026-05-29,2026-06-01,2026-06-03,Time,2026-06-03,195.28375707353865,195.9962921142578,190.79251098632812,192.09095764160156,-0.3648716367387579,-0.16737740066789958,-203.0,1210.4411045943305,-251666.0,1503584.109896299,932221202.1206577,60.0,Limit (Open +/- 0.75 ATR),4.257065909249442,1.0,2.0,74.89736770964963,353197,2,SELL SHORT,0.75,near,,,,,,,,,False,False,,,,284,"('XLK', '2026-06-01', 'SELL')","('XLK', '2026-06-03', 'BUY')",195.51,585.0,1.0,196.3,585.0,1.0,True,-0.18557382404711334,-0.16737740066789958,-11.58534277769665,15.495593435265071,2.0598591549295775
4549,Overbot Vol Spike,Liquid,XLK,Short,2026-05-29,2026-06-01,2026-06-03,Time,2026-06-03,195.28375707353865,195.9962921142578,190.79251098632812,192.09095764160156,-0.3648716367387579,-0.16737679698662736,-303.0,1813.7524437927664,-377497.0,2255372.3502676436,932221202.1206577,60.0,Limit (Open +/- 0.75 ATR),4.257065909249442,1.0,2.0,74.89736770964963,529795,2,SELL SHORT,0.75,far,,,,,,,,,False,False,,,,426,"('XLK', '2026-06-01', 'SELL')","('XLK', '2026-06-03', 'BUY')",195.51,585.0,1.0,196.3,585.0,1.0,True,-0.18557382404711334,-0.16737679698662736,-11.58534277769665,15.495593435265071,1.3732394366197183
4564,LT Trend ST OS,Overflow,AKAM,Long,2026-06-10,2026-06-11,2026-06-12,Time,2026-06-12,128.0371437072754,133.5,129.97000122070312,129.97000122070312,4.2666183691304855,0.7065774783405073,2382.0,3375.0,2980223.0,4217829.029874341,937295339.9720757,45.0,Limit Order -0.25 ATR (Persistent),7.7314300537109375,1.0,2.0,6.095232282366071,545543,1,BUY,1.0,,0.25,,,,,,,,False,False,,,,436,"('AKAM', '2026-06-11', 'BUY')","('AKAM', '2026-06-12', 'SELL')",128.04,100.0,1.0,133.3953,100.0,1.0,False,0.6926661643184056,0.7065774783405073,0.2230831336828014,7.8426966292141,0.22935779816513763
4568,Overbot Vol Spike,Overflow,FWRD,Short,2026-06-11,2026-06-12,2026-06-16,Time,2026-06-16,13.765892624855042,13.770000457763672,12.569999694824219,13.15999984741211,-0.02984065778061833,-0.0050848501096013386,-10.0,2024.8384007661,-12903.0,2537537.9257760695,939828741.7160201,60.0,Limit (Open +/- 0.75 ATR),0.8078570365905762,1.0,2.0,58.1632613341326,3141073,2,SELL SHORT,0.75,far,,,,,,,,,False,False,,,,2506,"('FWRD', '2026-06-12', 'SELL')","('FWRD', '2026-06-16', 'BUY')",13.77,3800.0,1.0,13.77436,3000.0,1.0,True,-0.005396994520714684,-0.0050848501096013386,-2.983733243380083,3.1659710177205436,1.5163607342378291
4569,Overbot Vol Spike,Overflow,FWRD,Short,2026-06-11,2026-06-12,2026-06-16,Time,2026-06-16,13.765892624855042,13.770000457763672,12.569999694824219,13.15999984741211,-0.02984065778061833,-0.005084851728427685,-7.0,1350.1615992339,-8602.0,1691691.4119460217,939828741.7160201,60.0,Limit (Open +/- 0.75 ATR),0.8078570365905762,1.0,2.0,58.1632613341326,2094048,2,SELL SHORT,0.75,near,,,,,,,,,False,False,,,,1671,"('FWRD', '2026-06-12', 'SELL')","('FWRD', '2026-06-16', 'BUY')",13.77,3800.0,1.0,13.77436,3000.0,1.0,True,-0.005396994520714684,-0.005084851728427685,-2.983733243380083,3.1659710177205436,2.2740873728306403
4572,Overbot Vol Spike,Overflow,FUN,Short,2026-06-17,2026-06-18,2026-06-22,Target,2026-06-23,25.891964231218612,24.58267838614328,24.8700008392334,24.90999984741211,5.056726609782249,0.9999997326637509,270.0,270.0,338017.0,338017.0903642211,938937089.5040184,60.0,Limit (Open +/- 0.75 ATR),1.3092858450753349,1.0,2.0,7.236880080510165,258169,2,SELL SHORT,0.15,near,,,,,,,,,False,False,,,,206,"('FUN', '2026-06-18', 'SELL')","('FUN', '2026-06-22', 'BUY')",25.89,387.0,2.0,24.208182299682036,1887.0,3.0,True,1.2845305756904402,0.9999997326637509,0.7586258041570754,-152.34144977153412,1.8786407766990292
4573,LT Trend ST OS,Overflow,CVE,Long,2026-06-17,2026-06-18,2026-06-22,Time,2026-06-22,25.326454298836843,25.670000076293945,25.600000381469727,25.34000015258789,1.3564700901415951,0.313974413746876,1059.0,3375.0,1326610.0,4225216.902768083,938937089.5040184,45.0,Limit Order -0.25 ATR (Persistent),1.094184330531529,1.0,2.0,11.881268518745834,3861522,1,BUY,1.0,,0.25,,,,,,,,False,False,,,,3084,"('CVE', '2026-06-18', 'BUY')","('CVE', '2026-06-22', 'SELL')",25.202195251000003,3032.0,1.0,25.645,3032.0,1.0,False,0.40468935319599464,0.313974413746876,-49.06294673966557,9.739024627831274,0.9831387808041504
4574,LT Trend ST OS,Overflow,PBA,Long,2026-06-17,2026-06-18,2026-06-22,Time,2026-06-22,45.94324745450701,46.41999816894531,46.20000076293945,46.08000183105469,1.0376948536569637,0.4642109612680536,1567.0,3375.0,1961392.0,4225216.902768083,938937089.5040184,45.0,Limit Order -0.25 ATR (Persistent),1.0270132337297713,1.0,2.0,3.1496772526980714,4114082,1,BUY,1.0,,0.25,,,,,,,,False,False,,,,3286,"('PBA', '2026-06-18', 'BUY')","('PBA', '2026-06-22', 'SELL')",45.874737771,3230.0,1.0,46.441349845,3230.0,1.0,False,0.5517086395685976,0.4642109612680536,-14.911806914573916,-4.599671886452029,0.9829580036518564
4575,Overbot Vol Spike,Overflow,FUN,Short,2026-06-16,2026-06-17,2026-06-22,Target,2026-06-22,25.925178698131017,23.458035503114974,24.450000762939453,25.0,9.516398030436344,1.9999993843415937,4049.0,2025.0,5070043.0,2535022.2803538884,938897049.4961159,60.0,Limit (Open +/- 0.75 ATR),1.2335715975080217,1.0,2.0,85.48399749583537,2055026,2,SELL SHORT,0.75,far,,,,,,,,,False,False,,,,1641,"('FUN', '2026-06-17', 'SELL')","('FUN', '2026-06-22', 'BUY')",25.92,1500.0,1.0,24.208182299682036,1887.0,3.0,True,1.3876922132254539,1.9999993843415937,1.9975554233647248,319.78244574975196,0.9140767824497258
4576,Overbot Vol Spike,Overflow,FUN,Short,2026-06-16,2026-06-17,2026-06-22,Target,2026-06-22,25.925178698131017,24.691607100622996,24.450000762939453,25.0,4.758199015218172,0.9999997382397321,1350.0,1350.0,1690014.0,1690014.4423786332,938897049.4961159,60.0,Limit (Open +/- 0.75 ATR),1.2335715975080217,1.0,2.0,85.48399749583537,1370017,2,SELL SHORT,0.75,near,,,,,,,,,False,False,,,,1094,"('FUN', '2026-06-17', 'SELL')","('FUN', '2026-06-22', 'BUY')",25.92,1500.0,1.0,24.208182299682036,1887.0,3.0,True,1.3876922132254539,0.9999997382397321,1.9975554233647248,-195.78506938447188,1.3711151736745886
4584,Overbot Vol Spike,Overflow,FUN,Short,2026-06-17,2026-06-18,2026-06-22,Target,2026-06-23,25.891964231218612,23.273392541067942,24.8700008392334,24.90999984741211,10.11345321956451,1.9999988553280128,809.0,405.0,1014052.0,507026.2901893956,938937089.5040184,60.0,Limit (Open +/- 0.75 ATR),1.3092858450753349,1.0,2.0,7.236880080510165,387254,2,SELL SHORT,0.15,far,,,,,,,,,False,False,,,,309,"('FUN', '2026-06-18', 'SELL')","('FUN', '2026-06-22', 'BUY')",25.89,387.0,2.0,24.208182299682036,1887.0,3.0,True,1.2845305756904402,1.9999988553280128,0.7586258041570754,401.6559927670949,1.2524271844660195
4585,Overbot Vol Spike,Overflow,WDC,Short,2026-06-17,2026-06-18,2026-06-23,Target,2026-06-23,799.7567400251116,704.8054983956473,712.1300048828125,764.1500244140625,11.872515338411896,1.9999860783972017,4083.0,2044.0140845070423,5070206.0,2535120.646471343,938937089.5040184,60.0,Limit (Open +/- 0.75 ATR),47.475620814732146,1.0,2.0,37.73311781976655,53398,2,SELL SHORT,0.75,far,,,,,,,,,False,False,,,,43,"('WDC', '2026-06-18', 'SELL')","('WDC', '2026-06-23', 'BUY')",798.66,71.0,2.0,681.05,43.0,1.0,True,2.4772714496764303,1.9999860783972017,13.713420221719355,-337.0504124857443,1.6511627906976745
4586,Overbot Vol Spike,Liquid,XBI,Short,2026-06-23,2026-06-24,2026-06-26,Time,2026-06-26,150.61991037641252,155.3800048828125,147.02999877929688,147.32000732421875,-3.1603355057801332,-1.0818717639888875,-290.0,269.11764705882354,-371497.0,343383.5805366447,953848168.0146993,60.0,Limit (Open +/- 0.75 ATR),4.399870736258371,1.0,2.0,62.795741971897534,78044,2,SELL SHORT,0.15,near,,,,,,,,,False,False,,,,61,"('XBI', '2026-06-24', 'SELL')","('XBI', '2026-06-26', 'BUY')",150.62000000000003,115.0,2.0,155.4193,115.0,2.0,True,-1.0907820451291852,-1.0818717639888875,-0.00595031475514828,2.5289687187955123,1.8852459016393444
4587,Overbot Vol Spike,Liquid,XBI,Short,2026-06-23,2026-06-24,2026-06-26,Time,2026-06-26,150.61991037641252,155.3800048828125,147.02999877929688,147.32000732421875,-3.1603355057801332,-1.0818712590246409,-438.0,405.88235294117646,-557250.0,515079.77067658474,953848168.0146993,60.0,Limit (Open +/- 0.75 ATR),4.399870736258371,1.0,2.0,62.795741971897534,117067,2,SELL SHORT,0.15,far,,,,,,,,,False,False,,,,92,"('XBI', '2026-06-24', 'SELL')","('XBI', '2026-06-26', 'BUY')",150.62000000000003,115.0,2.0,155.4193,115.0,2.0,True,-1.0907820451291852,-1.0818712590246409,-0.00595031475514828,2.5289687187955123,1.25
4588,Overbot Vol Spike,Liquid,GPC,Short,2026-06-24,2026-06-25,2026-06-29,Time,2026-06-29,113.26161466326032,117.18000030517578,110.7300033569336,110.81999969482422,-3.4595883641296044,-1.2036219440562563,-486.0,404.3478260869565,-616037.0,511819.349125465,947816020.9702829,60.0,Limit (Open +/- 0.75 ATR),3.255486624581473,1.0,2.0,93.16245818507466,157217,2,SELL SHORT,0.15,far,,,,,,,,,False,False,,,,124,"('GPC', '2026-06-25', 'SELL')","('GPC', '2026-06-29', 'BUY')",113.25999999999999,155.0,2.0,116.895,155.0,2.0,True,-1.1165765426750363,-1.2036219440562563,0.14256050164278897,-24.32158255961337,1.25
4589,Overbot Vol Spike,Liquid,HRL,Short,2026-06-24,2026-06-25,2026-06-29,Time,2026-06-29,25.793944188526698,25.998279571533203,25.247283935546875,25.375743865966797,-0.792183550964628,-0.36645356047051403,-99.0,270.0,-125039.0,341213.76754930185,947816020.9702829,60.0,Limit (Open +/- 0.75 ATR),0.5576004300798688,1.0,2.0,84.99979491435865,611932,2,SELL SHORT,0.15,near,,,,,,,,,False,False,,,,484,"('HRL', '2026-06-25', 'SELL')","('HRL', '2026-06-29', 'BUY')",26.1,897.0,2.0,26.285,897.0,2.0,True,-0.3317787971818816,-0.36645356047051403,-118.65413417830023,110.28438542554228,1.853305785123967
4590,Overbot Vol Spike,Liquid,XBI,Short,2026-06-24,2026-06-25,2026-06-29,Time,2026-06-29,153.2907669884818,158.30999755859375,149.7100067138672,149.88999938964844,-3.2743202142690606,-1.1069287470934996,-447.0,405.9121621621622,-566551.0,511822.46507520217,947816020.9702829,60.0,Limit (Open +/- 0.75 ATR),4.534356798444476,1.0,2.0,53.58753292962469,112876,2,SELL SHORT,0.15,far,,,,,,,,,False,False,,,,89,"('XBI', '2026-06-25', 'SELL')","('XBI', '2026-06-29', 'BUY')",153.29,112.0,2.0,158.185,112.0,2.0,True,-1.079535691077344,-1.1069287470934996,0.05003487795659962,-7.895746353447046,1.2584269662921348
4591,Overbot Vol Spike,Liquid,XBI,Short,2026-06-24,2026-06-25,2026-06-29,Time,2026-06-29,153.2907669884818,158.30999755859375,149.7100067138672,149.88999938964844,-3.2743202142690606,-1.1069278077623896,-296.0,269.0878378378378,-377697.0,341211.95379805245,947816020.9702829,60.0,Limit (Open +/- 0.75 ATR),4.534356798444476,1.0,2.0,53.58753292962469,75250,2,SELL SHORT,0.15,near,,,,,,,,,False,False,,,,59,"('XBI', '2026-06-25', 'SELL')","('XBI', '2026-06-29', 'BUY')",153.29,112.0,2.0,158.185,112.0,2.0,True,-1.079535691077344,-1.1069278077623896,0.05003487795659962,-7.895746353447046,1.8983050847457628
4592,Overbot Vol Spike,Overflow,FBIN,Short,2026-06-24,2026-06-25,2026-06-29,Time,2026-06-29,46.25837666647775,50.675376892089844,44.391910552978516,44.73988342285156,-9.548541353836521,-2.1816004727650973,-587.0,269.5945945945946,-744393.0,341214.1724815954,947816020.9702829,60.0,Limit (Open +/- 0.75 ATR),2.024657658168248,1.0,2.0,99.07405872307973,168529,2,SELL SHORT,0.15,near,,,,,,,,,False,False,,,,133,"('FBIN', '2026-06-25', 'SELL')","('FBIN', '2026-06-29', 'BUY')",46.53,249.0,2.0,50.83,249.0,2.0,True,-2.1238158375329,-2.1816004727650973,-58.718734442553014,30.512473195693268,1.8721804511278195
4593,Overbot Vol Spike,Overflow,FBIN,Short,2026-06-24,2026-06-25,2026-06-29,Time,2026-06-29,46.25837666647775,50.675376892089844,44.391910552978516,44.73988342285156,-9.548541353836521,-2.181599903231566,-883.0,405.4054054054054,-1116587.0,511820.24639165925,947816020.9702829,60.0,Limit (Open +/- 0.75 ATR),2.024657658168248,1.0,2.0,99.07405872307973,252793,2,SELL SHORT,0.15,far,,,,,,,,,False,False,,,,200,"('FBIN', '2026-06-25', 'SELL')","('FBIN', '2026-06-29', 'BUY')",46.53,249.0,2.0,50.83,249.0,2.0,True,-2.1238158375329,-2.181599903231566,-58.718734442553014,30.512473195693268,1.245
4594,Overbot Vol Spike,Overflow,HNI,Short,2026-06-24,2026-06-25,2026-06-29,Time,2026-06-29,38.55867780957903,39.62047576904297,37.0684814453125,37.3564453125,-2.7537198363169972,-0.6623895229717104,-178.0,269.3586698337292,-226016.0,341213.126358058,947816020.9702829,60.0,Limit (Open +/- 0.75 ATR),1.6029766627720423,1.0,2.0,99.02282942748741,212862,2,SELL SHORT,0.15,near,,,,,,,,,False,False,,,,168,"('HNI', '2026-06-25', 'SELL')","('HNI', '2026-06-29', 'BUY')",38.83,314.0,2.0,39.886815286598726,314.0,2.0,True,-0.6592830146205415,-0.6623895229717104,-70.36605138819455,67.22269543362181,1.869047619047619
4595,Overbot Vol Spike,Overflow,HNI,Short,2026-06-24,2026-06-25,2026-06-29,Time,2026-06-29,38.55867780957903,39.62047576904297,37.0684814453125,37.3564453125,-2.7537198363169972,-0.6623913560413938,-269.0,405.6413301662708,-339026.0,511821.29251519666,947816020.9702829,60.0,Limit (Open +/- 0.75 ATR),1.6029766627720423,1.0,2.0,99.02282942748741,319294,2,SELL SHORT,0.15,far,,,,,,,,,False,False,,,,253,"('HNI', '2026-06-25', 'SELL')","('HNI', '2026-06-29', 'BUY')",38.83,314.0,2.0,39.886815286598726,314.0,2.0,True,-0.6592830146205415,-0.6623913560413938,-70.36605138819455,67.22269543362181,1.2411067193675889
4596,Overbot Vol Spike,Liquid,GPC,Short,2026-06-24,2026-06-25,2026-06-29,Time,2026-06-29,113.26161466326032,117.18000030517578,110.7300033569336,110.81999969482422,-3.4595883641296044,-1.203622103512503,-325.0,270.6521739130435,-410694.0,341215.06974778965,947816020.9702829,60.0,Limit (Open +/- 0.75 ATR),3.255486624581473,1.0,2.0,93.16245818507466,104812,2,SELL SHORT,0.15,near,,,,,,,,,False,False,,,,83,"('GPC', '2026-06-25', 'SELL')","('GPC', '2026-06-29', 'BUY')",113.25999999999999,155.0,2.0,116.895,155.0,2.0,True,-1.1165765426750363,-1.203622103512503,0.14256050164278897,-24.32158255961337,1.8674698795180722
4597,Overbot Vol Spike,Liquid,HRL,Short,2026-06-24,2026-06-25,2026-06-29,Time,2026-06-29,25.793944188526698,25.998279571533203,25.247283935546875,25.375743865966797,-0.792183550964628,-0.36645453737521433,-148.0,405.0,-187559.0,511820.6513239528,947816020.9702829,60.0,Limit (Open +/- 0.75 ATR),0.5576004300798688,1.0,2.0,84.99979491435865,917898,2,SELL SHORT,0.15,far,,,,,,,,,False,False,,,,726,"('HRL', '2026-06-25', 'SELL')","('HRL', '2026-06-29', 'BUY')",26.1,897.0,2.0,26.285,897.0,2.0,True,-0.3317787971818816,-0.36645453737521433,-118.65413417830023,110.28438542554228,1.2355371900826446
4598,Overbot Vol Spike,Overflow,JACK,Short,2026-06-26,2026-06-29,2026-07-01,Time,2026-07-01,14.745357275009155,17.40999984741211,13.8100004196167,13.960000038146973,-18.071061437887742,-2.5446786063134796,-687.0,270.4192546583851,-858439.0,337346.72735101724,937073660.8952833,60.0,Limit (Open +/- 0.75 ATR),1.0471429824829102,1.0,2.0,90.29856429227715,322159,2,SELL SHORT,0.15,near,,,,,,,,,False,False,,,,258,"('JACK', '2026-06-29', 'SELL')","('JACK', '2026-07-01', 'BUY')",14.75,483.0,2.0,17.268,483.0,2.0,True,-2.4046381842043196,-2.5446786063134796,-3.148601220204645,-81.56223357647882,1.872093023255814
4599,Overbot Vol Spike,Liquid,AMAT,Short,2026-06-29,2026-06-30,2026-07-01,Target,2026-07-02,732.9396302359445,684.6933817182269,693.8980102539062,696.7549438476562,6.582567857899349,0.9999654188094804,241.0,259.61538461538464,334154.0,334165.5558427517,928237655.118755,60.0,Limit (Open +/- 0.75 ATR),48.24624851771763,1.0,2.0,81.33457632264314,6926,2,SELL SHORT,0.15,near,,,,,,,,,False,False,,,,5,"('AMAT', '2026-06-30', 'SELL')","('AMAT', '2026-07-01', 'BUY')",733.73,10.0,2.0,670.35,4.0,1.0,True,1.3136772691606218,0.9999654188094804,-10.783558856015118,-209.4862036234726,2.0
4600,Overbot Vol Spike,Overflow,JACK,Short,2026-06-26,2026-06-29,2026-07-01,Time,2026-07-01,14.745357275009155,17.40999984741211,13.8100004196167,13.960000038146973,-18.071061437887742,-2.544678274946705,-1029.0,404.5807453416149,-1287657.0,506019.5674547377,937073660.8952833,60.0,Limit (Open +/- 0.75 ATR),1.0471429824829102,1.0,2.0,90.29856429227715,483238,2,SELL SHORT,0.15,far,,,,,,,,,False,False,,,,386,"('JACK', '2026-06-29', 'SELL')","('JACK', '2026-07-01', 'BUY')",14.75,483.0,2.0,17.268,483.0,2.0,True,-2.4046381842043196,-2.544678274946705,-3.148601220204645,-81.56223357647882,1.2512953367875648
4601,Overbot Vol Spike,Overflow,FBIN,Short,2026-06-29,2026-06-30,2026-07-02,Time,2026-07-02,53.565893036978586,52.91237258911133,50.675376892089844,51.7491340637207,1.2200309017831703,0.2697880289885124,546.0,2025.4845656855707,676154.0,2506241.668820638,928237655.118755,60.0,Limit (Open +/- 0.75 ATR),2.422345297677176,1.0,2.0,90.14930604073274,1034634,2,SELL SHORT,0.75,far,,,,,,,,,False,False,,,,836,"('FBIN', '2026-06-30', 'SELL')","('FBIN', '2026-07-02', 'BUY')",53.88,1385.0,2.0,53.3231191334,1385.0,2.0,True,0.22989326382741773,0.2697880289885124,-58.639358967575895,77.62769352232692,1.6566985645933014
4602,LT Trend ST OS,Overflow,STLD,Long,2026-06-30,2026-07-01,2026-07-02,Time,2026-07-02,226.11000061035156,220.38999938964844,229.4600067138672,226.11000061035156,-2.5297426939378185,-0.5533510733791129,-1865.0,3375.0,-2300710.0,4157776.338898928,923950297.533095,45.0,Limit Order -0.25 ATR (Persistent),10.336995806012835,1.0,2.0,6.853229530797171,402222,1,BUY,1.0,,0.25,,,,,,,,False,False,,,,326,"('STLD', '2026-07-01', 'BUY')","('STLD', '2026-07-02', 'SELL')",226.64562130199997,338.0,1.0,220.55499999999998,338.0,1.0,False,-0.5892061307074526,-0.5533510733791129,23.68850073869235,-7.486755787853179,1.0368098159509203
4603,Overbot Vol Spike,Overflow,FBIN,Short,2026-06-29,2026-06-30,2026-07-02,Time,2026-07-02,53.565893036978586,52.91237258911133,50.675376892089844,51.7491340637207,1.2200309017831703,0.2697884279923325,364.0,1349.5154343144293,450770.0,1670827.779213759,928237655.118755,60.0,Limit (Open +/- 0.75 ATR),2.422345297677176,1.0,2.0,90.14930604073274,689756,2,SELL SHORT,0.75,near,,,,,,,,,False,False,,,,557,"('FBIN', '2026-06-30', 'SELL')","('FBIN', '2026-07-02', 'BUY')",53.88,1385.0,2.0,53.3231191334,1385.0,2.0,True,0.22989326382741773,0.2697884279923325,-58.639358967575895,77.62769352232692,2.4865350089766607
4604,Overbot Vol Spike,Liquid,AMAT,Short,2026-06-29,2026-06-30,2026-07-02,Target,2026-07-02,732.9396302359445,636.4471332005093,693.8980102539062,696.7549438476562,13.165135715798698,1.9999288425998598,772.0,415.38461538461536,1002461.0,501248.33376412763,928237655.118755,60.0,Limit (Open +/- 0.75 ATR),48.24624851771763,1.0,2.0,81.33457632264314,10389,2,SELL SHORT,0.15,far,,,,,,,,,False,False,,,,8,"('AMAT', '2026-06-30', 'SELL')","('AMAT', '2026-07-02', 'BUY')",733.73,10.0,2.0,637.13,6.0,1.0,True,2.0022282139620717,1.9999288425998598,-10.783558856015118,10.729356200518946,1.25
4605,LT Trend ST OS,Overflow,WCC,Long,2026-07-01,2026-07-02,2026-07-06,Time,2026-07-06,317.2588985988072,316.989990234375,320.7099914550781,322.5199890136719,-0.08475991236805541,-0.01947983875480163,-66.0,3375.0,-79488.0,4080526.5895954515,906783686.5767672,45.0,Limit Order -0.25 ATR (Persistent),13.804371425083705,1.0,2.0,1.5173650011203226,295596,1,BUY,1.0,,0.25,,,,,,,,False,False,,,,244,"('WCC', '2026-07-02', 'BUY')","('WCC', '2026-07-06', 'SELL')",317.26,254.0,1.0,317.631732283,254.0,1.0,False,0.026928591788291035,-0.01947983875480163,0.03471616391686814,-20.24486792628784,1.040983606557377
4606,Overbot Vol Spike,Overflow,RLI,Short,2026-06-30,2026-07-01,2026-07-06,Time,2026-07-06,60.52678530556815,61.779998779296875,59.06999969482422,59.47999954223633,-2.0705105473583427,-0.8979009312884983,-1212.0,1349.7208436724566,-1493309.0,1663111.0938453802,923950297.533095,60.0,Limit (Open +/- 0.75 ATR),1.395714351109096,1.0,2.0,90.98356555019136,1191584,2,SELL SHORT,0.75,near,,,,,,,,,False,False,,,,967,"('RLI', '2026-07-01', 'SELL')","('RLI', '2026-07-06', 'BUY')",60.53,2418.0,2.0,61.86776840353102,2418.0,2.0,True,-0.9584829463621735,-0.8979009312884983,-0.531119307860934,14.206802519969294,2.5005170630816957
4607,Overbot Vol Spike,Overflow,RLI,Short,2026-06-30,2026-07-01,2026-07-06,Time,2026-07-06,60.52678530556815,61.779998779296875,59.06999969482422,59.47999954223633,-2.0705105473583427,-0.8979008323627482,-1818.0,2025.2791563275434,-2239962.0,2494665.245053548,923950297.533095,60.0,Limit (Open +/- 0.75 ATR),1.395714351109096,1.0,2.0,90.98356555019136,1787375,2,SELL SHORT,0.75,far,,,,,,,,,False,False,,,,1451,"('RLI', '2026-07-01', 'SELL')","('RLI', '2026-07-06', 'BUY')",60.53,2418.0,2.0,61.86776840353102,2418.0,2.0,True,-0.9584829463621735,-0.8979008323627482,-0.531119307860934,14.206802519969294,1.6664369400413508
4608,Overbot Vol Spike,Overflow,BRO,Short,2026-07-01,2026-07-02,2026-07-06,Target,2026-07-07,69.6366457939148,67.7239317893982,67.20442199707031,68.20211029052734,2.7467061095635716,0.9999997543675255,1350.0,1350.765306122449,1632211.0,1632211.4009241252,906783686.5767672,60.0,Limit (Open +/- 0.75 ATR),1.9127140045166016,1.0,2.0,78.02189491198548,853348,2,SELL SHORT,0.75,near,,,,,,,,,False,False,,,,706,"('BRO', '2026-07-02', 'SELL')","('BRO', '2026-07-06', 'BUY')",69.8,1760.0,2.0,67.88,704.0,1.0,True,1.0038092445949554,0.9999997543675255,-23.458080759466586,23.044765192772477,2.492917847025496
4609,Oversold Low Volume,Overflow,GLNG,Long,2026-06-17,2026-06-18,2026-07-06,Time,2026-07-06,48.89554105486189,49.32173156738281,49.21226119995117,49.21226119995117,0.8716347203167872,0.26912757999596015,378.0,1406.25,473801.0,1760507.0428200343,938937089.5040184,37.5,Limit Order -0.25 ATR (Persistent),1.2668805803571428,1.25,2.5,65.45446942558856,1111711,10,BUY,0.5,,0.25,olv_close_pivot_40_v2_20260901,High,44.79655838012695,2025-08-26,203.0,203.0,140.0,False,False,252.0,3.485492546250413,default,888,"('GLNG', '2026-06-18', 'BUY')","('GLNG', '2026-07-06', 'SELL')",49.13000000000001,1477.0,1.0,49.50033852400001,1477.0,1.0,False,0.23385852131104345,0.26912757999596015,47.950986957083536,-36.212628985497744,1.6632882882882882
4610,Overbot Vol Spike,Overflow,BRO,Short,2026-07-01,2026-07-02,2026-07-07,Time,2026-07-07,69.6366457939148,69.1100082397461,67.20442199707031,68.20211029052734,0.7562649638916431,0.2753350561721713,557.0,2024.234693877551,674107.0,2448315.188671327,906783686.5767672,60.0,Limit (Open +/- 0.75 ATR),1.9127140045166016,1.0,2.0,78.02189491198548,1280021,2,SELL SHORT,0.75,far,,,,,,,,,False,False,,,,1058,"('BRO', '2026-07-02', 'SELL')","('BRO', '2026-07-07', 'BUY')",69.8,1760.0,2.0,69.357916667,1056.0,1.0,True,0.23112882111809846,0.2753350561721713,-23.458080759466586,35.871566733706246,1.66351606805293
4611,Overbot Vol Spike,Overflow,RLI,Short,2026-07-01,2026-07-02,2026-07-07,Time,2026-07-07,62.26321336201259,62.119998931884766,60.65999984741211,61.209999084472656,0.23001451803514472,0.10198395445284002,207.0,2025.2808988764045,249689.0,2448316.515471682,906783686.5767672,60.0,Limit (Open +/- 0.75 ATR),1.4042857033865792,1.0,2.0,77.29462367176644,1743460,2,SELL SHORT,0.75,far,,,,,,,,,False,False,,,,1442,"('RLI', '2026-07-02', 'SELL')","('RLI', '2026-07-07', 'BUY')",62.26,1250.0,2.0,62.25536000028,1250.0,2.0,True,0.003304170731645679,0.10198395445284002,0.5160931855398271,21.79025607255062,0.8668515950069348
4612,Overbot Vol Spike,Overflow,ACIW,Short,2026-07-01,2026-07-02,2026-07-07,Time,2026-07-07,54.253571782793315,55.619998931884766,52.529998779296875,52.90999984741211,-2.518593899332572,-0.762757872112269,-309.0,405.718085106383,-373495.0,489663.90732316946,906783686.5767672,60.0,Limit (Open +/- 0.75 ATR),1.7914292471749442,1.0,2.0,74.52824586815896,273337,2,SELL SHORT,0.15,far,,,,,,,,,False,False,,,,226,"('ACIW', '2026-07-02', 'SELL')","('ACIW', '2026-07-07', 'BUY')",54.21000000000001,377.0,2.0,55.77762334203713,377.0,2.0,True,-0.8750685211315159,-0.762757872112269,8.031136266520697,28.33952052847051,1.668141592920354
4613,Overbot Vol Spike,Overflow,AJG,Short,2026-07-01,2026-07-02,2026-07-07,Time,2026-07-07,245.94054085867745,254.6699981689453,239.6699981689453,240.9600067138672,-3.54941779008447,-1.314533140205371,-532.0,407.6732673267327,-643675.0,489660.53446125967,906783686.5767672,60.0,Limit (Open +/- 0.75 ATR),6.640712193080357,1.0,2.0,69.4809370693615,73736,2,SELL SHORT,0.15,far,,,,,,,,,False,False,,,,61,"('AJG', '2026-07-02', 'SELL')","('AJG', '2026-07-07', 'BUY')",245.93999999999997,102.0,2.0,254.78800000000004,102.0,2.0,True,-1.3323872113023831,-1.314533140205371,0.02199144051621733,4.633519138616623,1.6721311475409837
4614,Overbot Vol Spike,Overflow,AJG,Short,2026-07-01,2026-07-02,2026-07-07,Time,2026-07-07,245.94054085867745,254.6699981689453,239.6699981689453,240.9600067138672,-3.54941779008447,-1.314534713817637,-349.0,267.3267326732673,-429123.0,326444.7834578307,906783686.5767672,60.0,Limit (Open +/- 0.75 ATR),6.640712193080357,1.0,2.0,69.4809370693615,49158,2,SELL SHORT,0.15,near,,,,,,,,,False,False,,,,40,"('AJG', '2026-07-02', 'SELL')","('AJG', '2026-07-07', 'BUY')",245.93999999999997,102.0,2.0,254.78800000000004,102.0,2.0,True,-1.3323872113023831,-1.314534713817637,0.02199144051621733,4.633519138616623,2.55
4615,Overbot Vol Spike,Overflow,ACIW,Short,2026-07-01,2026-07-02,2026-07-07,Time,2026-07-07,54.253571782793315,55.619998931884766,52.529998779296875,52.90999984741211,-2.518593899332572,-0.7627586204380632,-205.0,269.281914893617,-248996.0,326441.4105959209,906783686.5767672,60.0,Limit (Open +/- 0.75 ATR),1.7914292471749442,1.0,2.0,74.52824586815896,182224,2,SELL SHORT,0.15,near,,,,,,,,,False,False,,,,150,"('ACIW', '2026-07-02', 'SELL')","('ACIW', '2026-07-07', 'BUY')",54.21000000000001,377.0,2.0,55.77762334203713,377.0,2.0,True,-0.8750685211315159,-0.7627586204380632,8.031136266520697,28.33952052847051,2.513333333333333
4616,Overbot Vol Spike,Overflow,RLI,Short,2026-07-01,2026-07-02,2026-07-07,Time,2026-07-07,62.26321336201259,62.119998931884766,60.65999984741211,61.209999084472656,0.23001451803514472,0.10198380872594554,138.0,1349.7191011235955,166459.0,1632210.0741237705,906783686.5767672,60.0,Limit (Open +/- 0.75 ATR),1.4042857033865792,1.0,2.0,77.29462367176644,1162306,2,SELL SHORT,0.75,near,,,,,,,,,False,False,,,,961,"('RLI', '2026-07-02', 'SELL')","('RLI', '2026-07-07', 'BUY')",62.26,1250.0,2.0,62.25536000028,1250.0,2.0,True,0.003304170731645679,0.10198380872594554,0.5160931855398271,21.79025607255062,1.3007284079084287
4619,Oversold Low Volume,Liquid,OXY,Long,2026-06-18,2026-06-22,2026-07-07,Time,2026-07-07,51.320344652448384,51.68000030517578,51.81999969482422,52.029998779296875,0.7008052170402544,0.14396133544175768,283.0,1968.75,352961.0,2451776.3670148584,934010044.577089,52.5,Limit Order -0.25 ATR (Persistent),1.9986201695033483,1.25,2.5,51.219618095938124,981387,10,BUY,0.5,,0.25,olv_close_pivot_40_v2_20260901,Low,38.5579833984375,2025-12-16,126.0,56.0,126.0,False,False,252.0,6.6355861402531,default,788,"('OXY', '2026-06-22', 'BUY')","('OXY', '2026-07-07', 'SELL')",51.32,1334.0,1.0,51.83,1000.0,1.0,False,0.20414083987823725,0.14396133544175768,-0.06715707985156714,-29.024708579422065,1.6928934010152283
4622,Oversold Low Volume,Liquid,OXY,Long,2026-06-26,2026-06-29,2026-07-08,Target,2026-07-14,49.54507759639195,53.99431841714041,49.9900016784668,50.0099983215332,8.980187410328073,1.9999990976162005,7871.0,3937.5,9839269.0,4919636.719700238,937073660.8952833,52.5,Limit Order -0.25 ATR (Persistent),1.779696328299386,1.25,2.5,11.475661005077919,2211449,10,BUY,1.0,,0.25,olv_close_pivot_40_v2_20260901,Low,38.5579833984375,2025-12-16,131.0,61.0,131.0,False,False,252.0,6.423578055562616,default,1769,"('OXY', '2026-06-29', 'BUY')","('OXY', '2026-07-08', 'SELL')",49.36192147531231,5043.0,3.0,53.61075933712589,4043.0,3.0,False,1.909915885874135,1.9999990976162005,-36.96757174782969,71.03693337719048,2.8507631430186544
4623,Oversold Low Volume,Liquid,OXY,Long,2026-06-22,2026-06-24,2026-07-08,Time,2026-07-08,51.0,53.59000015258789,52.0,52.099998474121094,5.078431671740962,1.119754501660178,3085.0,2756.25,3903814.0,3486312.3963441104,948656434.37935,52.5,Limit Order -0.25 ATR (Persistent),1.850405011858259,1.25,2.5,76.06844294899383,1507264,10,BUY,0.7,,0.25,olv_close_pivot_40_v2_20260901,Low,38.5579833984375,2025-12-16,127.0,57.0,127.0,False,False,252.0,7.264364566362382,default,1191,"('OXY', '2026-06-24', 'BUY')","('OXY', '2026-07-08', 'SELL')",51.0,1711.0,1.0,53.61075933712589,4043.0,3.0,False,1.128729903083888,1.119754501660178,0.0,-3.8737048850331792,1.436607892527288
4624,Overbot Vol Spike,Overflow,COR,Short,2026-07-06,2026-07-07,2026-07-09,Time,2026-07-09,306.3894375392369,301.8746032714844,297.97216796875,300.6470031738281,1.473560676246987,0.5896665537265907,1068.0,1814.516129032258,1316944.0,2233370.6934489356,923125986.1375011,60.0,Limit (Open +/- 0.75 ATR),7.656579153878348,1.0,2.0,81.42670189387393,291693,2,SELL SHORT,0.75,far,,,,,,,,,False,False,,,,237,"('COR', '2026-07-07', 'SELL')","('COR', '2026-07-09', 'BUY')",306.98,301.0,2.0,301.7240863787376,301.0,2.0,True,0.686457165221118,0.5896665537265907,-19.274896207461303,-4.986073393243664,1.270042194092827
4625,Overbot Vol Spike,Overflow,COR,Short,2026-07-06,2026-07-07,2026-07-09,Time,2026-07-09,306.3894375392369,301.8746032714844,297.97216796875,300.6470031738281,1.473560676246987,0.5896663400471072,712.0,1209.6774193548388,877961.0,1488911.5087184077,923125986.1375011,60.0,Limit (Open +/- 0.75 ATR),7.656579153878348,1.0,2.0,81.42670189387393,194461,2,SELL SHORT,0.75,near,,,,,,,,,False,False,,,,158,"('COR', '2026-07-07', 'SELL')","('COR', '2026-07-09', 'BUY')",306.98,301.0,2.0,301.7240863787376,301.0,2.0,True,0.686457165221118,0.5896663400471072,-19.274896207461303,-4.986073393243664,1.9050632911392404
4626,Monday Dip,Liquid,SMH,Long,2026-07-06,2026-07-07,2026-07-09,Time,2026-07-09,572.00876726423,607.72998046875,604.2999877929688,580.02001953125,6.244871625895765,1.114717713878346,3751.0,3375.0,4630612.0,4154066.9376187553,923125986.1375011,45.0,Limit (Open +/- 0.25 ATR),32.045009068080354,1.0,2.0,1.765532461486737,129632,2,BUY,1.0,,,,,,,,,,False,False,,,,105,"('SMH', '2026-07-07', 'BUY')","('SMH', '2026-07-09', 'SELL')",572.01,105.0,1.0,605.6188809523809,105.0,2.0,False,1.0488023542442464,1.114717713878346,0.021550994330512177,34.73745880926904,1.0
4632,LT Trend ST OS,Overflow,ATRO,Long,2026-07-16,2026-07-17,2026-07-20,Time,2026-07-20,64.95999908447266,67.25,66.04000091552734,64.95999908447266,3.5252477644734466,0.5657310786430956,1908.0,3375.0,2539036.0,4488061.723760821,997347049.7246269,45.0,Limit Order -0.25 ATR (Persistent),4.047858101981027,1.0,2.0,5.732566615372155,1108749,1,BUY,1.0,,0.25,,,,,,,,False,False,,,,833,"('ATRO', '2026-07-17', 'BUY')","('ATRO', '2026-07-20', 'SELL')",64.52,833.0,1.0,67.9516666665,600.0,2.0,False,0.8477734594551486,0.5657310786430956,-67.73385016531395,-104.3370507806696,1.0
4636,Oversold Low Volume,Liquid,SLV,Long,2026-07-16,2026-07-17,2026-07-22,Target,2026-07-31,49.70000076293945,54.50178500584194,50.38999938964844,49.70000076293945,9.661537563764192,1.9999990408633472,7875.0,3937.5,10472139.0,5236072.011054291,997347049.7246269,52.5,Limit Order -0.25 ATR (Persistent),1.9207136971609933,1.25,2.5,34.90551438966722,2180885,10,BUY,1.0,,0.25,olv_close_pivot_40_v2_20260901,Low,60.77000045776367,2026-03-26,76.0,43.0,76.0,False,False,252.0,-5.404241706329222,default,1640,"('SLV', '2026-07-17', 'BUY')","('SLV', '2026-07-22', 'SELL')",49.705,1886.0,1.0,54.711734653,1010.0,1.0,False,2.0853642728327313,1.9999990408633472,1.00588269291799,-38.52160936298841,1.15
4637,Monday Dip,Liquid,DIA,Long,2026-07-20,2026-07-21,2026-07-23,Time,2026-07-23,517.8964484078543,515.8323364257812,517.5109252929688,519.1995239257812,-0.3985568907488539,-0.396007411635577,-834.0,2109.375,-1119364.0,2826623.863873757,1005021818.2662246,45.0,Limit (Open +/- 0.25 ATR),5.212302071707589,1.0,2.0,12.5,542298,2,BUY,0.625,,,,,,,,,,False,False,,,,404,"('DIA', '2026-07-21', 'BUY')","('DIA', '2026-07-23', 'SELL')",518.33,323.0,1.0,516.40528,200.0,1.0,False,-0.3692648610001876,-0.396007411635577,8.371395352846164,-11.1071666849861,0.7995049504950495
4638,SPY QQQ MonFri Reversion,Liquid,SPY,Long,2026-07-20,2026-07-21,2026-07-23,Stop,2026-07-23,744.4624797276089,736.9313407827105,742.0900268554688,746.2899780273438,-1.0116210218752573,-1.0302502703734557,-2530.0,2460.9375,-3397485.0,3297727.84118605,1005021818.2662246,52.5,Limit (Open +/- 0.25 ATR),7.309993198939732,1.0,2.0,8.033510296554288,451125,2,BUY,0.625,,,,,,,,,,False,False,,,,336,"('SPY', '2026-07-21', 'BUY')","('SPY', '2026-07-23', 'SELL')",744.46,265.0,1.0,737.15156,200.0,1.0,False,-0.9997875238871715,-1.0302502703734557,-0.03330896689026711,-2.988327475061229,0.7886904761904762
4639,SPY QQQ MonFri Reversion,Liquid,QQQ,Long,2026-07-20,2026-07-21,2026-07-23,Stop,2026-07-23,703.0235770089286,688.6312043910436,696.0599975585938,706.5700073242188,-2.0472105187593344,-1.0145670477150939,-2490.0,2460.9375,-3345766.0,3297727.8411860494,1005021818.2662246,52.5,Limit (Open +/- 0.25 ATR),14.185721261160714,1.0,2.0,5.344887924029159,232468,2,BUY,0.625,,,,,,,,,,False,False,,,,173,"('QQQ', '2026-07-21', 'BUY')","('QQQ', '2026-07-23', 'SELL')",703.04,138.0,1.0,688.67,100.0,1.0,False,-1.012990438444877,-1.0145670477150939,0.2336051251834454,-0.563372799677693,0.7976878612716763
4640,Overbot Vol Spike,Overflow,PARR,Short,2026-07-20,2026-07-21,2026-07-23,Target,2026-07-23,81.95678901672363,78.56107521057129,77.55999755859375,79.41000366210938,4.143297763238911,0.9999990983255711,1348.0,1349.320241691843,1809039.0,1809040.631165678,1005021818.2662246,60.0,Limit (Open +/- 0.75 ATR),3.3957138061523438,1.0,2.0,54.78713798442062,532742,2,SELL SHORT,0.75,near,,,,,,,,,False,False,,,,397,"('PARR', '2026-07-21', 'SELL')","('PARR', '2026-07-23', 'BUY')",81.96,993.0,2.0,77.465661074,596.0,1.0,True,1.3235328954569634,0.9999990983255711,-0.39178978518859736,-139.4347179739073,2.5012594458438286
4641,Monday Dip,Liquid,SMH,Long,2026-07-20,2026-07-21,2026-07-23,Time,2026-07-23,573.8723417009626,580.1699829101562,558.8300170898438,580.9600219726562,1.0973940982287818,0.2221331985570623,466.0,2109.375,627887.0,2826623.8638737574,1005021818.2662246,45.0,Limit (Open +/- 0.25 ATR),28.350721086774552,1.0,2.0,10.238402163147883,99702,2,BUY,0.625,,,,,,,,,,False,False,,,,74,"('SMH', '2026-07-21', 'BUY')","('SMH', '2026-07-23', 'SELL')",573.87,60.0,1.0,579.745,40.0,1.0,False,0.20722576974384802,0.2221331985570623,-0.04080525915630915,7.32514474507133,0.8108108108108109
4642,Overbot Vol Spike,Overflow,PARR,Short,2026-07-20,2026-07-21,2026-07-23,Time,2026-07-23,81.95678901672363,77.61000061035156,77.55999755859375,79.41000366210938,5.303756355663335,1.2800800921574451,2591.0,2025.679758308157,3473571.0,2713557.551032333,1005021818.2662246,60.0,Limit (Open +/- 0.75 ATR),3.3957138061523438,1.0,2.0,54.78713798442062,799112,2,SELL SHORT,0.75,far,,,,,,,,,False,False,,,,596,"('PARR', '2026-07-21', 'SELL')","('PARR', '2026-07-23', 'BUY')",81.96,993.0,2.0,77.465661074,596.0,1.0,True,1.3235328954569634,1.2800800921574451,-0.39178978518859736,-18.59805891205139,1.6661073825503356
4643,Oversold Low Volume,Liquid,SLV,Long,2026-07-13,2026-07-15,2026-07-28,Time,2026-07-28,51.597499983651296,51.70000076293945,52.15999984741211,53.529998779296875,0.19865454589977063,0.036444714462919234,72.0,1968.75,95819.0,2629160.398484979,1001584913.7085633,52.5,Limit Order -0.25 ATR (Persistent),2.249999455043248,1.25,2.5,31.147597368486878,934812,10,BUY,0.5,,0.25,olv_close_pivot_40_v2_20260901,Low,60.77000045776367,2026-03-26,73.0,40.0,73.0,False,False,252.0,-3.8266678647644685,default,700,"('SLV', '2026-07-15', 'BUY')","('SLV', '2026-07-28', 'SELL')",52.13403107113655,2446.0,2.0,51.703489076,1190.0,1.0,True,-0.15308163534760508,0.036444714462919234,103.98393093759414,-0.6747220520437986,3.494285714285714
4644,3x Bear ETF Overbot Fade,Liquid,SQQQ,Short,2026-07-23,2026-07-24,2026-07-28,Time,2026-07-28,44.748213495527,46.5099983215332,43.27000045776367,43.619998931884766,-3.9371065085812043,-0.7807842044570604,-2745.0,3515.625,-3722539.0,4767692.505496534,1017107734.5059271,37.5,Limit (Open +/- 0.5 ATR),2.2564291272844588,1.0,8.0,61.05269709460261,2112936,2,SELL SHORT,1.25,,,,,,,,,,False,False,,,,1558,"('SQQQ', '2026-07-24', 'SELL')","('SQQQ', '2026-07-28', 'BUY')",44.75,1246.0,1.0,46.31510014878631,1343.0,2.0,False,-0.6936181286889589,-0.7807842044570604,-0.3992348148561439,-41.90457531293054,0.7997432605905006
4645,Oversold Low Volume,Liquid,SLV,Long,2026-07-14,2026-07-15,2026-07-29,Time,2026-07-29,52.63714115960257,51.77000045776367,53.16999816894531,52.709999084472656,-1.647393233628736,-0.3254683106283568,-897.0,2756.25,-1199750.0,3686226.7717669173,1003054903.8821543,52.5,Limit Order -0.25 ATR (Persistent),2.1314280373709544,1.25,2.5,28.7035303675185,1383570,10,BUY,0.7,,0.25,olv_close_pivot_40_v2_20260901,Low,60.77000045776367,2026-03-26,74.0,41.0,74.0,False,False,252.0,-3.5656856133846815,default,1034,"('SLV', '2026-07-15', 'BUY')","('SLV', '2026-07-29', 'SELL')",52.13403107113655,2446.0,2.0,51.7961875,800.0,1.0,True,-0.12680458930370994,-0.3254683106283568,-95.58081563368515,-5.058343056746688,2.365570599613153
4646,3x Bear ETF Overbot Fade,Liquid,SQQQ,Short,2026-07-24,2026-07-27,2026-07-29,Time,2026-07-29,44.43607139587402,49.439998626708984,44.790000915527344,43.31999969482422,-11.26095776167014,-2.2417585131949975,-7876.0,3515.625,-10697451.0,4771901.583972926,1018005671.2475576,37.5,Limit (Open +/- 0.5 ATR),2.2321434020996094,1.0,8.0,83.15792432449797,2137811,2,SELL SHORT,1.25,,,,,,,,,,False,False,,,,1574,"('SQQQ', '2026-07-27', 'SELL')","('SQQQ', '2026-07-29', 'BUY')",45.7,1259.0,1.0,49.448057915,1036.0,1.0,False,-1.6791295359762641,-2.2417585131949975,-284.43752213507736,1.6301149908732904,0.7998729351969505
4647,Overbot Vol Spike,Overflow,WDAY,Short,2026-07-28,2026-07-29,2026-07-30,Target,2026-07-31,166.73499529702323,157.47499261583602,159.69000244140625,159.7899932861328,5.553724738283864,0.9999955502217601,269.0,271.875,362029.0,362030.6109559348,1005650874.9245169,60.0,Limit (Open +/- 0.75 ATR),9.26000268118722,1.0,2.0,90.93782810799165,39096,2,SELL SHORT,0.15,near,,,,,,,,,False,False,,,,29,"('WDAY', '2026-07-29', 'SELL')","('WDAY', '2026-07-30', 'BUY')",166.87999999999997,73.0,2.0,157.62,29.0,1.0,True,0.9999997104550236,0.9999955502217601,-8.696716770131072,9.208280105637987,2.5172413793103448
4648,Overbot Vol Spike,Liquid,PAYX,Short,2026-07-28,2026-07-29,2026-07-30,Target,2026-07-31,122.227737562997,118.6974232537406,118.87000274658203,119.58000183105469,2.888308643884424,0.9999991299917906,268.0,268.586387434555,362034.0,362034.3149728261,1005650874.9245169,60.0,Limit (Open +/- 0.75 ATR),3.5303143092564175,1.0,2.0,67.16878198543522,102550,2,SELL SHORT,0.15,near,,,,,,,,,False,False,,,,76,"('PAYX', '2026-07-29', 'SELL')","('PAYX', '2026-07-30', 'BUY')",122.28000000000002,191.0,2.0,116.62460732984293,191.0,2.0,True,1.601951603948904,0.9999991299917906,-4.275824624183384,-174.63023771515128,2.513157894736842
4649,Overbot Vol Spike,Liquid,PAYX,Short,2026-07-28,2026-07-29,2026-07-30,Target,2026-07-31,122.227737562997,115.16710894448417,118.87000274658203,119.58000183105469,5.776617287768859,1.9999964185375112,812.0,406.413612565445,1086101.0,543051.4724592391,1005650874.9245169,60.0,Limit (Open +/- 0.75 ATR),3.5303143092564175,1.0,2.0,67.16878198543522,153825,2,SELL SHORT,0.15,far,,,,,,,,,False,False,,,,115,"('PAYX', '2026-07-29', 'SELL')","('PAYX', '2026-07-30', 'BUY')",122.28000000000002,191.0,2.0,116.62460732984293,191.0,2.0,True,1.601951603948904,1.9999964185375112,-4.275824624183384,126.55509013961115,1.6608695652173913
4650,Overbot Vol Spike,Overflow,INTU,Short,2026-07-28,2026-07-29,2026-07-30,Target,2026-07-31,324.502135685512,309.7792767116001,312.989990234375,313.4599914550781,4.537060732376926,0.9999856253550051,265.0,270.0,362035.0,362040.2041994092,1005650874.9245169,60.0,Limit (Open +/- 0.75 ATR),14.72285897391183,1.0,2.0,50.911569517474874,24590,2,SELL SHORT,0.15,near,,,,,,,,,False,False,,,,18,"('INTU', '2026-07-29', 'SELL')","('INTU', '2026-07-30', 'BUY')",324.5,46.0,2.0,309.78,18.0,1.0,True,0.9998058139443659,0.9999856253550051,0.06581422052775593,0.023348508251809178,2.5555555555555554
4651,Overbot Vol Spike,Overflow,JKHY,Short,2026-07-28,2026-07-29,2026-07-30,Target,2026-07-31,161.51946803501673,156.52018301827565,157.42999267578125,157.77000427246094,3.095159411778932,0.9999991295951083,270.0,270.0,362033.0,362033.31511556846,1005650874.9245169,60.0,Limit (Open +/- 0.75 ATR),4.999285016741071,1.0,2.0,62.836048082016994,72417,2,SELL SHORT,0.15,near,,,,,,,,,False,False,,,,54,"('JKHY', '2026-07-29', 'SELL')","('JKHY', '2026-07-30', 'BUY')",161.52,135.0,2.0,154.86970000000002,135.0,2.0,True,1.3302502213276846,0.9999991295951083,-0.032935038094975236,-105.44857451916654,2.5
4652,Overbot Vol Spike,Overflow,ACN,Short,2026-07-28,2026-07-29,2026-07-30,Target,2026-07-31,170.68178476606096,163.10607174464633,164.66000366210938,165.0,4.438501174450464,1.0000004692470148,273.0,273.03370786516854,362036.0,362035.8301157674,1005650874.9245169,60.0,Limit (Open +/- 0.75 ATR),7.575713021414621,1.0,2.0,71.38893088194364,47789,2,SELL SHORT,0.15,near,,,,,,,,,False,False,,,,36,"('ACN', '2026-07-29', 'SELL')","('ACN', '2026-07-30', 'BUY')",170.69,89.0,2.0,163.52532514371018,521.0,3.0,True,0.9457426431066094,1.0000004692470148,-0.48131872714480745,25.704340407401745,2.4722222222222223
4653,Overbot Vol Spike,Liquid,ADBE,Short,2026-07-28,2026-07-29,2026-07-30,Target,2026-07-31,258.67554146902904,247.09482683454243,249.17999267578125,249.99000549316406,4.476926797454161,0.9999918591837628,266.0,267.67241379310343,362036.0,362038.94729254063,1005650874.9245169,60.0,Limit (Open +/- 0.75 ATR),11.580714634486608,1.0,2.0,60.54966201213796,31262,2,SELL SHORT,0.15,near,,,,,,,,,False,False,,,,23,"('ADBE', '2026-07-29', 'SELL')","('ADBE', '2026-07-30', 'BUY')",258.63,58.0,2.0,247.05,23.0,1.0,True,0.9999382909855584,0.9999918591837628,1.760563398086069,-1.814155120796447,2.5217391304347827
4654,Overbot Vol Spike,Overflow,GWRE,Short,2026-07-28,2026-07-29,2026-07-30,Target,2026-07-31,166.1301781790597,157.95660727364674,159.39999389648438,160.0,4.919979617793016,0.9999981210108849,270.0,271.6463414634146,362032.0,362032.6802554655,1005650874.9245169,60.0,Limit (Open +/- 0.75 ATR),8.173570905412946,1.0,2.0,98.08905683262775,44293,2,SELL SHORT,0.15,near,,,,,,,,,False,False,,,,33,"('GWRE', '2026-07-29', 'SELL')","('GWRE', '2026-07-30', 'BUY')",166.13,82.0,2.0,157.96,33.0,1.0,True,0.9995631156254369,0.9999981210108849,0.01072526747729975,0.21478850500956312,2.484848484848485
4655,Oversold Low Volume,Overflow,CEVA,Long,2026-07-24,2026-07-27,2026-07-30,Stop,2026-08-10,35.57267706734793,31.29060923728943,36.349998474121094,37.08000183105469,-12.037519194722066,-1.1017489375006835,-1546.0,1406.25,-2102975.0,1908760.6335891704,1018005671.2475576,37.5,Limit Order -0.25 ATR (Persistent),3.109285627092634,1.25,2.5,17.921141072654233,491112,10,BUY,0.5,,0.25,olv_close_pivot_40_v2_20260901,High,30.65999984741211,2025-10-09,197.0,197.0,80.0,False,False,252.0,1.8300019069105173,default,361,"('CEVA', '2026-07-27', 'BUY')","('CEVA', '2026-07-30', 'SELL')",35.57,723.0,1.0,31.64201244813278,723.0,2.0,False,-1.0106469518633765,-1.1017489375006835,-0.752562800619021,-112.30309009917767,2.0027700831024933
4656,Overbot Vol Spike,Overflow,ACN,Short,2026-07-27,2026-07-28,2026-07-30,Time,2026-07-30,162.16200501578194,163.2899932861328,154.05999755859375,156.9499969482422,-0.695593440794649,-0.16231548916529984,-219.0,1350.0,-297229.0,1831180.755012888,1017321097.3744738,60.0,Limit (Open +/- 0.75 ATR),6.949344090053013,1.0,2.0,61.70797682175577,263504,2,SELL SHORT,0.75,near,,,,,,,,,False,False,,,,194,"('ACN', '2026-07-28', 'SELL')","('ACN', '2026-07-30', 'BUY')",162.16000000000003,485.0,2.0,163.52532514371018,521.0,3.0,True,-0.19646820275663401,-0.16231548916529984,0.12364275970338064,14.411897069834067,2.5
4657,Overbot Vol Spike,Overflow,ACN,Short,2026-07-27,2026-07-28,2026-07-30,Time,2026-07-30,162.16200501578194,163.2899932861328,154.05999755859375,156.9499969482422,-0.695593440794649,-0.162315717793107,-328.0,2025.0,-445843.0,2746764.183172244,1017321097.3744738,60.0,Limit (Open +/- 0.75 ATR),6.949344090053013,1.0,2.0,61.70797682175577,395255,2,SELL SHORT,0.75,far,,,,,,,,,False,False,,,,291,"('ACN', '2026-07-28', 'SELL')","('ACN', '2026-07-30', 'BUY')",162.16000000000003,485.0,2.0,163.52532514371018,521.0,3.0,True,-0.19646820275663401,-0.162315717793107,0.12364275970338064,14.411897069834067,1.6666666666666667
4658,3x Bear ETF Overbot Fade,Liquid,SQQQ,Short,2026-07-27,2026-07-28,2026-07-30,Time,2026-07-30,47.52964455740793,44.619998931884766,45.220001220703125,46.400001525878906,6.12174917910188,1.2878601030831305,4527.0,3515.625,6141409.0,4768692.643942846,1017321097.3744738,37.5,Limit (Open +/- 0.5 ATR),2.2592860630580356,1.0,8.0,62.305313720317244,2110707,2,SELL SHORT,1.25,,,,,,,,,,False,False,,,,1556,"('SQQQ', '2026-07-28', 'SELL')","('SQQQ', '2026-07-30', 'BUY')",47.53,1244.0,1.0,44.46734375,1024.0,2.0,False,1.3555858640824676,1.2878601030831305,-0.07478334740009866,-34.212278247206065,0.7994858611825193
4659,Overbot Vol Spike,Overflow,ACN,Short,2026-07-28,2026-07-29,2026-07-31,Time,2026-07-31,170.68178476606096,165.9199981689453,164.66000366210938,165.0,2.7898622009619958,0.6285591139475739,252.0,401.96629213483146,341339.0,543049.9573162978,1005650874.9245169,60.0,Limit (Open +/- 0.75 ATR),7.575713021414621,1.0,2.0,71.38893088194364,71683,2,SELL SHORT,0.15,far,,,,,,,,,False,False,,,,53,"('ACN', '2026-07-29', 'SELL')","('ACN', '2026-07-31', 'BUY')",170.69,89.0,2.0,166.385,53.0,1.0,True,0.5682633420551786,0.6285591139475739,-0.48131872714480745,28.02566515105659,1.679245283018868
4660,Overbot Vol Spike,Overflow,WDAY,Short,2026-07-28,2026-07-29,2026-07-31,Time,2026-07-31,166.73499529702323,160.33999633789062,159.69000244140625,159.7899932861328,3.8354269586540597,0.6906020166009491,275.0,403.125,375035.0,543055.1764761305,1005650874.9245169,60.0,Limit (Open +/- 0.75 ATR),9.26000268118722,1.0,2.0,90.93782810799165,58645,2,SELL SHORT,0.15,far,,,,,,,,,False,False,,,,43,"('WDAY', '2026-07-29', 'SELL')","('WDAY', '2026-07-31', 'BUY')",166.87999999999997,73.0,2.0,160.56,44.0,1.0,True,0.6825052019520237,0.6906020166009491,-8.696716770131072,13.721071918060614,1.697674418604651
4662,Overbot Vol Spike,Overflow,INTU,Short,2026-07-28,2026-07-29,2026-07-31,Time,2026-07-31,324.502135685512,316.07000732421875,312.989990234375,313.4599914550781,2.598481622772781,0.5727161947411589,228.0,405.0,311011.0,543045.583232656,1005650874.9245169,60.0,Limit (Open +/- 0.75 ATR),14.72285897391183,1.0,2.0,50.911569517474874,36884,2,SELL SHORT,0.15,far,,,,,,,,,False,False,,,,27,"('INTU', '2026-07-29', 'SELL')","('INTU', '2026-07-31', 'BUY')",324.5,46.0,2.0,316.36500000000007,28.0,1.0,True,0.5525421397036233,0.5727161947411589,0.06581422052775593,9.333143574066423,1.7037037037037037
4663,Overbot Vol Spike,Overflow,GWRE,Short,2026-07-28,2026-07-29,2026-07-31,Time,2026-07-31,166.1301781790597,151.94000244140625,159.39999389648438,160.0,8.5416002638358,1.7361009218816699,695.0,403.3536585365854,942795.0,543053.1071765997,1005650874.9245169,60.0,Limit (Open +/- 0.75 ATR),8.173570905412946,1.0,2.0,98.08905683262775,66440,2,SELL SHORT,0.15,far,,,,,,,,,False,False,,,,49,"('GWRE', '2026-07-29', 'SELL')","('GWRE', '2026-07-31', 'BUY')",166.13,82.0,2.0,152.115,49.0,1.0,True,1.7146728354333545,1.7361009218816699,0.01072526747729975,11.517543489657683,1.6734693877551021
4665,Overbot Vol Spike,Liquid,ADBE,Short,2026-07-28,2026-07-29,2026-07-31,Time,2026-07-31,258.67554146902904,250.41000366210938,249.17999267578125,249.99000549316406,3.1953302426581724,0.7137284877680484,289.0,407.32758620689657,387588.0,543046.8401395245,1005650874.9245169,60.0,Limit (Open +/- 0.75 ATR),11.580714634486608,1.0,2.0,60.54966201213796,46892,2,SELL SHORT,0.15,far,,,,,,,,,False,False,,,,35,"('ADBE', '2026-07-29', 'SELL')","('ADBE', '2026-07-31', 'BUY')",258.63,58.0,2.0,250.66,35.0,1.0,True,0.6882131415505104,0.7137284877680484,1.760563398086069,9.983480461425735,1.6571428571428573
4666,3x Bear ETF Overbot Fade,Liquid,TECS,Short,2026-07-28,2026-07-29,2026-07-31,Time,2026-07-31,86.12428610665458,75.30999755859375,82.98999786376953,83.25,12.55660747616373,1.8812104631143958,5948.0,3164.0625,7981204.0,4242589.628587807,1005650874.9245169,37.5,Limit (Open +/- 0.5 ATR),5.748572213309152,1.0,8.0,25.40186221201153,738024,2,SELL SHORT,1.125,,,,,,,,,,False,False,,,,550,"('TECS', '2026-07-29', 'SELL')","('TECS', '2026-07-31', 'BUY')",86.12,440.0,1.0,74.88,220.0,1.0,False,1.955268122748297,1.8812104631143958,0.4976652751893441,-57.09700870182631,0.8
4667,3x Bear ETF Overbot Fade,Liquid,EDZ,Short,2026-07-28,2026-07-29,2026-07-31,Time,2026-07-31,19.66428623880659,16.899999618530273,18.559999465942383,19.110000610351562,14.057396168395472,2.493557455737567,7889.0,3164.0625,10579141.0,4242589.628587807,1005650874.9245169,37.5,Limit (Open +/- 0.5 ATR),1.1085712569100517,1.0,8.0,30.23256329731552,3827078,2,SELL SHORT,1.125,,,,,,,,,,False,False,,,,2854,"('EDZ', '2026-07-29', 'SELL')","('EDZ', '2026-07-31', 'BUY')",19.66,2282.0,1.0,16.74818181818182,1100.0,2.0,False,2.6266405191979847,2.493557455737567,2.1797072899246563,-89.83301998539133,0.7995795374912403
4668,Oversold Low Volume,Overflow,INOD,Long,2026-07-24,2026-07-29,2026-08-03,Target,2026-08-10,54.91339233943394,64.6794628415789,55.88999938964844,56.650001525878906,17.784496797754432,1.9999916647298759,1572.0,787.5,2137803.0,1068905.9548099353,1018005671.2475576,37.5,Limit Order -0.25 ATR (Persistent),3.90642820085798,1.25,2.5,5.349759030470479,218901,10,BUY,0.28,,0.25,olv_close_pivot_40_v2_20260901,Low,34.45000076293945,2026-03-30,80.0,198.0,80.0,False,False,252.0,5.488389271304169,default,161,"('INOD', '2026-07-29', 'BUY')","('INOD', '2026-08-03', 'SELL')",54.91,230.0,1.0,64.69,230.0,1.0,False,2.0028526310253425,1.9999916647298759,-0.6177617680173484,-1.6291351161821341,1.4285714285714286
4669,3x Bear ETF Overbot Fade,Liquid,TZA,Short,2026-07-29,2026-07-30,2026-08-03,Time,2026-08-03,42.61535712650844,39.70000076293945,42.93000030517578,41.84000015258789,6.841093352601571,1.880008383367659,5286.0,2812.5,6906753.0,3673788.404936755,979676907.9831345,37.5,Limit (Open +/- 0.5 ATR),1.5507139478410994,1.0,8.0,92.88889567057291,2369094,2,SELL SHORT,1.0,,,,,,,,,,False,False,,,,1813,"('TZA', '2026-07-30', 'SELL')","('TZA', '2026-08-03', 'BUY')",42.62,700.0,1.0,39.987249999999996,700.0,2.0,False,1.6977663763618753,1.880008383367659,-1.0894836520487752,72.3549701612838,0.3861003861003861
4670,3x ETF Overbot Fade,Liquid,YINN,Short,2026-07-29,2026-07-30,2026-08-03,Time,2026-08-03,32.53107057298933,32.2599983215332,31.450000762939453,31.8799991607666,0.8332718434455636,0.20817390407468667,937.0,4500.0,1223659.0,5878061.447898807,979676907.9831345,60.0,Limit (Open +/- 0.5 ATR),1.302142824445452,1.0,8.0,36.30139223291585,4514144,2,SELL SHORT,1.0,,,,,,,,,,False,False,,,,3455,"('YINN', '2026-07-30', 'SELL')","('YINN', '2026-08-03', 'BUY')",32.53,3455.0,1.0,32.299749999999996,2800.0,2.0,False,0.1768239210610883,0.20817390407468667,0.32909245544975885,12.3222816289668,1.0
4671,Oversold Low Volume,Overflow,ACLS,Long,2026-07-28,2026-07-29,2026-08-04,Target,2026-08-12,115.13535554068429,139.6085717337472,120.02999877929688,119.27999877929688,21.25603910122555,1.9999730690013378,1101.0,562.5,1508456.0,754238.1561933877,1005650874.9245169,37.5,Limit Order -0.25 ATR (Persistent),9.789286477225167,1.25,2.5,79.52427952759322,61637,10,BUY,0.2,,0.5,olv_close_pivot_40_v2_20260901,High,100.44000244140625,2025-09-22,212.0,212.0,107.0,False,False,252.0,2.0011669270755195,above_high_2_3,45,"('ACLS', '2026-07-29', 'BUY')","('ACLS', '2026-08-04', 'SELL')",117.58000000000001,91.0,1.0,136.83,91.0,1.0,False,1.5731483633488703,1.9999730690013378,212.32786817181315,199.02586920280973,2.022222222222222
4672,Oversold Low Volume,Overflow,MDU,Long,2026-07-30,2026-07-31,2026-08-06,Target,2026-08-14,19.863034997667587,20.932678154536656,19.969999313354492,20.170000076293945,5.385094256716924,1.9999999449096548,1124.0,562.5,1553380.0,776690.0213940607,1035586695.192081,37.5,Limit Order -0.25 ATR (Persistent),0.42785726274762836,1.25,2.5,46.15339471078018,1452241,10,BUY,0.2,,0.25,olv_close_pivot_40_v2_20260901,Low,19.519866943359375,2026-03-20,90.0,55.0,90.0,False,False,252.0,1.0520620056895653,default,1051,"('MDU', '2026-07-31', 'BUY')","('MDU', '2026-08-06', 'SELL')",19.86,1051.0,1.0,20.691335871,1051.0,1.0,False,1.5544172197265962,1.9999999449096548,-1.5279627045633135,115.29450830655016,1.0
4673,Oversold Low Volume,Overflow,POWI,Long,2026-07-24,2026-07-27,2026-08-10,Time,2026-08-10,62.435177666800364,61.970001220703125,63.459999084472656,63.58000183105469,-0.7450550530660126,-0.09078141960323753,-51.0,562.5,-69312.0,763504.2534356682,1018005671.2475576,37.5,Limit Order -0.25 ATR (Persistent),4.0992856706891745,1.25,2.5,1.351330452721992,149002,10,BUY,0.2,,0.25,olv_close_pivot_40_v2_20260901,High,48.191402435302734,2025-10-15,193.0,193.0,167.0,False,False,252.0,3.7246969047177814,default,109,"('POWI', '2026-07-27', 'BUY')","('POWI', '2026-08-10', 'SELL')",62.44,219.0,1.0,62.03,55.0,1.0,False,-0.08001394056171102,-0.09078141960323753,0.7723743856979913,-9.681907070357063,2.0091743119266057
4675,Oversold Low Volume,Overflow,POWI,Long,2026-07-27,2026-07-28,2026-08-11,Time,2026-08-11,60.349998474121094,63.27000045776367,63.40999984741211,60.349998474121094,4.838445828453028,0.5995232189931802,470.0,787.5,640403.0,1068187.1522431974,1017321097.3744738,37.5,Limit Order -0.25 ATR (Persistent),3.8964285169328963,1.25,2.5,63.52198089132752,219316,10,BUY,0.28,,0.25,olv_close_pivot_40_v2_20260901,High,48.191402435302734,2025-10-15,194.0,194.0,168.0,False,False,252.0,3.9057812419689433,default,161,"('POWI', '2026-07-28', 'BUY')","('POWI', '2026-08-11', 'SELL')",60.909565217,230.0,1.0,63.205,55.0,1.0,False,0.47129000786738245,0.5995232189931802,92.72025799948561,10.27350360255886,1.4285714285714286
4676,Oversold Low Volume,Overflow,POWI,Long,2026-07-28,2026-07-29,2026-08-12,Time,2026-08-12,57.12357221330915,63.84000015258789,59.20000076293945,58.54999923706055,11.757716961744709,1.293840005291097,1451.0,1125.0,1951727.0,1508476.3123867754,1005650874.9245169,37.5,Limit Order -0.25 ATR (Persistent),4.152857099260602,1.25,2.5,40.67799760773284,290590,10,BUY,0.4,,0.5,olv_close_pivot_40_v2_20260901,High,48.191402435302734,2025-10-15,195.0,195.0,169.0,False,False,252.0,2.6508492983292755,above_high_2_3,216,"('POWI', '2026-07-29', 'BUY')","('POWI', '2026-08-12', 'SELL')",58.16,216.0,1.0,63.8284,57.0,1.0,False,1.091951851848548,1.293840005291097,181.43609486126775,1.817066503784832,1.0
4677,Oversold Low Volume,Liquid,AEP,Long,2026-07-31,2026-08-03,2026-08-17,Time,2026-08-17,126.19334411621094,126.52999877929688,126.88397979736328,127.13209533691406,0.2667768775316023,0.0974910915791879,192.0,1968.75,265114.0,2719366.412926653,1035949109.686344,52.5,Limit Order -0.25 ATR (Persistent),2.762542724609375,1.25,2.5,44.15583983387024,787496,10,BUY,0.5,,0.25,olv_close_pivot_40_v2_20260901,Low,122.85465240478516,2026-06-01,42.0,78.0,42.0,False,False,252.0,1.4585574936756405,default,570,"('AEP', '2026-08-03', 'BUY')","('AEP', '2026-08-17', 'SELL')",127.16,565.0,1.0,126.545,565.0,1.0,False,-0.17809679308021018,0.0974910915791879,76.60117818090862,-1.1855860940371115,0.9912280701754386
4678,LT Trend ST OS,Overflow,GL,Long,2026-08-19,2026-08-20,2026-08-21,Time,2026-08-21,170.4919716971261,171.0800018310547,171.4600067138672,170.75999450683594,0.3449019493851603,0.1518616039736581,512.0,3375.0,711850.0,4687491.646166712,1041664810.2592694,45.0,Limit Order -0.25 ATR (Persistent),3.8721400669642856,1.0,2.0,7.469002268770115,1210568,1,BUY,1.0,,0.25,,,,,,,,False,False,,,,871,"('GL', '2026-08-20', 'BUY')","('GL', '2026-08-21', 'SELL')",170.49,871.0,1.0,171.14699196300003,871.0,1.0,False,0.16967153864222134,0.1518616039736581,-0.1156475056548385,-3.9157196182111402,1.0
4680,Oversold Low Volume,Liquid,LUV,Long,2026-08-17,2026-08-18,2026-09-01,Time,2026-09-01,42.98196274893625,37.68000030517578,43.349998474121094,43.0099983215332,-12.335319526309169,-2.8812212790921747,-5668.0,1968.75,-7904521.0,2743461.9677981082,1045128368.6849936,52.5,Limit Order -0.25 ATR (Persistent),1.4721429007393974,1.25,2.5,11.904578090017756,1490867,10,BUY,0.5,,0.25,olv_close_pivot_40_v2_20260901,Low,36.13221740722656,2026-03-30,96.0,124.0,96.0,False,False,252.0,4.902907906066275,default,1069,"('LUV', '2026-08-18', 'BUY')","('LUV', '2026-09-01', 'SELL')",42.850645463,1069.0,1.0,37.673222638,1069.0,1.0,False,-2.8135436158539187,-2.8812212790921747,-30.551719264960298,1.7987439280491893,1.0
4686,Oversold Low Volume,Overflow,POWI,Long,2026-08-20,2026-08-24,2026-09-02,Time,2026-09-04,53.95696449279785,50.29999923706055,54.84000015258789,55.279998779296875,-6.777559282871509,-0.8282708569866462,-2329.0,2812.5,-3205005.0,3869513.1827530577,1031870182.0674821,37.5,Limit Order -0.25 ATR (Persistent),3.5321426391601562,1.25,2.5,26.591744246518196,876411,10,BUY,1.0,,0.25,olv_close_pivot_40_v2_20260901,Low,30.515628814697266,2025-11-20,186.0,42.0,186.0,False,False,252.0,6.886576739062348,default,637,"('POWI', '2026-08-24', 'BUY')","('POWI', '2026-09-02', 'SELL')",53.96000000000001,637.0,1.0,49.78,629.0,1.0,False,-0.9467341332498153,-0.8282708569866462,0.5625793131045341,103.37957156019506,1.0
4687,Oversold Low Volume,Overflow,POWI,Long,2026-08-19,2026-08-20,2026-09-02,Stop,2026-09-03,54.896786621638704,49.765064779663085,55.790000915527344,55.7599983215332,-9.347945768382814,-1.149045247772254,-3228.0,2812.5,-4488450.0,3906243.0384722603,1041664810.2592694,37.5,Limit Order -0.25 ATR (Persistent),3.572857175554548,1.25,2.5,2.6247310439150593,874648,10,BUY,1.0,,0.25,olv_close_pivot_40_v2_20260901,Low,30.515628814697266,2025-11-20,185.0,41.0,185.0,False,False,252.0,7.073994525657804,default,629,"('POWI', '2026-08-20', 'BUY')","('POWI', '2026-09-02', 'SELL')",54.9,629.0,1.0,49.78,629.0,1.0,False,-1.1464214209358234,-1.149045247772254,0.5853490812571992,-3.0011455632666215,1.0
4690,Oversold Low Volume,Liquid,UNH,Long,2026-08-19,2026-08-20,2026-09-02,Time,2026-09-03,386.2728418622698,399.6600036621094,388.6099853515625,388.25,3.465726903112941,1.145598645711521,3146.0,2756.25,4385487.0,3828118.1777028143,1041664810.2592694,52.5,Limit Order -0.25 ATR (Persistent),9.348573957170759,1.25,2.5,21.77649010000554,327589,10,BUY,0.7,,0.25,olv_close_pivot_40_v2_20260901,High,351.50408935546875,2026-01-23,143.0,143.0,99.0,False,False,252.0,3.969150392999986,default,235,"('UNH', '2026-08-20', 'BUY')","('UNH', '2026-09-02', 'SELL')",386.27,235.0,1.0,399.665,86.0,1.0,False,1.1462710835999108,1.145598645711521,-0.07357137136804964,-0.12501470862392308,1.0
4691,Oversold Low Volume,Liquid,LUV,Long,2026-08-19,2026-08-20,2026-09-02,Time,2026-09-03,40.86000061035156,38.61000061035156,41.41999816894531,40.86000061035156,-5.5066078472597475,-1.2962956130517975,-5103.0,3937.5,-7089104.0,5468740.253861164,1041664810.2592694,52.5,Limit Order -0.25 ATR (Persistent),1.3885718754359655,1.25,2.5,2.2221280323259722,3150713,10,BUY,1.0,,0.25,olv_close_pivot_40_v2_20260901,Low,36.13221740722656,2026-03-30,98.0,126.0,98.0,False,False,252.0,3.8080713395254113,default,2268,"('LUV', '2026-08-20', 'BUY')","('LUV', '2026-09-02', 'SELL')",40.738936508,2268.0,1.0,38.561880152,1577.0,1.0,False,-1.2542707479605133,-1.2962956130517975,-29.62900160135827,12.463210979245778,1.0
4692,Oversold Low Volume,Liquid,UNH,Long,2026-08-18,2026-08-19,2026-09-02,Time,2026-09-02,386.61963435581754,399.6600036621094,393.92999267578125,394.57000732421875,3.3729195693901044,1.0702902634903086,2099.0,1968.75,2934240.0,2741536.665419333,1044394920.159746,52.5,Limit Order -0.25 ATR (Persistent),9.747144426618304,1.25,2.5,7.954223622229287,225012,10,BUY,0.5,,0.75,olv_close_pivot_40_v2_20260901,High,351.50408935546875,2026-01-23,142.0,142.0,98.0,False,False,252.0,4.352649500550371,above_high_4_5,161,"('UNH', '2026-08-19', 'BUY')","('UNH', '2026-09-02', 'SELL')",391.49,161.0,1.0,399.665,86.0,1.0,False,0.6709657427605196,1.0702902634903086,125.973054945785,-0.12501470862392308,1.0
4693,Oversold Low Volume,Liquid,LUV,Long,2026-08-18,2026-08-19,2026-09-02,Time,2026-09-02,42.14053733008249,38.61000061035156,42.4900016784668,42.599998474121094,-8.378005937790006,-2.0205417478401686,-5568.0,2756.25,-7755145.0,3838151.331587066,1044394920.159746,52.5,Limit Order -0.25 ATR (Persistent),1.397857393537249,1.25,2.5,7.44716252191416,2196591,10,BUY,0.7,,0.25,olv_close_pivot_40_v2_20260901,Low,36.13221740722656,2026-03-30,97.0,125.0,97.0,False,False,252.0,4.548235249628715,default,1577,"('LUV', '2026-08-19', 'BUY')","('LUV', '2026-09-02', 'SELL')",42.14,1577.0,1.0,38.561880152,1577.0,1.0,False,-2.0477738942715136,-2.0205417478401686,-0.12750907238753972,12.463210979245778,1.0
